Customer_ID,Customer_Name,Gender,Age,Mobile_Number,State,City,Join_Date
1,Neha Verma,Female,35,9106885502,Rajasthan,Udaipur,2024-12-11
2,Sneha Singh,Male,18,9619610571,Karnataka,Bengaluru,2024-04-04
3,Rohit Patel,Male,36,9697470458,Uttar Pradesh,Noida,2024-07-30
4,Deepak Joshi,Female,18,9686897865,Karnataka,Bengaluru,2024-07-04
5,Aditya Mehta,Female,28,9558617695,Uttar Pradesh,Lucknow,2024-07-12
6,Aditya Gupta,Male,40,9368804738,Karnataka,Mysuru,2024-06-30
7,Nisha Mehta,Female,47,9002730454,Gujarat,Surat,2025-03-06
8,Rahul Joshi,Male,50,9511608618,Rajasthan,Kota,2024-01-30
9,Neha Mehta,Male,53,9565026125,Maharashtra,Nagpur,2024-08-28
10,Aditya Sharma,Female,52,9424652858,Uttar Pradesh,Lucknow,2024-06-19
11,Vikas Jain,Male,26,9705774602,Karnataka,Mysuru,2025-06-13
12,Nisha Patel,Female,50,9185395148,Karnataka,Bengaluru,2024-07-27
13,Neha Jain,Male,50,9138303493,Maharashtra,Mumbai,2024-11-20
14,Sneha Kumar,Male,52,9277604975,Rajasthan,Kota,2024-08-17
15,Rohit Joshi,Male,56,9975910575,Karnataka,Mysuru,2024-11-19
16,Priya Mehta,Female,30,9260668428,Maharashtra,Pune,2025-01-12
17,Pooja Verma,Female,50,9950609641,Rajasthan,Kota,2024-11-28
18,Kavya Yadav,Female,54,9953789450,Gujarat,Ahmedabad,2024-05-06
19,Riya Mehta,Male,48,9807825539,Rajasthan,Jaipur,2025-04-19
20,Aisha Yadav,Male,38,9631442656,Karnataka,Bengaluru,2024-01-14
21,Aman Singh,Male,35,9828347734,Delhi,New Delhi,2024-04-15
22,Aisha Kumar,Female,30,9816671096,Delhi,New Delhi,2025-06-13
23,Rohit Mehta,Male,30,9330331600,Maharashtra,Pune,2024-11-25
24,Aarav Sharma,Male,45,9424145380,Karnataka,Mysuru,2024-06-05
25,Anjali Jain,Male,50,9668361704,Delhi,New Delhi,2025-05-02
26,Rahul Patel,Male,47,9589078545,Uttar Pradesh,Lucknow,2025-02-03
27,Rahul Kumar,Male,55,9513626272,Rajasthan,Jaipur,2024-06-15
28,Sneha Sharma,Male,27,9376360021,Rajasthan,Kota,2024-04-02
29,Vivaan Gupta,Female,31,9336521045,Gujarat,Rajkot,2025-02-14
30,Anjali Sharma,Male,53,9113432809,Maharashtra,Nagpur,2024-09-26
31,Nisha Gupta,Female,58,9260945505,Delhi,New Delhi,2024-10-28
32,Vikas Patel,Female,46,9198361335,Rajasthan,Kota,2025-05-07
33,Nisha Kumar,Male,42,9040235212,Maharashtra,Nagpur,2024-04-13
34,Rahul Verma,Female,21,9452461948,Maharashtra,Nagpur,2024-05-02
35,Nisha Verma,Female,36,9473011917,Uttar Pradesh,Noida,2025-01-02
36,Aman Patel,Female,18,9633062128,Uttar Pradesh,Noida,2025-03-07
37,Vikas Yadav,Male,19,9196490834,Gujarat,Surat,2024-12-12
38,Rohit Yadav,Female,30,9637061220,Rajasthan,Udaipur,2024-03-05
39,Arjun Singh,Female,54,9685131708,Delhi,New Delhi,2024-02-01
40,Vivaan Patel,Male,21,9679652661,Gujarat,Ahmedabad,2024-02-14
41,Rohit Patel,Female,41,9864462888,Gujarat,Ahmedabad,2024-01-03
42,Aisha Patel,Male,47,9387054754,Karnataka,Mysuru,2024-07-22
43,Vivaan Gupta,Male,55,9175621913,Gujarat,Rajkot,2025-01-27
44,Deepak Verma,Female,51,9387559645,Gujarat,Rajkot,2025-05-07
45,Anjali Verma,Male,51,9250222628,Gujarat,Ahmedabad,2025-06-04
46,Aman Mehta,Male,48,9245873167,Uttar Pradesh,Noida,2024-11-22
47,Riya Jain,Male,38,9770105553,Rajasthan,Kota,2024-12-15
48,Anjali Sharma,Male,26,9737605245,Uttar Pradesh,Kanpur,2024-11-14
49,Aditya Gupta,Male,21,9182809786,Uttar Pradesh,Noida,2025-05-26
50,Priya Patel,Female,32,9567161586,Rajasthan,Jaipur,2024-07-19
51,Aditya Verma,Female,29,9311676706,Maharashtra,Mumbai,2024-04-06
52,Deepak Jain,Female,39,9551592107,Maharashtra,Pune,2025-05-27
53,Vivaan Singh,Female,38,9425975380,Maharashtra,Nagpur,2025-04-27
54,Priya Gupta,Male,48,9834237757,Gujarat,Rajkot,2025-04-02
55,Neha Jain,Female,23,9671956999,Delhi,New Delhi,2024-08-26
56,Aman Jain,Female,57,9493428361,Rajasthan,Kota,2024-03-05
57,Kavya Patel,Male,40,9922462274,Maharashtra,Nagpur,2024-08-25
58,Priya Yadav,Male,55,9904397022,Karnataka,Mysuru,2024-06-14
59,Vivaan Verma,Male,20,9531276218,Maharashtra,Nagpur,2024-02-21
60,Anjali Verma,Female,27,9342729560,Karnataka,Mysuru,2024-11-14
61,Riya Joshi,Male,54,9233478293,Delhi,New Delhi,2024-06-21
62,Sakshi Verma,Male,37,9207638396,Gujarat,Rajkot,2024-03-20
63,Neha Kumar,Female,35,9329330168,Maharashtra,Pune,2025-05-14
64,Aman Mehta,Female,50,9168417024,Rajasthan,Banswara,2024-05-10
65,Kavya Yadav,Male,49,9755135449,Delhi,New Delhi,2024-04-15
66,Karan Gupta,Female,46,9622325372,Rajasthan,Udaipur,2025-03-14
67,Vikas Patel,Female,54,9568603739,Maharashtra,Mumbai,2024-06-07
68,Karan Mehta,Female,18,9757030424,Karnataka,Bengaluru,2025-05-18
69,Aman Singh,Male,29,9468706964,Gujarat,Rajkot,2024-11-28
70,Aditya Singh,Female,59,9415264787,Gujarat,Rajkot,2024-02-11
71,Anjali Patel,Female,45,9318709952,Rajasthan,Udaipur,2024-08-15
72,Aditya Verma,Female,52,9743563893,Rajasthan,Udaipur,2024-02-05
73,Deepak Singh,Female,35,9742865232,Uttar Pradesh,Lucknow,2025-01-16
74,Anjali Gupta,Male,57,9700599096,Uttar Pradesh,Kanpur,2024-12-13
75,Rahul Patel,Male,37,9637943954,Uttar Pradesh,Noida,2024-09-17
76,Sakshi Gupta,Female,28,9778122605,Uttar Pradesh,Noida,2025-05-19
77,Priya Singh,Female,19,9332924362,Uttar Pradesh,Kanpur,2025-06-10
78,Vikas Singh,Male,22,9993230755,Delhi,New Delhi,2025-02-05
79,Nisha Verma,Female,59,9629625358,Delhi,New Delhi,2024-07-08
80,Sneha Mehta,Male,19,9709061212,Delhi,New Delhi,2024-07-13
81,Anjali Singh,Male,46,9001837582,Maharashtra,Nagpur,2024-06-17
82,Sakshi Mehta,Male,25,9617151279,Uttar Pradesh,Kanpur,2024-08-24
83,Rohit Singh,Male,33,9214941330,Karnataka,Mysuru,2025-01-16
84,Rahul Singh,Female,18,9141886355,Maharashtra,Pune,2024-08-02
85,Riya Mehta,Male,22,9011763880,Karnataka,Bengaluru,2024-12-21
86,Rohit Patel,Male,57,9944170148,Uttar Pradesh,Lucknow,2024-09-25
87,Kavya Gupta,Male,26,9729899488,Delhi,New Delhi,2025-05-24
88,Arjun Yadav,Male,30,9375117376,Uttar Pradesh,Lucknow,2025-02-02
89,Sneha Kumar,Female,60,9898081722,Maharashtra,Pune,2025-03-14
90,Kavya Verma,Female,26,9311994525,Gujarat,Rajkot,2025-03-23
91,Aditya Singh,Male,51,9656043478,Maharashtra,Mumbai,2025-04-12
92,Priya Singh,Male,50,9425241653,Rajasthan,Kota,2025-04-04
93,Aarav Yadav,Male,32,9762444037,Gujarat,Ahmedabad,2024-01-01
94,Karan Yadav,Male,45,9913720821,Rajasthan,Udaipur,2024-07-01
95,Nisha Kumar,Male,21,9137788526,Karnataka,Mysuru,2024-04-06
96,Aisha Yadav,Male,58,9695890822,Rajasthan,Udaipur,2024-10-26
97,Sakshi Sharma,Female,26,9597874213,Gujarat,Rajkot,2025-04-28
98,Sneha Verma,Male,41,9034760977,Uttar Pradesh,Lucknow,2024-07-30
99,Rahul Joshi,Female,40,9133038832,Delhi,New Delhi,2025-02-26
100,Aman Joshi,Male,18,9484610566,Maharashtra,Nagpur,2024-12-22
101,Pooja Mehta,Female,42,9221615300,Karnataka,Mysuru,2024-06-26
102,Rahul Singh,Female,60,9594924828,Karnataka,Mysuru,2024-02-10
103,Pooja Yadav,Female,19,9180514183,Maharashtra,Mumbai,2025-06-04
104,Aisha Mehta,Male,26,9445864928,Uttar Pradesh,Lucknow,2024-08-08
105,Kavya Jain,Male,19,9246970548,Karnataka,Bengaluru,2024-07-21
106,Rohit Gupta,Female,41,9585901925,Delhi,New Delhi,2024-07-14
107,Sneha Singh,Female,36,9889357956,Karnataka,Mysuru,2025-05-20
108,Vivaan Joshi,Male,42,9828471441,Delhi,New Delhi,2024-06-30
109,Karan Patel,Female,22,9351616072,Delhi,New Delhi,2024-03-02
110,Deepak Patel,Male,20,9082135083,Gujarat,Surat,2025-01-25
111,Aman Gupta,Male,26,9638149181,Maharashtra,Mumbai,2024-03-31
112,Rohit Mehta,Female,47,9003120633,Maharashtra,Nagpur,2024-03-25
113,Aisha Sharma,Female,47,9877412673,Maharashtra,Mumbai,2025-03-10
114,Deepak Singh,Female,38,9525106178,Maharashtra,Pune,2025-01-16
115,Sakshi Joshi,Male,53,9502666784,Maharashtra,Pune,2025-01-15
116,Sakshi Singh,Female,39,9614533138,Karnataka,Mysuru,2025-03-13
117,Vivaan Mehta,Male,46,9500704168,Uttar Pradesh,Lucknow,2024-11-30
118,Neha Patel,Male,27,9915583996,Gujarat,Surat,2024-11-12
119,Nisha Verma,Female,34,9264901139,Gujarat,Surat,2024-02-24
120,Rohit Jain,Male,38,9614008325,Gujarat,Rajkot,2024-10-05
121,Karan Gupta,Female,44,9974810640,Uttar Pradesh,Lucknow,2024-09-16
122,Aman Gupta,Female,42,9222954367,Delhi,New Delhi,2025-06-12
123,Neha Gupta,Male,21,9502702012,Maharashtra,Mumbai,2024-08-16
124,Kavya Patel,Male,32,9880098221,Uttar Pradesh,Noida,2024-08-15
125,Priya Mehta,Male,20,9175319665,Karnataka,Mysuru,2024-02-08
126,Aarav Kumar,Female,54,9874079856,Rajasthan,Jaipur,2024-11-19
127,Anjali Mehta,Female,53,9520602707,Maharashtra,Nagpur,2025-04-11
128,Deepak Patel,Female,58,9695978555,Uttar Pradesh,Kanpur,2024-10-28
129,Sneha Kumar,Female,51,9463929902,Karnataka,Mysuru,2024-04-09
130,Sakshi Yadav,Male,37,9591492845,Karnataka,Bengaluru,2025-05-01
131,Aditya Kumar,Female,27,9600961894,Maharashtra,Mumbai,2024-05-17
132,Priya Yadav,Female,23,9500795719,Karnataka,Mysuru,2024-08-08
133,Sneha Singh,Female,22,9496634215,Uttar Pradesh,Kanpur,2024-09-29
134,Aisha Yadav,Male,38,9127142096,Maharashtra,Mumbai,2025-05-16
135,Anjali Mehta,Female,22,9139456183,Rajasthan,Kota,2025-04-16
136,Arjun Mehta,Male,45,9567167432,Delhi,New Delhi,2025-05-29
137,Deepak Mehta,Female,18,9789847915,Delhi,New Delhi,2024-03-13
138,Neha Sharma,Male,19,9143381298,Karnataka,Bengaluru,2024-07-27
139,Kavya Verma,Female,38,9115721130,Uttar Pradesh,Kanpur,2024-12-12
140,Aman Sharma,Female,25,9351471139,Uttar Pradesh,Noida,2025-02-09
141,Aisha Jain,Male,23,9413934120,Delhi,New Delhi,2025-01-19
142,Riya Patel,Female,36,9569593727,Uttar Pradesh,Noida,2025-01-30
143,Sneha Sharma,Female,41,9944682316,Maharashtra,Mumbai,2024-05-21
144,Anjali Patel,Female,39,9937547437,Karnataka,Mysuru,2025-04-29
145,Rahul Yadav,Male,60,9938930923,Karnataka,Bengaluru,2025-03-07
146,Sakshi Sharma,Female,58,9524805535,Rajasthan,Jaipur,2025-02-26
147,Neha Gupta,Male,49,9094922411,Maharashtra,Pune,2025-05-09
148,Deepak Kumar,Female,28,9393790903,Uttar Pradesh,Kanpur,2025-03-12
149,Karan Sharma,Male,46,9142885636,Delhi,New Delhi,2024-09-08
150,Rahul Sharma,Female,51,9107490191,Maharashtra,Nagpur,2024-06-28
151,Vikas Patel,Female,35,9928505840,Uttar Pradesh,Kanpur,2024-05-22
152,Aarav Jain,Male,36,9216539239,Maharashtra,Nagpur,2025-01-27
153,Nisha Sharma,Female,20,9617036831,Uttar Pradesh,Noida,2025-03-31
154,Aman Joshi,Female,38,9429430713,Maharashtra,Pune,2024-04-07
155,Pooja Kumar,Female,45,9328023720,Rajasthan,Udaipur,2024-07-28
156,Rohit Joshi,Female,33,9391840037,Gujarat,Rajkot,2024-04-25
157,Pooja Sharma,Male,34,9237673810,Karnataka,Mysuru,2025-01-14
158,Vikas Verma,Male,34,9880623392,Karnataka,Bengaluru,2025-05-30
159,Riya Joshi,Female,40,9119571345,Gujarat,Ahmedabad,2024-05-14
160,Rahul Joshi,Female,46,9368017228,Karnataka,Mysuru,2025-05-07
161,Kavya Sharma,Female,21,9316084138,Rajasthan,Udaipur,2024-06-02
162,Arjun Mehta,Male,54,9896323536,Uttar Pradesh,Kanpur,2024-10-31
163,Arjun Patel,Male,29,9133211072,Karnataka,Bengaluru,2025-02-22
164,Aisha Mehta,Male,52,9600015572,Gujarat,Ahmedabad,2024-07-06
165,Vivaan Kumar,Female,30,9827655901,Delhi,New Delhi,2025-01-22
166,Pooja Patel,Female,39,9034445870,Maharashtra,Nagpur,2024-02-04
167,Arjun Sharma,Male,42,9851928125,Rajasthan,Banswara,2024-02-20
168,Priya Mehta,Male,55,9470777312,Maharashtra,Pune,2024-04-13
169,Arjun Patel,Female,40,9186461948,Karnataka,Mysuru,2024-07-08
170,Sakshi Jain,Male,20,9466769575,Gujarat,Surat,2024-06-20
171,Anjali Singh,Male,21,9053067565,Karnataka,Mysuru,2025-02-12
172,Deepak Kumar,Female,18,9932922978,Uttar Pradesh,Lucknow,2024-02-03
173,Pooja Kumar,Female,59,9410388957,Gujarat,Ahmedabad,2025-02-26
174,Neha Kumar,Male,20,9537085041,Delhi,New Delhi,2024-05-23
175,Riya Gupta,Male,26,9747047479,Rajasthan,Jaipur,2024-01-04
176,Deepak Patel,Male,19,9351463361,Uttar Pradesh,Lucknow,2025-03-29
177,Rahul Jain,Male,46,9328229160,Maharashtra,Nagpur,2024-08-27
178,Neha Sharma,Male,26,9433484840,Rajasthan,Udaipur,2025-06-10
179,Karan Singh,Male,35,9607848109,Karnataka,Mysuru,2024-09-13
180,Aarav Verma,Male,60,9461262900,Delhi,New Delhi,2025-05-22
181,Neha Yadav,Male,47,9077660631,Rajasthan,Kota,2024-10-16
182,Deepak Gupta,Female,33,9554265201,Gujarat,Ahmedabad,2025-02-26
183,Anjali Joshi,Male,52,9160628607,Uttar Pradesh,Lucknow,2024-08-13
184,Aarav Verma,Female,18,9334645783,Uttar Pradesh,Kanpur,2025-02-13
185,Riya Jain,Female,47,9999702620,Uttar Pradesh,Noida,2025-04-09
186,Arjun Yadav,Female,55,9900313155,Rajasthan,Udaipur,2024-09-10
187,Neha Verma,Female,33,9691723203,Delhi,New Delhi,2025-02-21
188,Riya Joshi,Female,60,9139968470,Karnataka,Mysuru,2025-05-26
189,Aman Yadav,Female,38,9229074744,Uttar Pradesh,Noida,2025-04-16
190,Vivaan Singh,Male,30,9425642805,Rajasthan,Banswara,2025-06-22
191,Rohit Sharma,Female,44,9474712422,Maharashtra,Mumbai,2025-01-03
192,Neha Gupta,Male,29,9066513393,Uttar Pradesh,Noida,2024-10-26
193,Priya Verma,Male,26,9261727196,Gujarat,Surat,2024-03-01
194,Aisha Mehta,Male,53,9734449837,Uttar Pradesh,Noida,2024-03-15
195,Kavya Singh,Female,40,9256452846,Gujarat,Ahmedabad,2025-04-21
196,Rahul Yadav,Female,22,9240463995,Maharashtra,Nagpur,2024-04-24
197,Deepak Singh,Male,22,9169362106,Gujarat,Ahmedabad,2024-06-25
198,Rahul Jain,Female,24,9616497447,Maharashtra,Mumbai,2025-04-27
199,Aarav Kumar,Male,52,9814009823,Maharashtra,Pune,2024-12-23
200,Arjun Mehta,Male,54,9947608743,Karnataka,Mysuru,2024-03-17
201,Aarav Mehta,Female,39,9039137005,Karnataka,Mysuru,2025-01-16
202,Nisha Yadav,Male,57,9436971328,Delhi,New Delhi,2025-02-02
203,Aditya Joshi,Female,60,9954324682,Uttar Pradesh,Noida,2024-02-20
204,Karan Joshi,Female,47,9096007613,Uttar Pradesh,Lucknow,2024-10-18
205,Priya Jain,Male,21,9135180794,Rajasthan,Udaipur,2024-12-11
206,Deepak Jain,Male,53,9359980027,Delhi,New Delhi,2024-07-05
207,Aman Joshi,Male,40,9094302407,Karnataka,Mysuru,2024-03-03
208,Nisha Sharma,Female,39,9116078411,Gujarat,Ahmedabad,2024-04-16
209,Nisha Yadav,Male,59,9833341138,Maharashtra,Nagpur,2024-07-25
210,Sakshi Jain,Male,20,9983802780,Karnataka,Mysuru,2024-09-02
211,Aditya Verma,Female,46,9982265504,Delhi,New Delhi,2024-09-25
212,Aisha Kumar,Male,49,9717980154,Rajasthan,Banswara,2025-05-25
213,Sakshi Singh,Male,38,9271243239,Delhi,New Delhi,2024-08-08
214,Pooja Verma,Female,31,9447820972,Delhi,New Delhi,2025-06-02
215,Neha Jain,Male,26,9762485067,Maharashtra,Nagpur,2024-03-24
216,Neha Sharma,Female,29,9720251294,Karnataka,Bengaluru,2025-04-28
217,Rahul Gupta,Female,51,9975100527,Gujarat,Rajkot,2025-03-30
218,Aisha Mehta,Male,24,9637568906,Karnataka,Mysuru,2024-11-07
219,Sneha Mehta,Female,22,9854997282,Karnataka,Bengaluru,2025-06-20
220,Pooja Yadav,Female,56,9561785072,Karnataka,Mysuru,2025-03-25
221,Rahul Joshi,Female,22,9503876660,Delhi,New Delhi,2024-04-19
222,Aman Joshi,Female,47,9777678104,Gujarat,Rajkot,2024-09-01
223,Priya Gupta,Female,58,9648470571,Gujarat,Ahmedabad,2024-11-15
224,Deepak Jain,Female,20,9395069958,Delhi,New Delhi,2024-09-21
225,Pooja Patel,Male,53,9024132064,Gujarat,Rajkot,2024-05-08
226,Anjali Verma,Male,42,9631248949,Maharashtra,Nagpur,2024-03-25
227,Aarav Joshi,Female,55,9461021139,Uttar Pradesh,Kanpur,2025-05-17
228,Pooja Joshi,Male,26,9412202511,Uttar Pradesh,Lucknow,2025-06-22
229,Karan Patel,Male,40,9086596231,Gujarat,Rajkot,2024-08-14
230,Rohit Jain,Female,57,9177133206,Delhi,New Delhi,2024-08-30
231,Vikas Singh,Female,47,9663233501,Delhi,New Delhi,2024-03-07
232,Riya Gupta,Male,32,9768388889,Rajasthan,Jaipur,2025-04-20
233,Neha Verma,Male,40,9449329045,Delhi,New Delhi,2024-04-10
234,Aarav Singh,Female,45,9985518876,Karnataka,Mysuru,2024-02-03
235,Priya Verma,Male,27,9111469604,Uttar Pradesh,Kanpur,2024-09-24
236,Arjun Verma,Male,43,9325687785,Maharashtra,Nagpur,2025-04-27
237,Kavya Gupta,Female,45,9485548372,Delhi,New Delhi,2024-05-23
238,Sakshi Singh,Female,58,9426151784,Gujarat,Surat,2024-11-11
239,Vivaan Yadav,Female,31,9243955755,Delhi,New Delhi,2024-05-05
240,Priya Sharma,Male,30,9014701035,Rajasthan,Udaipur,2025-03-24
241,Rohit Jain,Male,20,9108754915,Uttar Pradesh,Noida,2024-12-05
242,Nisha Mehta,Male,36,9710848470,Maharashtra,Mumbai,2024-01-06
243,Rahul Kumar,Female,25,9863832984,Maharashtra,Pune,2024-04-14
244,Arjun Joshi,Female,20,9687649977,Gujarat,Rajkot,2024-01-16
245,Arjun Yadav,Male,19,9138634630,Karnataka,Bengaluru,2024-09-03
246,Arjun Yadav,Female,47,9476038549,Delhi,New Delhi,2024-06-30
247,Pooja Singh,Male,52,9907502900,Gujarat,Rajkot,2024-05-08
248,Nisha Mehta,Female,35,9462502127,Gujarat,Ahmedabad,2025-06-22
249,Riya Jain,Female,36,9280005256,Rajasthan,Udaipur,2025-06-02
250,Aditya Jain,Female,22,9628520686,Delhi,New Delhi,2024-03-12
251,Kavya Mehta,Male,37,9395558723,Gujarat,Surat,2024-09-25
252,Kavya Patel,Female,19,9943982484,Gujarat,Ahmedabad,2024-12-21
253,Aman Jain,Male,28,9350884141,Maharashtra,Pune,2024-04-08
254,Sneha Singh,Male,21,9411378737,Delhi,New Delhi,2025-03-25
255,Neha Sharma,Male,23,9215755800,Uttar Pradesh,Noida,2024-08-25
256,Riya Joshi,Male,30,9904321206,Maharashtra,Pune,2024-12-31
257,Arjun Singh,Female,49,9810605852,Gujarat,Ahmedabad,2024-11-04
258,Priya Gupta,Male,33,9060748717,Uttar Pradesh,Noida,2024-08-16
259,Aditya Joshi,Female,25,9114554907,Gujarat,Ahmedabad,2024-06-09
260,Aditya Sharma,Female,43,9751965542,Gujarat,Rajkot,2024-01-07
261,Priya Mehta,Female,34,9463610503,Uttar Pradesh,Noida,2025-05-25
262,Aisha Joshi,Male,39,9210280140,Rajasthan,Kota,2024-08-08
263,Anjali Patel,Male,35,9802417038,Delhi,New Delhi,2024-02-07
264,Aisha Verma,Female,36,9437995225,Rajasthan,Banswara,2024-07-08
265,Anjali Singh,Male,47,9251504706,Karnataka,Mysuru,2024-07-08
266,Aditya Jain,Female,31,9952952542,Gujarat,Rajkot,2024-09-06
267,Vikas Gupta,Female,36,9275620144,Maharashtra,Nagpur,2024-06-29
268,Neha Kumar,Female,18,9372075561,Karnataka,Mysuru,2024-07-11
269,Rahul Gupta,Male,60,9283180743,Delhi,New Delhi,2024-10-22
270,Sneha Gupta,Female,47,9267477377,Maharashtra,Nagpur,2024-05-01
271,Pooja Verma,Male,20,9064597378,Delhi,New Delhi,2025-05-18
272,Aisha Singh,Male,40,9872743767,Rajasthan,Kota,2024-05-30
273,Pooja Yadav,Male,40,9722995587,Gujarat,Rajkot,2024-09-06
274,Pooja Kumar,Female,57,9847393804,Delhi,New Delhi,2024-10-29
275,Nisha Sharma,Male,56,9031294606,Rajasthan,Kota,2024-03-22
276,Nisha Joshi,Female,30,9277637985,Uttar Pradesh,Noida,2024-09-26
277,Aditya Gupta,Male,47,9830571202,Maharashtra,Mumbai,2024-11-17
278,Aditya Sharma,Female,35,9661015292,Rajasthan,Jaipur,2024-11-10
279,Nisha Joshi,Female,47,9752165671,Gujarat,Ahmedabad,2024-07-03
280,Priya Mehta,Female,34,9046875448,Rajasthan,Kota,2024-08-14
281,Vivaan Singh,Male,28,9773947488,Karnataka,Bengaluru,2024-05-08
282,Nisha Gupta,Female,24,9939508049,Gujarat,Ahmedabad,2025-06-08
283,Rohit Sharma,Male,53,9177659997,Rajasthan,Banswara,2024-02-18
284,Karan Singh,Male,54,9439754281,Delhi,New Delhi,2025-01-06
285,Aditya Mehta,Male,47,9702615247,Karnataka,Mysuru,2024-04-30
286,Vikas Sharma,Female,60,9787526941,Maharashtra,Pune,2024-08-09
287,Nisha Yadav,Male,26,9246086591,Uttar Pradesh,Lucknow,2024-08-09
288,Sneha Singh,Female,22,9952766357,Karnataka,Mysuru,2025-01-02
289,Sakshi Patel,Male,27,9112309604,Karnataka,Bengaluru,2024-05-07
290,Rahul Patel,Male,22,9586442559,Karnataka,Bengaluru,2024-11-26
291,Pooja Gupta,Male,29,9379761922,Rajasthan,Jaipur,2025-01-02
292,Arjun Patel,Male,51,9023417379,Karnataka,Bengaluru,2024-09-15
293,Pooja Mehta,Female,24,9258700336,Rajasthan,Udaipur,2024-06-16
294,Vikas Sharma,Female,49,9920049078,Karnataka,Mysuru,2025-05-05
295,Sneha Sharma,Female,28,9999284927,Maharashtra,Mumbai,2024-11-08
296,Aditya Singh,Male,44,9019747233,Maharashtra,Pune,2025-04-10
297,Rohit Singh,Female,30,9376315192,Karnataka,Bengaluru,2024-12-23
298,Aman Joshi,Female,40,9732940416,Karnataka,Mysuru,2024-02-18
299,Aman Jain,Male,29,9635283469,Delhi,New Delhi,2024-07-24
300,Aditya Mehta,Female,27,9133380472,Karnataka,Mysuru,2024-01-22
301,Sneha Jain,Female,22,9296714851,Delhi,New Delhi,2025-05-15
302,Sakshi Kumar,Female,57,9562894953,Karnataka,Bengaluru,2025-01-24
303,Rahul Jain,Male,52,9577171320,Delhi,New Delhi,2025-04-14
304,Vikas Joshi,Male,56,9932229152,Gujarat,Rajkot,2025-04-06
305,Sakshi Patel,Male,40,9381591960,Uttar Pradesh,Kanpur,2025-01-26
306,Nisha Jain,Female,23,9075776102,Karnataka,Mysuru,2024-01-19
307,Sneha Joshi,Male,49,9889670404,Rajasthan,Kota,2024-11-07
308,Rahul Sharma,Female,36,9475794608,Karnataka,Mysuru,2025-05-02
309,Arjun Gupta,Male,37,9817809333,Maharashtra,Pune,2024-06-19
310,Aisha Sharma,Female,46,9694884172,Gujarat,Ahmedabad,2025-06-11
311,Anjali Gupta,Female,50,9088910984,Rajasthan,Jaipur,2024-02-23
312,Deepak Joshi,Male,25,9543145054,Rajasthan,Udaipur,2024-05-12
313,Vikas Patel,Female,20,9800961650,Gujarat,Surat,2025-05-17
314,Aarav Yadav,Male,58,9866735739,Gujarat,Surat,2024-01-05
315,Aman Jain,Male,26,9003326240,Rajasthan,Jaipur,2024-02-21
316,Nisha Yadav,Male,26,9300088175,Maharashtra,Nagpur,2025-06-21
317,Aarav Sharma,Male,23,9798940878,Maharashtra,Mumbai,2024-05-20
318,Karan Kumar,Female,36,9928592346,Delhi,New Delhi,2024-09-25
319,Rahul Kumar,Male,54,9667839297,Delhi,New Delhi,2024-01-22
320,Karan Joshi,Female,47,9458270191,Delhi,New Delhi,2025-05-09
321,Pooja Sharma,Male,41,9128264250,Gujarat,Ahmedabad,2024-05-07
322,Karan Gupta,Male,49,9937714250,Gujarat,Surat,2024-04-10
323,Rohit Sharma,Female,41,9728587992,Maharashtra,Mumbai,2024-11-11
324,Neha Singh,Male,24,9284719414,Gujarat,Ahmedabad,2025-03-24
325,Sneha Yadav,Male,18,9168592745,Delhi,New Delhi,2024-01-27
326,Rahul Sharma,Male,34,9197740303,Uttar Pradesh,Noida,2024-04-01
327,Priya Jain,Male,34,9460151167,Delhi,New Delhi,2024-06-29
328,Nisha Yadav,Male,55,9815122225,Gujarat,Surat,2025-06-20
329,Deepak Jain,Female,56,9099330987,Karnataka,Bengaluru,2025-03-10
330,Vivaan Jain,Female,27,9465492357,Karnataka,Bengaluru,2024-08-29
331,Aman Patel,Male,57,9332091797,Uttar Pradesh,Lucknow,2024-03-17
332,Neha Singh,Male,52,9202226636,Gujarat,Surat,2024-05-07
333,Vivaan Singh,Male,42,9290897249,Rajasthan,Udaipur,2024-12-05
334,Karan Gupta,Female,29,9166092700,Uttar Pradesh,Lucknow,2024-03-25
335,Rahul Verma,Female,43,9695324234,Delhi,New Delhi,2024-04-03
336,Sneha Verma,Female,34,9150995625,Gujarat,Ahmedabad,2025-02-05
337,Aman Sharma,Female,49,9017580399,Rajasthan,Udaipur,2024-04-29
338,Priya Yadav,Female,43,9697857279,Maharashtra,Nagpur,2024-05-01
339,Karan Gupta,Male,60,9815456978,Karnataka,Mysuru,2024-01-03
340,Kavya Kumar,Female,19,9203639831,Maharashtra,Pune,2024-10-25
341,Aarav Patel,Male,21,9456648074,Rajasthan,Kota,2025-02-26
342,Priya Sharma,Male,24,9507344837,Delhi,New Delhi,2025-01-18
343,Aarav Gupta,Female,31,9885473945,Delhi,New Delhi,2024-09-07
344,Priya Singh,Female,31,9214630015,Delhi,New Delhi,2024-06-05
345,Deepak Joshi,Female,40,9117666179,Gujarat,Ahmedabad,2025-03-06
346,Aman Verma,Male,46,9090787075,Maharashtra,Nagpur,2024-12-13
347,Kavya Singh,Male,44,9119324503,Rajasthan,Udaipur,2024-03-05
348,Vivaan Kumar,Male,46,9980274747,Maharashtra,Pune,2025-03-23
349,Neha Joshi,Male,32,9429188333,Delhi,New Delhi,2024-02-19
350,Anjali Mehta,Female,45,9864139180,Rajasthan,Kota,2025-01-21
351,Neha Patel,Female,26,9258992944,Rajasthan,Kota,2024-08-18
352,Vikas Yadav,Male,37,9275991720,Uttar Pradesh,Kanpur,2025-02-21
353,Vivaan Yadav,Male,27,9350381631,Rajasthan,Jaipur,2024-04-17
354,Sakshi Singh,Female,59,9125652895,Uttar Pradesh,Noida,2025-01-12
355,Kavya Mehta,Female,22,9035310932,Gujarat,Rajkot,2024-11-27
356,Rahul Joshi,Male,37,9038229250,Gujarat,Rajkot,2025-02-06
357,Aarav Jain,Female,59,9433117525,Uttar Pradesh,Lucknow,2025-06-07
358,Riya Mehta,Male,41,9310183483,Rajasthan,Banswara,2024-05-13
359,Arjun Patel,Male,47,9711500409,Rajasthan,Banswara,2024-09-05
360,Arjun Sharma,Female,39,9438688342,Uttar Pradesh,Lucknow,2024-04-26
361,Kavya Patel,Female,47,9337999949,Maharashtra,Mumbai,2024-06-09
362,Aman Sharma,Male,32,9842745860,Gujarat,Rajkot,2024-01-21
363,Vikas Mehta,Male,54,9459492407,Maharashtra,Mumbai,2024-05-07
364,Arjun Verma,Male,28,9202153347,Rajasthan,Udaipur,2025-05-05
365,Nisha Patel,Male,49,9580483259,Rajasthan,Kota,2024-12-06
366,Rohit Yadav,Male,34,9467187971,Gujarat,Rajkot,2024-03-09
367,Arjun Kumar,Female,50,9921784997,Gujarat,Ahmedabad,2024-09-05
368,Aarav Yadav,Male,50,9210645010,Karnataka,Mysuru,2025-03-21
369,Neha Mehta,Female,53,9154346170,Uttar Pradesh,Kanpur,2024-06-06
370,Vikas Joshi,Male,48,9590666945,Gujarat,Ahmedabad,2024-01-04
371,Aisha Yadav,Male,48,9745578177,Rajasthan,Banswara,2025-05-28
372,Sneha Singh,Female,31,9406992589,Karnataka,Bengaluru,2025-06-04
373,Sakshi Yadav,Male,36,9554817839,Rajasthan,Banswara,2024-06-16
374,Priya Joshi,Male,32,9436893913,Karnataka,Mysuru,2024-11-30
375,Deepak Yadav,Female,54,9163573403,Gujarat,Rajkot,2024-06-15
376,Aarav Mehta,Male,55,9693923437,Maharashtra,Nagpur,2024-12-08
377,Arjun Kumar,Female,47,9770943619,Gujarat,Surat,2024-07-30
378,Pooja Jain,Female,20,9840145208,Delhi,New Delhi,2025-03-02
379,Rohit Gupta,Male,58,9098203859,Rajasthan,Kota,2024-04-13
380,Sneha Sharma,Female,29,9143636952,Karnataka,Bengaluru,2024-05-31
381,Vivaan Mehta,Female,48,9576037144,Gujarat,Rajkot,2024-06-19
382,Sneha Joshi,Female,43,9674917209,Maharashtra,Pune,2024-12-30
383,Kavya Mehta,Male,22,9561755228,Uttar Pradesh,Noida,2024-10-17
384,Rahul Verma,Male,26,9355871359,Karnataka,Bengaluru,2024-03-29
385,Aditya Joshi,Male,21,9002056836,Karnataka,Mysuru,2024-04-29
386,Arjun Jain,Female,39,9117535337,Rajasthan,Jaipur,2024-06-22
387,Sneha Singh,Female,60,9500171841,Maharashtra,Nagpur,2025-03-29
388,Vikas Singh,Male,56,9138687781,Rajasthan,Jaipur,2024-08-16
389,Rahul Jain,Female,19,9669583298,Karnataka,Mysuru,2024-03-27
390,Nisha Mehta,Male,33,9341147518,Delhi,New Delhi,2025-02-04
391,Vivaan Joshi,Female,56,9298642991,Maharashtra,Mumbai,2024-09-11
392,Riya Sharma,Male,40,9856898712,Delhi,New Delhi,2024-01-23
393,Aman Jain,Male,58,9915699574,Karnataka,Mysuru,2024-01-13
394,Aditya Yadav,Female,46,9901312844,Maharashtra,Mumbai,2025-05-21
395,Vikas Jain,Female,48,9726082021,Rajasthan,Udaipur,2024-07-05
396,Vikas Patel,Female,25,9999144930,Karnataka,Mysuru,2024-10-30
397,Aman Yadav,Female,24,9211969259,Uttar Pradesh,Noida,2025-02-20
398,Kavya Jain,Male,48,9560023269,Delhi,New Delhi,2024-07-09
399,Pooja Yadav,Female,58,9917959674,Uttar Pradesh,Kanpur,2024-04-11
400,Aarav Singh,Male,53,9213947463,Rajasthan,Udaipur,2024-08-18
401,Aarav Mehta,Female,41,9562786642,Delhi,New Delhi,2024-05-22
402,Sneha Mehta,Female,42,9904022966,Uttar Pradesh,Kanpur,2025-05-28
403,Aman Joshi,Male,54,9016061299,Uttar Pradesh,Noida,2025-01-27
404,Aarav Singh,Male,51,9811129815,Uttar Pradesh,Noida,2024-12-29
405,Vivaan Patel,Male,42,9255614140,Karnataka,Mysuru,2025-04-15
406,Rahul Mehta,Female,50,9684755055,Gujarat,Ahmedabad,2024-01-31
407,Aditya Gupta,Female,47,9188312709,Maharashtra,Pune,2024-06-08
408,Priya Gupta,Female,39,9089561043,Gujarat,Rajkot,2024-08-13
409,Neha Kumar,Female,60,9111477108,Rajasthan,Kota,2024-03-19
410,Sneha Sharma,Female,49,9309142446,Uttar Pradesh,Kanpur,2024-04-13
411,Riya Verma,Female,35,9293965350,Rajasthan,Jaipur,2025-04-30
412,Pooja Sharma,Male,22,9254463751,Karnataka,Mysuru,2024-08-09
413,Aditya Verma,Male,41,9978684456,Karnataka,Mysuru,2024-08-30
414,Aarav Sharma,Male,53,9877582014,Maharashtra,Mumbai,2024-11-12
415,Arjun Jain,Male,42,9768745627,Karnataka,Mysuru,2024-10-26
416,Aisha Yadav,Male,31,9688007599,Uttar Pradesh,Lucknow,2025-01-13
417,Rahul Kumar,Female,60,9690300544,Karnataka,Mysuru,2024-06-14
418,Kavya Patel,Male,19,9031329394,Gujarat,Ahmedabad,2024-01-03
419,Karan Verma,Female,57,9513888944,Rajasthan,Kota,2025-04-28
420,Arjun Verma,Female,44,9948906404,Uttar Pradesh,Lucknow,2024-05-19
421,Anjali Sharma,Female,48,9707074821,Rajasthan,Banswara,2025-04-20
422,Sneha Singh,Female,21,9273745598,Karnataka,Mysuru,2025-05-02
423,Pooja Patel,Female,44,9795142209,Delhi,New Delhi,2024-09-15
424,Sneha Kumar,Female,49,9790305989,Rajasthan,Udaipur,2024-12-09
425,Aman Patel,Male,58,9670509563,Karnataka,Mysuru,2024-11-27
426,Aarav Mehta,Female,37,9047485701,Uttar Pradesh,Kanpur,2024-03-05
427,Rahul Yadav,Female,33,9315990930,Maharashtra,Mumbai,2024-01-14
428,Deepak Jain,Male,26,9693701697,Karnataka,Mysuru,2025-04-14
429,Aman Joshi,Male,21,9448664275,Karnataka,Bengaluru,2024-12-18
430,Rahul Yadav,Male,54,9399244970,Maharashtra,Mumbai,2024-07-26
431,Karan Singh,Male,44,9128386939,Maharashtra,Nagpur,2025-03-13
432,Aman Verma,Female,51,9758757619,Rajasthan,Udaipur,2025-02-15
433,Aditya Patel,Male,36,9590824025,Karnataka,Bengaluru,2024-04-07
434,Aman Kumar,Female,21,9367450313,Karnataka,Mysuru,2025-01-10
435,Rahul Patel,Male,33,9430867335,Rajasthan,Banswara,2024-03-18
436,Vikas Gupta,Male,51,9540156999,Karnataka,Mysuru,2025-03-23
437,Neha Joshi,Female,33,9204090202,Uttar Pradesh,Noida,2024-06-18
438,Aman Verma,Male,35,9327115361,Maharashtra,Nagpur,2025-06-13
439,Riya Jain,Male,40,9226758965,Gujarat,Ahmedabad,2024-09-25
440,Arjun Joshi,Female,24,9195902225,Rajasthan,Banswara,2024-03-16
441,Vikas Patel,Female,58,9502387807,Uttar Pradesh,Noida,2024-03-17
442,Neha Kumar,Female,40,9919914942,Uttar Pradesh,Kanpur,2024-04-30
443,Aarav Patel,Female,43,9145706496,Gujarat,Rajkot,2024-07-15
444,Nisha Kumar,Female,42,9697743368,Gujarat,Rajkot,2024-09-02
445,Rohit Gupta,Male,54,9674046469,Maharashtra,Nagpur,2024-04-07
446,Vivaan Sharma,Female,38,9153416257,Delhi,New Delhi,2025-02-23
447,Deepak Verma,Female,48,9819277670,Karnataka,Mysuru,2024-12-16
448,Anjali Kumar,Female,32,9874428783,Maharashtra,Mumbai,2024-11-02
449,Rohit Joshi,Female,30,9325078136,Uttar Pradesh,Noida,2024-06-20
450,Anjali Yadav,Female,44,9206678509,Delhi,New Delhi,2024-07-16
451,Rahul Verma,Female,35,9124755847,Rajasthan,Kota,2025-06-21
452,Riya Sharma,Female,28,9930820608,Maharashtra,Mumbai,2025-02-07
453,Aman Verma,Female,32,9386085773,Rajasthan,Kota,2024-02-27
454,Pooja Yadav,Male,39,9908718819,Karnataka,Bengaluru,2024-05-24
455,Rohit Kumar,Male,47,9474164368,Maharashtra,Pune,2025-01-19
456,Aisha Singh,Female,37,9981700385,Rajasthan,Jaipur,2024-01-14
457,Vivaan Patel,Male,56,9859153474,Gujarat,Ahmedabad,2024-07-28
458,Aisha Mehta,Male,60,9597915580,Rajasthan,Jaipur,2024-05-06
459,Priya Yadav,Male,50,9461209005,Maharashtra,Mumbai,2024-06-22
460,Kavya Verma,Male,57,9130078264,Uttar Pradesh,Kanpur,2024-12-12
461,Aditya Gupta,Female,39,9611529567,Delhi,New Delhi,2025-05-04
462,Aisha Jain,Female,59,9113893799,Delhi,New Delhi,2024-12-31
463,Anjali Gupta,Male,20,9078101948,Gujarat,Ahmedabad,2024-04-11
464,Riya Verma,Female,28,9262926646,Rajasthan,Udaipur,2024-12-06
465,Karan Kumar,Female,29,9859388758,Delhi,New Delhi,2024-05-24
466,Arjun Sharma,Female,56,9830135677,Uttar Pradesh,Noida,2024-05-17
467,Arjun Singh,Male,22,9392704857,Karnataka,Mysuru,2024-11-02
468,Sneha Verma,Male,49,9931639157,Gujarat,Ahmedabad,2024-09-10
469,Sakshi Singh,Male,18,9495460368,Rajasthan,Kota,2024-05-11
470,Sneha Sharma,Male,18,9673257301,Rajasthan,Udaipur,2024-06-04
471,Aditya Singh,Female,36,9757070491,Maharashtra,Pune,2024-04-11
472,Rohit Yadav,Female,44,9828671810,Delhi,New Delhi,2025-05-13
473,Riya Sharma,Male,35,9446358413,Karnataka,Bengaluru,2025-05-05
474,Arjun Yadav,Female,44,9384775748,Rajasthan,Banswara,2024-02-01
475,Aisha Verma,Male,58,9943885230,Gujarat,Surat,2024-10-23
476,Sakshi Yadav,Female,47,9674349350,Delhi,New Delhi,2024-10-21
477,Aman Sharma,Male,60,9973521743,Karnataka,Bengaluru,2024-09-20
478,Sneha Jain,Female,28,9811986318,Delhi,New Delhi,2024-07-25
479,Aarav Singh,Female,35,9235896654,Uttar Pradesh,Noida,2025-04-05
480,Aisha Kumar,Male,51,9690760955,Karnataka,Mysuru,2024-07-14
481,Arjun Singh,Male,19,9309168327,Delhi,New Delhi,2024-03-04
482,Aarav Verma,Female,58,9008447192,Rajasthan,Banswara,2025-01-31
483,Kavya Sharma,Female,47,9807894339,Gujarat,Surat,2024-07-18
484,Kavya Joshi,Male,22,9483077517,Uttar Pradesh,Lucknow,2024-10-03
485,Sakshi Patel,Female,54,9988352626,Karnataka,Mysuru,2024-04-08
486,Riya Jain,Female,24,9426094026,Gujarat,Surat,2025-04-24
487,Anjali Mehta,Male,20,9844614321,Maharashtra,Nagpur,2024-09-20
488,Sakshi Gupta,Male,33,9542415883,Maharashtra,Mumbai,2025-06-18
489,Sneha Gupta,Female,39,9861687009,Maharashtra,Nagpur,2025-04-12
490,Arjun Yadav,Female,51,9962619933,Uttar Pradesh,Kanpur,2024-10-31
491,Pooja Jain,Male,34,9647959347,Rajasthan,Udaipur,2024-05-27
492,Arjun Singh,Female,21,9334109774,Maharashtra,Nagpur,2024-07-25
493,Vivaan Patel,Female,56,9464491439,Maharashtra,Pune,2024-07-05
494,Karan Verma,Female,19,9579804455,Delhi,New Delhi,2024-10-22
495,Arjun Verma,Male,57,9606006236,Rajasthan,Banswara,2024-06-12
496,Sneha Jain,Male,22,9356738827,Karnataka,Bengaluru,2025-05-03
497,Nisha Jain,Male,36,9214133289,Karnataka,Bengaluru,2024-02-11
498,Karan Verma,Female,35,9729784777,Delhi,New Delhi,2024-10-09
499,Kavya Jain,Male,60,9298379888,Karnataka,Mysuru,2024-02-28
500,Rahul Verma,Male,19,9868366939,Rajasthan,Udaipur,2024-03-23
501,Priya Mehta,Male,27,9112382769,Delhi,New Delhi,2025-05-01
502,Kavya Sharma,Female,21,9755005889,Rajasthan,Banswara,2024-04-24
503,Pooja Verma,Male,19,9863985288,Maharashtra,Nagpur,2024-04-29
504,Rahul Jain,Female,19,9965343243,Uttar Pradesh,Lucknow,2024-05-07
505,Nisha Jain,Male,27,9968887497,Gujarat,Ahmedabad,2025-02-05
506,Aisha Patel,Female,23,9467043801,Rajasthan,Kota,2024-08-04
507,Aisha Jain,Male,56,9197887441,Rajasthan,Udaipur,2024-12-05
508,Kavya Jain,Male,19,9450854378,Delhi,New Delhi,2025-03-06
509,Vikas Patel,Male,47,9729137545,Delhi,New Delhi,2025-01-05
510,Vikas Yadav,Male,45,9197777128,Delhi,New Delhi,2024-04-28
511,Aarav Sharma,Male,26,9706367344,Uttar Pradesh,Kanpur,2024-12-31
512,Aisha Joshi,Male,54,9114087788,Karnataka,Mysuru,2024-01-03
513,Priya Mehta,Male,45,9110080523,Delhi,New Delhi,2025-06-19
514,Sakshi Gupta,Female,51,9158423038,Rajasthan,Udaipur,2024-01-25
515,Karan Sharma,Female,43,9589125924,Maharashtra,Nagpur,2024-11-11
516,Sakshi Gupta,Female,60,9145892366,Rajasthan,Banswara,2024-11-10
517,Kavya Mehta,Female,23,9410822599,Rajasthan,Banswara,2025-05-29
518,Neha Yadav,Male,43,9573113804,Maharashtra,Pune,2024-10-19
519,Karan Joshi,Male,19,9345123669,Rajasthan,Udaipur,2024-06-17
520,Vivaan Patel,Male,56,9804359207,Karnataka,Mysuru,2025-06-14
521,Vikas Kumar,Male,50,9179329287,Rajasthan,Banswara,2024-12-21
522,Riya Kumar,Female,56,9307871021,Karnataka,Bengaluru,2025-02-01
523,Neha Verma,Female,28,9021407945,Karnataka,Bengaluru,2024-07-06
524,Aarav Singh,Male,19,9597049145,Rajasthan,Jaipur,2024-01-29
525,Neha Joshi,Female,32,9263506416,Delhi,New Delhi,2024-12-30
526,Vivaan Joshi,Male,29,9161673504,Gujarat,Ahmedabad,2025-03-15
527,Aditya Joshi,Male,59,9699743468,Uttar Pradesh,Lucknow,2025-02-22
528,Aarav Jain,Male,46,9303513026,Rajasthan,Banswara,2025-06-06
529,Priya Mehta,Female,24,9096401317,Gujarat,Ahmedabad,2024-05-30
530,Sakshi Patel,Female,38,9630504023,Uttar Pradesh,Kanpur,2024-09-08
531,Arjun Kumar,Male,47,9521067935,Uttar Pradesh,Noida,2024-12-31
532,Vikas Gupta,Female,42,9594028121,Delhi,New Delhi,2025-04-09
533,Nisha Verma,Female,42,9197912675,Uttar Pradesh,Lucknow,2024-12-09
534,Aditya Yadav,Female,52,9031786602,Uttar Pradesh,Kanpur,2025-04-10
535,Sneha Jain,Female,23,9758566240,Karnataka,Mysuru,2024-08-27
536,Aditya Yadav,Female,19,9035065086,Karnataka,Mysuru,2025-01-22
537,Riya Joshi,Male,36,9380772781,Uttar Pradesh,Noida,2024-06-12
538,Anjali Kumar,Female,39,9056875319,Rajasthan,Jaipur,2024-09-14
539,Aditya Mehta,Female,54,9802575888,Delhi,New Delhi,2024-04-12
540,Rahul Joshi,Female,41,9783652481,Gujarat,Surat,2025-03-05
541,Rahul Jain,Female,55,9144034629,Gujarat,Surat,2024-11-24
542,Nisha Yadav,Female,45,9818675790,Gujarat,Rajkot,2024-07-21
543,Deepak Verma,Female,32,9260761121,Gujarat,Surat,2025-04-11
544,Priya Mehta,Male,49,9808613412,Karnataka,Bengaluru,2024-01-04
545,Vivaan Singh,Female,42,9112572576,Delhi,New Delhi,2024-04-04
546,Vivaan Mehta,Female,42,9096510797,Karnataka,Mysuru,2024-06-10
547,Arjun Mehta,Female,29,9788731803,Uttar Pradesh,Noida,2024-02-18
548,Aisha Joshi,Male,58,9585480040,Gujarat,Rajkot,2025-01-08
549,Rohit Yadav,Male,43,9154611996,Rajasthan,Jaipur,2024-12-20
550,Aman Joshi,Male,59,9244558614,Gujarat,Rajkot,2024-03-11
551,Kavya Joshi,Female,52,9564057376,Karnataka,Mysuru,2024-04-08
552,Vikas Jain,Male,55,9997526768,Rajasthan,Jaipur,2024-12-06
553,Riya Jain,Female,30,9010572214,Gujarat,Surat,2024-12-22
554,Rahul Kumar,Female,58,9901803739,Maharashtra,Pune,2024-10-10
555,Rohit Jain,Female,50,9058559995,Maharashtra,Pune,2024-09-22
556,Sakshi Patel,Male,50,9755741220,Maharashtra,Pune,2025-03-09
557,Rahul Yadav,Female,22,9627004156,Uttar Pradesh,Noida,2024-11-24
558,Arjun Patel,Male,54,9054179995,Delhi,New Delhi,2025-06-14
559,Nisha Sharma,Male,52,9409305346,Rajasthan,Udaipur,2025-01-23
560,Deepak Kumar,Female,33,9731670341,Karnataka,Bengaluru,2025-04-21
561,Aditya Mehta,Male,50,9163876867,Gujarat,Rajkot,2024-07-03
562,Pooja Patel,Female,39,9162994223,Uttar Pradesh,Lucknow,2024-06-26
563,Vivaan Jain,Female,30,9148468419,Rajasthan,Kota,2025-04-18
564,Rohit Jain,Female,29,9069086947,Karnataka,Mysuru,2025-01-29
565,Anjali Singh,Male,25,9431041519,Rajasthan,Banswara,2024-02-21
566,Vivaan Sharma,Female,24,9275297097,Delhi,New Delhi,2024-01-06
567,Aditya Gupta,Female,20,9295413789,Uttar Pradesh,Lucknow,2024-12-11
568,Deepak Jain,Female,40,9533238552,Rajasthan,Jaipur,2024-06-01
569,Anjali Kumar,Male,29,9706851150,Karnataka,Bengaluru,2025-06-12
570,Neha Yadav,Male,41,9746935741,Delhi,New Delhi,2025-03-22
571,Aditya Joshi,Female,25,9753674972,Gujarat,Ahmedabad,2025-05-14
572,Vikas Mehta,Male,37,9148908484,Gujarat,Ahmedabad,2024-10-24
573,Sakshi Gupta,Male,45,9633390205,Maharashtra,Pune,2024-10-07
574,Sneha Kumar,Female,29,9971618937,Rajasthan,Udaipur,2024-08-16
575,Kavya Sharma,Female,47,9119061605,Gujarat,Surat,2024-02-10
576,Aisha Mehta,Female,23,9393179971,Rajasthan,Banswara,2024-06-01
577,Karan Sharma,Male,54,9637461803,Maharashtra,Nagpur,2024-07-07
578,Pooja Verma,Female,32,9952111585,Karnataka,Mysuru,2025-01-11
579,Aditya Mehta,Female,21,9750990613,Maharashtra,Pune,2024-09-13
580,Karan Mehta,Male,41,9272825777,Delhi,New Delhi,2025-04-03
581,Priya Joshi,Female,32,9205360008,Delhi,New Delhi,2025-04-04
582,Priya Sharma,Female,42,9119316177,Maharashtra,Mumbai,2025-06-15
583,Aisha Kumar,Male,41,9615184462,Gujarat,Ahmedabad,2024-03-03
584,Kavya Kumar,Male,55,9142107653,Rajasthan,Banswara,2024-11-24
585,Sakshi Patel,Female,26,9259942628,Delhi,New Delhi,2025-05-26
586,Aarav Mehta,Female,37,9781346254,Maharashtra,Nagpur,2025-02-12
587,Arjun Singh,Female,23,9963033183,Delhi,New Delhi,2024-11-30
588,Rahul Kumar,Female,42,9637824032,Rajasthan,Kota,2025-02-03
589,Aman Patel,Male,51,9074356446,Delhi,New Delhi,2025-02-08
590,Aarav Joshi,Female,20,9339991700,Gujarat,Rajkot,2024-09-10
591,Vivaan Gupta,Male,57,9013716691,Delhi,New Delhi,2024-08-15
592,Aisha Singh,Female,33,9027992561,Uttar Pradesh,Lucknow,2025-02-09
593,Arjun Mehta,Male,40,9217513332,Gujarat,Surat,2024-09-10
594,Karan Kumar,Male,49,9852082755,Delhi,New Delhi,2024-10-26
595,Nisha Jain,Male,35,9312811943,Gujarat,Ahmedabad,2025-04-21
596,Aman Verma,Male,29,9721048040,Maharashtra,Nagpur,2024-12-18
597,Vikas Gupta,Male,55,9239336560,Delhi,New Delhi,2024-12-21
598,Rahul Singh,Male,29,9707325624,Gujarat,Ahmedabad,2025-06-07
599,Sneha Gupta,Female,33,9300252399,Rajasthan,Banswara,2025-06-01
600,Nisha Verma,Female,53,9885575012,Gujarat,Rajkot,2024-02-15
601,Riya Sharma,Female,35,9921181069,Delhi,New Delhi,2024-04-26
602,Aarav Yadav,Female,58,9038134955,Delhi,New Delhi,2024-06-28
603,Rahul Patel,Female,28,9795284700,Uttar Pradesh,Lucknow,2025-03-21
604,Pooja Joshi,Male,30,9782695377,Uttar Pradesh,Noida,2024-06-06
605,Anjali Joshi,Female,22,9234037987,Rajasthan,Kota,2024-12-21
606,Pooja Sharma,Male,40,9118423308,Delhi,New Delhi,2024-01-22
607,Arjun Sharma,Male,60,9040778793,Karnataka,Mysuru,2024-12-07
608,Anjali Joshi,Male,25,9287226671,Delhi,New Delhi,2024-02-24
609,Kavya Verma,Female,50,9713542075,Rajasthan,Jaipur,2025-03-10
610,Anjali Singh,Male,60,9888885917,Rajasthan,Banswara,2025-04-14
611,Aditya Patel,Male,26,9684120783,Rajasthan,Banswara,2024-05-11
612,Aditya Joshi,Male,26,9694609571,Karnataka,Mysuru,2024-01-01
613,Aman Mehta,Male,49,9368605462,Delhi,New Delhi,2025-04-06
614,Aarav Patel,Female,40,9854352916,Gujarat,Surat,2024-12-22
615,Nisha Verma,Male,28,9451726259,Delhi,New Delhi,2024-01-24
616,Deepak Sharma,Male,24,9921569668,Delhi,New Delhi,2025-02-22
617,Aisha Jain,Female,53,9923534144,Maharashtra,Pune,2024-05-04
618,Kavya Yadav,Female,29,9604072071,Delhi,New Delhi,2025-05-14
619,Sakshi Patel,Male,57,9877640266,Uttar Pradesh,Lucknow,2024-04-09
620,Riya Verma,Female,47,9397492393,Gujarat,Rajkot,2024-02-21
621,Sakshi Singh,Male,34,9327648850,Karnataka,Bengaluru,2024-08-23
622,Riya Verma,Female,42,9854449339,Uttar Pradesh,Lucknow,2024-06-26
623,Anjali Yadav,Female,20,9965861794,Rajasthan,Udaipur,2025-04-23
624,Vivaan Singh,Male,30,9455785313,Maharashtra,Pune,2025-02-02
625,Sakshi Gupta,Male,52,9379606443,Gujarat,Surat,2025-05-22
626,Vikas Joshi,Female,43,9040352524,Uttar Pradesh,Kanpur,2024-05-25
627,Kavya Kumar,Male,39,9746271765,Rajasthan,Kota,2024-09-09
628,Neha Singh,Male,30,9552598102,Gujarat,Ahmedabad,2025-02-04
629,Vikas Mehta,Male,24,9792359743,Rajasthan,Banswara,2025-02-10
630,Aman Yadav,Female,51,9561196503,Karnataka,Bengaluru,2025-02-05
631,Deepak Kumar,Female,21,9743335629,Delhi,New Delhi,2024-08-25
632,Kavya Mehta,Male,40,9781407397,Gujarat,Ahmedabad,2024-09-04
633,Aarav Patel,Female,22,9426931145,Rajasthan,Banswara,2024-06-16
634,Aarav Yadav,Male,57,9754859060,Gujarat,Rajkot,2025-04-10
635,Vikas Jain,Male,19,9312749112,Maharashtra,Mumbai,2025-02-16
636,Sneha Joshi,Female,31,9624657196,Delhi,New Delhi,2025-02-06
637,Sakshi Jain,Male,38,9239834028,Maharashtra,Nagpur,2024-07-25
638,Aisha Kumar,Female,48,9570908905,Karnataka,Mysuru,2025-03-11
639,Aisha Joshi,Male,58,9367637762,Uttar Pradesh,Kanpur,2024-04-26
640,Kavya Yadav,Female,36,9342848022,Rajasthan,Jaipur,2024-02-29
641,Riya Gupta,Male,22,9175441654,Maharashtra,Nagpur,2025-03-08
642,Kavya Kumar,Male,34,9123644356,Rajasthan,Udaipur,2025-01-03
643,Aman Yadav,Male,39,9958818230,Delhi,New Delhi,2024-11-18
644,Kavya Sharma,Female,18,9584585047,Gujarat,Ahmedabad,2024-05-25
645,Karan Joshi,Female,40,9037798401,Rajasthan,Kota,2024-07-26
646,Karan Mehta,Male,55,9332330546,Rajasthan,Kota,2025-01-06
647,Priya Mehta,Male,19,9105944458,Rajasthan,Kota,2024-09-30
648,Arjun Jain,Female,29,9797559055,Rajasthan,Udaipur,2025-04-04
649,Deepak Jain,Male,53,9220332222,Delhi,New Delhi,2025-06-14
650,Sakshi Verma,Male,26,9050477155,Rajasthan,Jaipur,2024-05-25
651,Karan Yadav,Male,29,9925771277,Rajasthan,Jaipur,2024-07-15
652,Deepak Verma,Male,33,9692083225,Rajasthan,Banswara,2025-03-17
653,Aman Verma,Male,19,9507183032,Delhi,New Delhi,2024-09-02
654,Aditya Sharma,Male,36,9712645272,Karnataka,Mysuru,2024-04-23
655,Aditya Patel,Male,28,9803545702,Uttar Pradesh,Noida,2024-02-02
656,Nisha Gupta,Male,51,9252940590,Delhi,New Delhi,2024-02-25
657,Kavya Verma,Male,60,9086803584,Maharashtra,Pune,2025-06-11
658,Neha Patel,Female,18,9277698309,Karnataka,Mysuru,2024-11-17
659,Aman Joshi,Male,55,9284126385,Rajasthan,Udaipur,2024-10-02
660,Vikas Patel,Male,44,9383514795,Maharashtra,Mumbai,2024-08-20
661,Kavya Verma,Female,34,9867692730,Maharashtra,Pune,2025-06-23
662,Nisha Patel,Male,38,9003446434,Uttar Pradesh,Noida,2025-04-20
663,Aarav Joshi,Female,60,9407798555,Delhi,New Delhi,2024-07-28
664,Sakshi Jain,Male,38,9786766273,Maharashtra,Pune,2024-01-01
665,Neha Mehta,Male,31,9686747966,Uttar Pradesh,Noida,2024-06-10
666,Deepak Kumar,Female,43,9051213752,Delhi,New Delhi,2024-11-22
667,Sakshi Kumar,Female,19,9858411315,Uttar Pradesh,Lucknow,2024-12-09
668,Aman Patel,Female,33,9307600748,Karnataka,Bengaluru,2025-02-02
669,Arjun Mehta,Female,23,9074905238,Rajasthan,Kota,2025-01-17
670,Sakshi Sharma,Male,38,9993683086,Delhi,New Delhi,2025-03-11
671,Aarav Singh,Female,42,9631236520,Gujarat,Rajkot,2024-05-09
672,Rohit Sharma,Female,40,9045084529,Maharashtra,Nagpur,2024-04-26
673,Nisha Sharma,Male,41,9615197639,Karnataka,Bengaluru,2025-06-20
674,Riya Gupta,Male,31,9943337683,Karnataka,Mysuru,2025-05-16
675,Rohit Joshi,Male,29,9788248927,Karnataka,Bengaluru,2024-09-04
676,Sakshi Joshi,Female,29,9507994284,Karnataka,Bengaluru,2024-10-09
677,Aman Sharma,Male,51,9361317351,Uttar Pradesh,Noida,2024-06-16
678,Karan Sharma,Female,34,9008261463,Karnataka,Mysuru,2024-01-04
679,Deepak Patel,Female,57,9591270139,Maharashtra,Nagpur,2024-01-07
680,Sneha Yadav,Female,19,9225312976,Uttar Pradesh,Noida,2024-01-04
681,Vikas Jain,Female,49,9515560361,Gujarat,Ahmedabad,2024-02-15
682,Riya Mehta,Female,34,9083501855,Uttar Pradesh,Kanpur,2024-07-18
683,Aditya Singh,Male,41,9716054737,Maharashtra,Pune,2025-04-11
684,Vivaan Mehta,Female,47,9753306361,Maharashtra,Nagpur,2024-01-23
685,Rohit Kumar,Male,46,9974227747,Maharashtra,Mumbai,2024-02-10
686,Arjun Verma,Female,52,9685202436,Delhi,New Delhi,2024-12-25
687,Pooja Verma,Female,37,9403232071,Karnataka,Bengaluru,2024-09-08
688,Pooja Joshi,Female,41,9347650822,Karnataka,Bengaluru,2024-05-16
689,Sakshi Sharma,Female,39,9315769202,Gujarat,Surat,2024-09-27
690,Aman Gupta,Female,29,9988971459,Karnataka,Bengaluru,2024-12-18
691,Pooja Singh,Male,52,9402419570,Uttar Pradesh,Noida,2024-11-26
692,Priya Sharma,Male,21,9754666420,Rajasthan,Kota,2025-01-25
693,Arjun Jain,Male,20,9093820657,Gujarat,Rajkot,2025-03-13
694,Rahul Patel,Female,33,9491775859,Karnataka,Bengaluru,2025-05-28
695,Aman Yadav,Female,21,9603044733,Delhi,New Delhi,2024-05-03
696,Sakshi Mehta,Male,46,9581184219,Rajasthan,Banswara,2024-12-17
697,Aman Jain,Male,24,9389183459,Delhi,New Delhi,2025-05-31
698,Rohit Verma,Female,55,9534860932,Rajasthan,Udaipur,2025-04-23
699,Vivaan Gupta,Female,26,9321570756,Maharashtra,Pune,2024-05-09
700,Neha Yadav,Female,49,9214228428,Delhi,New Delhi,2024-10-17
701,Sakshi Patel,Male,26,9538718078,Rajasthan,Kota,2024-03-28
702,Arjun Patel,Female,28,9970490850,Delhi,New Delhi,2025-03-24
703,Rohit Patel,Female,30,9174947957,Gujarat,Surat,2024-04-11
704,Anjali Sharma,Female,54,9933541622,Gujarat,Ahmedabad,2024-01-23
705,Vikas Kumar,Female,35,9602551940,Karnataka,Mysuru,2024-08-02
706,Priya Verma,Female,38,9368783052,Rajasthan,Kota,2024-06-14
707,Arjun Mehta,Female,20,9222485935,Maharashtra,Nagpur,2024-07-24
708,Sakshi Verma,Male,25,9535084192,Maharashtra,Pune,2025-05-14
709,Kavya Gupta,Male,56,9638266777,Rajasthan,Kota,2025-04-05
710,Neha Kumar,Male,48,9554099027,Rajasthan,Jaipur,2024-02-25
711,Pooja Verma,Male,38,9604712065,Delhi,New Delhi,2024-06-14
712,Sneha Singh,Female,19,9537288603,Gujarat,Rajkot,2024-07-07
713,Aman Mehta,Male,19,9071496714,Maharashtra,Mumbai,2024-12-10
714,Kavya Sharma,Female,56,9086763841,Gujarat,Rajkot,2024-10-23
715,Sakshi Gupta,Female,35,9066927212,Delhi,New Delhi,2025-03-21
716,Neha Jain,Male,58,9202146593,Uttar Pradesh,Lucknow,2024-07-26
717,Priya Mehta,Male,43,9911409210,Karnataka,Mysuru,2025-01-19
718,Nisha Mehta,Male,33,9570298955,Gujarat,Ahmedabad,2024-10-10
719,Sakshi Singh,Female,19,9328048712,Rajasthan,Udaipur,2024-03-30
720,Nisha Singh,Male,32,9567074543,Maharashtra,Pune,2025-04-21
721,Rahul Singh,Female,20,9117752862,Karnataka,Bengaluru,2024-07-02
722,Vikas Singh,Female,18,9147461151,Gujarat,Rajkot,2024-03-15
723,Priya Gupta,Male,58,9845889953,Rajasthan,Banswara,2024-11-22
724,Aditya Jain,Female,49,9232711775,Karnataka,Bengaluru,2024-11-18
725,Aman Joshi,Male,34,9456393193,Delhi,New Delhi,2024-09-02
726,Arjun Patel,Male,51,9412094909,Karnataka,Mysuru,2025-05-17
727,Rohit Joshi,Male,21,9727492073,Maharashtra,Pune,2024-10-07
728,Rahul Singh,Male,46,9952294025,Delhi,New Delhi,2024-03-02
729,Pooja Joshi,Female,41,9403804560,Rajasthan,Banswara,2025-06-11
730,Pooja Jain,Female,27,9880689459,Karnataka,Bengaluru,2025-03-22
731,Sakshi Patel,Male,23,9197767963,Karnataka,Bengaluru,2024-06-15
732,Rohit Yadav,Male,54,9430810103,Maharashtra,Pune,2024-08-13
733,Kavya Mehta,Male,37,9059589705,Gujarat,Surat,2025-06-11
734,Neha Mehta,Male,44,9849947120,Karnataka,Mysuru,2025-01-08
735,Vikas Jain,Female,42,9628365193,Delhi,New Delhi,2024-05-15
736,Riya Yadav,Female,49,9107727945,Delhi,New Delhi,2024-02-25
737,Riya Verma,Male,51,9666995193,Uttar Pradesh,Kanpur,2025-04-20
738,Aisha Sharma,Female,47,9482549317,Karnataka,Bengaluru,2024-06-25
739,Rohit Singh,Female,27,9603110220,Delhi,New Delhi,2025-05-18
740,Vikas Joshi,Male,57,9447680222,Delhi,New Delhi,2024-03-23
741,Riya Verma,Male,25,9011205263,Gujarat,Ahmedabad,2024-03-17
742,Karan Jain,Male,48,9847467496,Rajasthan,Jaipur,2024-12-29
743,Anjali Yadav,Female,19,9111446840,Delhi,New Delhi,2024-07-05
744,Vivaan Mehta,Male,44,9595557371,Rajasthan,Udaipur,2024-02-11
745,Rohit Sharma,Female,51,9390742403,Delhi,New Delhi,2025-06-15
746,Priya Patel,Female,36,9333576766,Delhi,New Delhi,2024-09-19
747,Rahul Yadav,Female,32,9308689521,Gujarat,Surat,2025-05-13
748,Priya Verma,Male,21,9499231180,Gujarat,Rajkot,2025-04-27
749,Karan Verma,Female,40,9882805652,Maharashtra,Pune,2024-04-26
750,Arjun Patel,Female,41,9782405710,Delhi,New Delhi,2024-12-19
751,Rohit Jain,Male,34,9417414913,Uttar Pradesh,Noida,2024-11-21
752,Aisha Yadav,Male,53,9877894201,Gujarat,Ahmedabad,2025-06-21
753,Neha Singh,Male,43,9828834535,Delhi,New Delhi,2024-03-13
754,Riya Kumar,Female,23,9897536503,Maharashtra,Mumbai,2025-04-20
755,Pooja Joshi,Male,55,9663323820,Delhi,New Delhi,2024-10-02
756,Vivaan Gupta,Female,32,9834799716,Rajasthan,Banswara,2024-08-21
757,Anjali Joshi,Male,20,9863368904,Rajasthan,Jaipur,2024-03-03
758,Vikas Patel,Female,23,9460716785,Rajasthan,Jaipur,2024-04-03
759,Vivaan Patel,Female,40,9238528858,Maharashtra,Nagpur,2024-12-18
760,Neha Jain,Female,34,9167880302,Uttar Pradesh,Kanpur,2024-10-31
761,Neha Jain,Female,52,9715342519,Karnataka,Mysuru,2024-04-05
762,Anjali Jain,Male,35,9254790550,Rajasthan,Udaipur,2024-01-08
763,Neha Jain,Female,60,9572897169,Uttar Pradesh,Noida,2024-02-21
764,Nisha Mehta,Female,39,9633063471,Gujarat,Ahmedabad,2025-03-01
765,Aditya Joshi,Male,47,9062591671,Karnataka,Bengaluru,2024-01-02
766,Sneha Verma,Female,34,9410436241,Rajasthan,Kota,2025-05-02
767,Aman Yadav,Female,59,9148383229,Maharashtra,Mumbai,2025-03-15
768,Rahul Sharma,Female,43,9125295512,Gujarat,Ahmedabad,2024-03-01
769,Aditya Patel,Female,33,9627881578,Gujarat,Ahmedabad,2024-01-07
770,Deepak Yadav,Male,59,9445082635,Rajasthan,Jaipur,2024-04-29
771,Aditya Verma,Male,31,9620052365,Maharashtra,Mumbai,2024-06-23
772,Anjali Gupta,Male,20,9862530081,Karnataka,Bengaluru,2024-10-14
773,Arjun Kumar,Male,39,9524771738,Rajasthan,Banswara,2024-03-19
774,Kavya Singh,Male,58,9148203459,Maharashtra,Mumbai,2024-09-24
775,Riya Kumar,Female,58,9622670826,Karnataka,Bengaluru,2025-06-08
776,Priya Gupta,Female,37,9017620328,Delhi,New Delhi,2025-05-19
777,Sneha Kumar,Female,55,9616651988,Maharashtra,Nagpur,2025-04-04
778,Neha Sharma,Male,36,9494859638,Maharashtra,Mumbai,2024-06-12
779,Aarav Kumar,Male,55,9847270631,Gujarat,Ahmedabad,2024-03-19
780,Priya Joshi,Female,47,9513039214,Gujarat,Ahmedabad,2025-06-05
781,Anjali Patel,Female,21,9835423687,Delhi,New Delhi,2024-02-22
782,Nisha Gupta,Male,45,9609241680,Delhi,New Delhi,2024-09-24
783,Anjali Joshi,Male,44,9131673946,Rajasthan,Udaipur,2025-01-03
784,Aditya Verma,Female,24,9394897389,Gujarat,Ahmedabad,2025-04-14
785,Rahul Jain,Male,49,9008415831,Delhi,New Delhi,2025-04-26
786,Arjun Mehta,Female,57,9966282466,Delhi,New Delhi,2024-07-12
787,Riya Patel,Male,25,9603962159,Gujarat,Surat,2024-12-02
788,Priya Jain,Female,26,9981126485,Maharashtra,Mumbai,2024-12-08
789,Anjali Gupta,Male,54,9890930592,Uttar Pradesh,Kanpur,2025-01-04
790,Pooja Joshi,Female,39,9578733587,Rajasthan,Banswara,2025-04-21
791,Nisha Singh,Female,54,9296837590,Uttar Pradesh,Noida,2024-09-01
792,Vikas Yadav,Male,47,9772829212,Delhi,New Delhi,2024-09-05
793,Aman Sharma,Female,47,9210469995,Karnataka,Mysuru,2025-06-11
794,Pooja Joshi,Male,37,9301411907,Maharashtra,Pune,2025-01-27
795,Vivaan Yadav,Male,20,9736716461,Rajasthan,Kota,2025-04-08
796,Kavya Sharma,Male,46,9052376453,Gujarat,Ahmedabad,2024-04-15
797,Nisha Yadav,Female,43,9358134665,Maharashtra,Nagpur,2024-01-30
798,Sneha Singh,Male,49,9827042352,Karnataka,Mysuru,2025-04-27
799,Vivaan Joshi,Female,54,9587951676,Uttar Pradesh,Lucknow,2024-05-16
800,Sneha Gupta,Male,38,9994055031,Gujarat,Ahmedabad,2025-02-25
801,Karan Yadav,Female,54,9451555456,Karnataka,Mysuru,2025-01-14
802,Riya Sharma,Female,28,9353601816,Uttar Pradesh,Kanpur,2024-11-14
803,Riya Mehta,Male,37,9172140912,Gujarat,Rajkot,2025-05-30
804,Pooja Patel,Female,18,9209749634,Maharashtra,Nagpur,2024-01-31
805,Pooja Patel,Male,48,9579519156,Karnataka,Mysuru,2024-02-03
806,Deepak Yadav,Female,18,9887895898,Uttar Pradesh,Lucknow,2024-04-18
807,Deepak Yadav,Male,47,9760613759,Gujarat,Surat,2025-01-15
808,Karan Joshi,Male,27,9088136169,Maharashtra,Pune,2024-12-29
809,Rohit Singh,Male,35,9200349419,Delhi,New Delhi,2024-05-28
810,Rahul Yadav,Male,23,9964789506,Maharashtra,Pune,2025-03-13
811,Riya Joshi,Female,59,9025302724,Uttar Pradesh,Noida,2024-08-22
812,Kavya Gupta,Male,35,9445432836,Delhi,New Delhi,2024-04-15
813,Rahul Gupta,Female,44,9421757637,Rajasthan,Udaipur,2024-05-23
814,Anjali Verma,Female,28,9134669554,Karnataka,Bengaluru,2024-08-22
815,Karan Kumar,Female,20,9545635642,Gujarat,Ahmedabad,2024-01-26
816,Pooja Joshi,Male,29,9965507920,Maharashtra,Pune,2025-02-10
817,Aisha Gupta,Male,43,9381314251,Karnataka,Bengaluru,2025-04-29
818,Rohit Gupta,Female,51,9565668357,Gujarat,Ahmedabad,2024-02-24
819,Aman Gupta,Male,48,9084114613,Rajasthan,Jaipur,2025-06-12
820,Kavya Sharma,Female,56,9564392802,Uttar Pradesh,Lucknow,2024-06-04
821,Vikas Sharma,Male,18,9571682354,Rajasthan,Jaipur,2024-07-11
822,Aisha Yadav,Male,45,9409298956,Gujarat,Surat,2024-12-08
823,Deepak Gupta,Male,36,9997731423,Rajasthan,Udaipur,2024-10-21
824,Kavya Verma,Male,44,9370669391,Rajasthan,Jaipur,2025-04-12
825,Kavya Kumar,Male,38,9181276820,Delhi,New Delhi,2024-08-25
826,Priya Patel,Male,56,9089982769,Delhi,New Delhi,2024-07-13
827,Pooja Gupta,Female,33,9175201825,Rajasthan,Udaipur,2025-03-08
828,Sneha Patel,Female,37,9266801485,Delhi,New Delhi,2024-08-10
829,Rahul Jain,Male,18,9220486039,Gujarat,Rajkot,2024-06-08
830,Sakshi Joshi,Male,44,9134985992,Gujarat,Surat,2024-10-28
831,Aditya Sharma,Male,21,9022659555,Gujarat,Rajkot,2024-05-22
832,Riya Yadav,Male,40,9723454745,Karnataka,Bengaluru,2025-06-02
833,Riya Mehta,Male,50,9852537724,Gujarat,Rajkot,2024-12-29
834,Deepak Verma,Male,41,9651454390,Karnataka,Bengaluru,2024-03-29
835,Kavya Yadav,Male,52,9218905689,Rajasthan,Udaipur,2025-02-06
836,Riya Sharma,Female,27,9399212558,Maharashtra,Mumbai,2025-02-04
837,Deepak Gupta,Male,53,9169888651,Gujarat,Ahmedabad,2024-04-17
838,Neha Sharma,Male,32,9654658499,Uttar Pradesh,Kanpur,2025-06-24
839,Anjali Gupta,Female,39,9947321212,Gujarat,Surat,2024-03-01
840,Deepak Jain,Female,57,9450527810,Maharashtra,Nagpur,2024-04-24
841,Anjali Kumar,Female,60,9210544141,Karnataka,Mysuru,2025-05-01
842,Pooja Singh,Female,33,9017113318,Maharashtra,Mumbai,2025-02-27
843,Sakshi Mehta,Male,32,9817876932,Delhi,New Delhi,2024-06-25
844,Aarav Jain,Female,43,9654576912,Rajasthan,Udaipur,2024-01-26
845,Rahul Gupta,Female,57,9287026502,Delhi,New Delhi,2025-03-08
846,Rahul Kumar,Female,39,9719076183,Delhi,New Delhi,2024-09-30
847,Deepak Patel,Female,41,9740115755,Karnataka,Bengaluru,2025-05-18
848,Riya Joshi,Female,57,9979312675,Maharashtra,Pune,2025-05-30
849,Deepak Singh,Male,57,9005483420,Karnataka,Mysuru,2024-09-07
850,Nisha Mehta,Male,59,9041598159,Delhi,New Delhi,2025-06-20
851,Arjun Singh,Male,38,9350506074,Delhi,New Delhi,2024-02-15
852,Deepak Yadav,Female,31,9688308290,Rajasthan,Banswara,2025-03-13
853,Priya Joshi,Female,40,9383796291,Delhi,New Delhi,2025-03-26
854,Aisha Singh,Female,22,9109310950,Rajasthan,Banswara,2024-05-10
855,Vivaan Mehta,Male,29,9950216212,Rajasthan,Udaipur,2025-05-08
856,Deepak Jain,Female,32,9572708384,Rajasthan,Banswara,2025-01-17
857,Priya Yadav,Male,18,9135410742,Maharashtra,Pune,2025-04-08
858,Aditya Gupta,Female,47,9760487494,Maharashtra,Nagpur,2024-08-24
859,Deepak Sharma,Female,18,9756126833,Delhi,New Delhi,2024-07-08
860,Kavya Mehta,Male,28,9916108569,Karnataka,Bengaluru,2024-07-08
861,Kavya Jain,Male,56,9042349290,Rajasthan,Udaipur,2025-03-07
862,Sneha Jain,Female,26,9130508259,Rajasthan,Kota,2024-02-21
863,Sneha Jain,Male,18,9847716364,Gujarat,Ahmedabad,2024-01-27
864,Anjali Verma,Female,58,9339697130,Maharashtra,Pune,2024-08-30
865,Kavya Verma,Female,31,9912917156,Delhi,New Delhi,2025-04-09
866,Neha Singh,Female,37,9746802572,Delhi,New Delhi,2025-06-15
867,Sakshi Patel,Male,20,9880139164,Karnataka,Bengaluru,2025-02-11
868,Kavya Patel,Male,22,9320220035,Karnataka,Mysuru,2024-12-04
869,Vivaan Mehta,Female,19,9910517682,Karnataka,Bengaluru,2024-08-15
870,Deepak Gupta,Male,33,9359653329,Uttar Pradesh,Kanpur,2024-01-23
871,Vikas Yadav,Female,58,9554697578,Uttar Pradesh,Noida,2025-05-18
872,Rohit Kumar,Female,35,9410677210,Uttar Pradesh,Noida,2025-05-28
873,Rahul Mehta,Female,24,9707486499,Gujarat,Ahmedabad,2024-04-28
874,Vikas Jain,Female,25,9239970138,Rajasthan,Banswara,2024-03-25
875,Sneha Patel,Male,34,9026004280,Rajasthan,Jaipur,2025-01-12
876,Sneha Mehta,Female,41,9869228067,Karnataka,Bengaluru,2024-05-15
877,Sneha Verma,Male,30,9873681999,Delhi,New Delhi,2024-12-24
878,Neha Yadav,Male,22,9678600629,Karnataka,Mysuru,2024-04-17
879,Priya Gupta,Female,21,9469345515,Uttar Pradesh,Noida,2024-08-20
880,Sneha Yadav,Male,60,9371877384,Gujarat,Rajkot,2024-09-14
881,Riya Yadav,Female,58,9716381900,Karnataka,Bengaluru,2024-06-25
882,Sneha Verma,Male,53,9997597522,Delhi,New Delhi,2024-03-25
883,Deepak Jain,Female,52,9440355153,Karnataka,Bengaluru,2025-02-02
884,Rahul Yadav,Male,40,9944374908,Karnataka,Mysuru,2024-09-26
885,Neha Verma,Female,51,9991446738,Gujarat,Rajkot,2025-01-26
886,Kavya Yadav,Male,56,9502339748,Gujarat,Rajkot,2024-01-20
887,Aman Verma,Female,27,9938518053,Delhi,New Delhi,2024-02-08
888,Rohit Patel,Female,29,9303903311,Uttar Pradesh,Lucknow,2024-04-02
889,Vikas Patel,Female,58,9273128442,Rajasthan,Udaipur,2025-05-13
890,Rahul Yadav,Female,24,9853150425,Maharashtra,Mumbai,2025-04-30
891,Aisha Patel,Female,45,9873314822,Rajasthan,Udaipur,2025-06-13
892,Aman Gupta,Male,48,9091849494,Rajasthan,Udaipur,2024-08-31
893,Aman Gupta,Female,25,9767851292,Rajasthan,Jaipur,2025-03-06
894,Deepak Gupta,Male,53,9824753028,Karnataka,Bengaluru,2025-03-14
895,Rohit Yadav,Female,44,9251397509,Maharashtra,Pune,2024-04-21
896,Rahul Mehta,Female,54,9075017051,Gujarat,Rajkot,2024-08-09
897,Aditya Kumar,Male,47,9441997742,Gujarat,Ahmedabad,2024-12-30
898,Aarav Jain,Male,54,9628514054,Karnataka,Bengaluru,2025-02-05
899,Pooja Yadav,Male,49,9125784896,Karnataka,Mysuru,2025-03-16
900,Riya Patel,Male,29,9703225347,Maharashtra,Mumbai,2024-03-19
901,Nisha Jain,Female,42,9313336068,Delhi,New Delhi,2025-03-16
902,Deepak Yadav,Female,46,9265603796,Karnataka,Mysuru,2024-02-22
903,Sneha Patel,Male,55,9944113115,Uttar Pradesh,Lucknow,2024-12-04
904,Arjun Mehta,Male,57,9892327522,Uttar Pradesh,Noida,2025-02-08
905,Sakshi Yadav,Female,49,9058010878,Delhi,New Delhi,2024-05-06
906,Nisha Mehta,Female,32,9967009953,Maharashtra,Nagpur,2025-01-13
907,Deepak Jain,Male,56,9333700327,Karnataka,Bengaluru,2024-06-25
908,Riya Joshi,Male,58,9551087740,Maharashtra,Nagpur,2024-12-02
909,Karan Sharma,Male,41,9709671392,Gujarat,Rajkot,2025-04-18
910,Karan Singh,Female,58,9900953646,Uttar Pradesh,Noida,2024-04-17
911,Aisha Patel,Female,40,9255899408,Karnataka,Bengaluru,2025-02-17
912,Arjun Jain,Male,47,9021428314,Maharashtra,Nagpur,2024-08-04
913,Deepak Gupta,Female,32,9164341468,Maharashtra,Mumbai,2024-02-18
914,Aditya Joshi,Female,60,9632976364,Maharashtra,Nagpur,2025-01-30
915,Aisha Jain,Male,36,9288988214,Rajasthan,Kota,2024-03-22
916,Arjun Mehta,Male,33,9390047232,Maharashtra,Mumbai,2024-06-30
917,Aisha Singh,Female,46,9781413293,Maharashtra,Mumbai,2024-05-10
918,Aarav Kumar,Male,47,9597835255,Karnataka,Mysuru,2024-08-09
919,Kavya Jain,Female,59,9396726846,Gujarat,Surat,2024-04-21
920,Arjun Gupta,Male,42,9266528098,Karnataka,Bengaluru,2024-04-13
921,Priya Gupta,Male,34,9659559542,Rajasthan,Jaipur,2024-06-14
922,Vikas Sharma,Female,21,9118727521,Maharashtra,Pune,2025-01-05
923,Priya Yadav,Male,22,9915170909,Karnataka,Bengaluru,2024-05-06
924,Vikas Sharma,Male,55,9194133782,Uttar Pradesh,Noida,2025-01-30
925,Sneha Gupta,Female,21,9801549828,Rajasthan,Udaipur,2024-07-23
926,Rahul Sharma,Female,38,9112283272,Karnataka,Mysuru,2024-12-22
927,Deepak Kumar,Female,46,9796391170,Uttar Pradesh,Noida,2024-10-24
928,Rahul Gupta,Male,57,9281555258,Maharashtra,Mumbai,2024-07-16
929,Deepak Joshi,Female,38,9239613590,Rajasthan,Udaipur,2025-05-30
930,Aditya Gupta,Male,59,9043251222,Maharashtra,Pune,2024-06-01
931,Neha Patel,Male,35,9036344559,Uttar Pradesh,Lucknow,2024-05-16
932,Neha Sharma,Female,34,9512764695,Maharashtra,Pune,2024-02-29
933,Rohit Kumar,Female,56,9284022052,Gujarat,Ahmedabad,2025-02-24
934,Vivaan Jain,Male,48,9914150568,Rajasthan,Jaipur,2025-02-07
935,Priya Sharma,Female,48,9762027490,Karnataka,Bengaluru,2025-01-31
936,Riya Yadav,Male,18,9482539821,Rajasthan,Banswara,2024-01-05
937,Rahul Gupta,Female,18,9154420940,Rajasthan,Udaipur,2024-10-26
938,Rahul Yadav,Male,28,9108876476,Karnataka,Bengaluru,2025-04-27
939,Riya Kumar,Male,50,9415278279,Delhi,New Delhi,2024-03-07
940,Riya Gupta,Female,27,9032891755,Gujarat,Rajkot,2025-03-12
941,Riya Kumar,Male,23,9548841683,Delhi,New Delhi,2024-02-15
942,Aditya Mehta,Male,22,9229484595,Maharashtra,Pune,2025-03-25
943,Neha Verma,Female,58,9318146183,Karnataka,Bengaluru,2025-06-22
944,Neha Sharma,Male,31,9705003889,Delhi,New Delhi,2024-07-18
945,Aisha Kumar,Male,28,9638548237,Rajasthan,Banswara,2024-03-18
946,Nisha Kumar,Male,26,9887081828,Uttar Pradesh,Noida,2025-02-26
947,Sneha Joshi,Male,49,9319675603,Delhi,New Delhi,2024-04-27
948,Kavya Yadav,Male,32,9155130216,Rajasthan,Jaipur,2024-06-06
949,Aisha Singh,Female,50,9345198847,Rajasthan,Banswara,2025-06-17
950,Aman Mehta,Female,22,9202633167,Uttar Pradesh,Noida,2025-06-15
951,Riya Kumar,Female,49,9645461307,Karnataka,Bengaluru,2024-05-05
952,Sneha Verma,Female,46,9582815859,Uttar Pradesh,Noida,2025-03-16
953,Rohit Yadav,Male,42,9651195029,Uttar Pradesh,Lucknow,2025-06-23
954,Arjun Patel,Female,57,9076473137,Uttar Pradesh,Noida,2025-06-24
955,Pooja Kumar,Male,24,9223746052,Maharashtra,Nagpur,2025-06-18
956,Sakshi Mehta,Female,31,9501422178,Uttar Pradesh,Noida,2024-03-28
957,Aisha Joshi,Male,18,9821007610,Delhi,New Delhi,2025-02-02
958,Arjun Jain,Female,21,9006533604,Uttar Pradesh,Lucknow,2024-11-25
959,Karan Mehta,Male,50,9481034878,Karnataka,Bengaluru,2024-10-22
960,Pooja Kumar,Female,55,9524349145,Gujarat,Surat,2024-08-25
961,Aditya Sharma,Female,30,9888219642,Karnataka,Mysuru,2024-10-19
962,Vikas Jain,Male,55,9511456216,Delhi,New Delhi,2025-06-05
963,Sakshi Singh,Female,26,9520811030,Maharashtra,Pune,2025-01-13
964,Rahul Sharma,Female,41,9606996707,Gujarat,Surat,2025-04-01
965,Sneha Kumar,Female,51,9530800426,Delhi,New Delhi,2024-12-08
966,Rohit Singh,Male,48,9759872072,Maharashtra,Nagpur,2025-04-01
967,Anjali Verma,Female,20,9371577273,Rajasthan,Banswara,2024-10-10
968,Rahul Patel,Male,47,9195115440,Gujarat,Ahmedabad,2025-02-09
969,Pooja Jain,Female,31,9872809395,Maharashtra,Mumbai,2024-09-17
970,Nisha Yadav,Female,38,9766990105,Delhi,New Delhi,2024-02-13
971,Sakshi Kumar,Female,49,9977873510,Maharashtra,Mumbai,2024-11-19
972,Sakshi Joshi,Female,19,9845933708,Uttar Pradesh,Lucknow,2025-06-23
973,Vivaan Gupta,Male,50,9537662348,Gujarat,Rajkot,2025-02-11
974,Kavya Joshi,Female,31,9894966528,Gujarat,Rajkot,2024-02-08
975,Karan Singh,Female,56,9071234006,Rajasthan,Kota,2025-03-23
976,Riya Kumar,Female,44,9017587293,Uttar Pradesh,Kanpur,2025-01-16
977,Aman Joshi,Female,59,9871846936,Gujarat,Surat,2025-06-18
978,Rohit Verma,Female,40,9683512321,Rajasthan,Jaipur,2024-06-03
979,Neha Mehta,Male,27,9479096323,Maharashtra,Nagpur,2024-01-11
980,Neha Joshi,Male,18,9492385629,Karnataka,Bengaluru,2024-11-09
981,Nisha Singh,Female,45,9805885657,Gujarat,Rajkot,2024-04-25
982,Arjun Joshi,Male,35,9394459172,Delhi,New Delhi,2024-03-23
983,Vivaan Kumar,Male,27,9226453554,Gujarat,Ahmedabad,2025-06-08
984,Kavya Joshi,Female,20,9721861118,Rajasthan,Banswara,2024-04-08
985,Vivaan Singh,Female,40,9055661506,Delhi,New Delhi,2024-11-25
986,Rohit Joshi,Female,53,9189539922,Gujarat,Ahmedabad,2024-04-29
987,Aisha Gupta,Male,39,9312596369,Delhi,New Delhi,2024-07-05
988,Rahul Joshi,Female,18,9367782447,Maharashtra,Mumbai,2024-01-06
989,Pooja Patel,Male,48,9244709858,Gujarat,Surat,2024-07-21
990,Deepak Jain,Female,53,9625549055,Uttar Pradesh,Noida,2024-03-03
991,Aarav Yadav,Male,40,9870790433,Delhi,New Delhi,2025-05-17
992,Karan Yadav,Male,53,9700679467,Gujarat,Rajkot,2024-11-27
993,Sneha Jain,Male,27,9551482413,Maharashtra,Pune,2024-12-04
994,Aman Sharma,Male,49,9707001598,Maharashtra,Mumbai,2025-02-13
995,Sakshi Jain,Female,22,9005359441,Karnataka,Mysuru,2024-04-04
996,Arjun Yadav,Female,49,9562917509,Rajasthan,Banswara,2024-12-01
997,Nisha Jain,Female,55,9228464094,Maharashtra,Mumbai,2025-01-05
998,Nisha Mehta,Female,26,9720847913,Karnataka,Bengaluru,2024-09-11
999,Aisha Mehta,Male,40,9893493990,Uttar Pradesh,Lucknow,2024-12-30
1000,Pooja Mehta,Male,30,9535564172,Karnataka,Mysuru,2024-06-26
1001,Sneha Joshi,Male,36,9173487344,Gujarat,Ahmedabad,2024-07-19
1002,Vivaan Gupta,Female,51,9857596145,Uttar Pradesh,Kanpur,2024-03-28
1003,Priya Joshi,Male,59,9428878508,Uttar Pradesh,Noida,2025-04-11
1004,Karan Yadav,Female,42,9084019646,Gujarat,Rajkot,2024-11-11
1005,Pooja Yadav,Male,28,9681807779,Karnataka,Bengaluru,2024-04-14
1006,Priya Yadav,Male,52,9764355523,Delhi,New Delhi,2025-03-07
1007,Aisha Mehta,Female,30,9650738490,Karnataka,Bengaluru,2025-06-08
1008,Vikas Mehta,Female,47,9929792140,Rajasthan,Jaipur,2024-08-02
1009,Rohit Yadav,Male,51,9016218595,Karnataka,Bengaluru,2024-12-09
1010,Sakshi Joshi,Male,54,9535406305,Maharashtra,Pune,2024-08-17
1011,Aman Verma,Female,57,9532451369,Rajasthan,Jaipur,2024-03-20
1012,Kavya Singh,Female,36,9042573586,Gujarat,Ahmedabad,2024-07-31
1013,Deepak Sharma,Female,54,9578444666,Delhi,New Delhi,2025-02-01
1014,Nisha Jain,Male,22,9554883524,Delhi,New Delhi,2025-03-27
1015,Karan Patel,Male,40,9650901862,Delhi,New Delhi,2024-07-27
1016,Pooja Jain,Female,25,9261630315,Uttar Pradesh,Kanpur,2025-04-23
1017,Deepak Yadav,Male,39,9600334042,Maharashtra,Nagpur,2024-12-09
1018,Neha Singh,Male,43,9353109438,Karnataka,Mysuru,2025-05-07
1019,Kavya Sharma,Female,18,9766631512,Rajasthan,Udaipur,2025-02-01
1020,Nisha Sharma,Male,20,9933807434,Maharashtra,Nagpur,2024-07-08
1021,Aman Singh,Male,21,9556044973,Maharashtra,Nagpur,2024-04-12
1022,Arjun Jain,Female,35,9092341295,Rajasthan,Jaipur,2024-02-15
1023,Vivaan Gupta,Male,18,9545722459,Maharashtra,Mumbai,2025-03-08
1024,Karan Verma,Male,43,9746496225,Gujarat,Ahmedabad,2024-09-16
1025,Karan Patel,Female,36,9328876256,Karnataka,Mysuru,2025-05-16
1026,Kavya Verma,Female,42,9731307890,Maharashtra,Mumbai,2025-02-12
1027,Priya Sharma,Female,24,9624088976,Maharashtra,Pune,2025-01-31
1028,Kavya Yadav,Male,53,9911913428,Maharashtra,Mumbai,2024-07-06
1029,Deepak Kumar,Male,54,9361078607,Karnataka,Mysuru,2024-11-14
1030,Nisha Jain,Female,56,9583693081,Delhi,New Delhi,2025-05-01
1031,Nisha Joshi,Male,40,9620856095,Delhi,New Delhi,2025-03-02
1032,Neha Singh,Male,50,9307758259,Rajasthan,Kota,2025-05-22
1033,Sakshi Patel,Female,39,9947005489,Uttar Pradesh,Kanpur,2025-01-25
1034,Rohit Kumar,Female,30,9827174073,Karnataka,Bengaluru,2024-04-11
1035,Kavya Verma,Male,29,9348977730,Gujarat,Ahmedabad,2024-12-21
1036,Sneha Jain,Female,36,9472572305,Uttar Pradesh,Lucknow,2024-08-01
1037,Deepak Jain,Female,37,9910660572,Gujarat,Ahmedabad,2024-03-24
1038,Aarav Singh,Male,49,9468342827,Maharashtra,Nagpur,2024-10-03
1039,Neha Gupta,Female,37,9799119933,Rajasthan,Kota,2024-10-03
1040,Nisha Yadav,Male,39,9444174980,Delhi,New Delhi,2024-11-01
1041,Vivaan Kumar,Female,55,9887078478,Maharashtra,Nagpur,2024-10-25
1042,Sakshi Yadav,Male,26,9789931659,Gujarat,Rajkot,2024-01-23
1043,Anjali Singh,Male,59,9125882280,Delhi,New Delhi,2024-04-27
1044,Aman Yadav,Male,56,9400904311,Rajasthan,Udaipur,2024-05-23
1045,Vivaan Gupta,Female,43,9438427261,Maharashtra,Pune,2024-12-05
1046,Arjun Gupta,Female,38,9760722856,Maharashtra,Mumbai,2025-01-07
1047,Aditya Jain,Female,54,9662843073,Uttar Pradesh,Noida,2024-03-27
1048,Sakshi Joshi,Male,36,9313755174,Uttar Pradesh,Lucknow,2024-10-22
1049,Deepak Kumar,Male,44,9584747802,Karnataka,Bengaluru,2025-02-03
1050,Karan Joshi,Male,39,9769505041,Gujarat,Surat,2024-05-20
1051,Priya Sharma,Female,21,9298522990,Uttar Pradesh,Kanpur,2024-10-07
1052,Aman Verma,Male,38,9360643644,Gujarat,Ahmedabad,2025-01-24
1053,Neha Kumar,Male,44,9288672451,Gujarat,Rajkot,2025-03-29
1054,Rohit Kumar,Male,25,9163490377,Maharashtra,Nagpur,2024-11-16
1055,Vivaan Patel,Female,25,9782433596,Karnataka,Mysuru,2024-07-16
1056,Anjali Kumar,Female,33,9359981296,Karnataka,Mysuru,2025-03-27
1057,Karan Sharma,Female,29,9492403569,Maharashtra,Pune,2024-04-15
1058,Rohit Gupta,Male,36,9756356527,Uttar Pradesh,Lucknow,2024-09-30
1059,Vikas Mehta,Female,35,9303079679,Karnataka,Bengaluru,2025-02-28
1060,Riya Verma,Male,22,9292022508,Delhi,New Delhi,2024-04-09
1061,Karan Singh,Male,18,9844200815,Delhi,New Delhi,2025-02-03
1062,Anjali Patel,Female,57,9082341257,Gujarat,Rajkot,2024-01-28
1063,Aditya Jain,Male,54,9584938899,Karnataka,Mysuru,2024-07-12
1064,Arjun Kumar,Female,45,9099789267,Rajasthan,Udaipur,2025-06-06
1065,Sakshi Gupta,Male,31,9118000612,Maharashtra,Pune,2024-10-08
1066,Sakshi Singh,Female,20,9791511180,Rajasthan,Banswara,2024-10-27
1067,Aditya Joshi,Female,29,9901125434,Uttar Pradesh,Noida,2024-10-27
1068,Aman Singh,Female,18,9103299157,Delhi,New Delhi,2025-04-21
1069,Aditya Mehta,Female,45,9643420526,Delhi,New Delhi,2024-05-14
1070,Aditya Yadav,Male,56,9533671842,Delhi,New Delhi,2024-08-16
1071,Sneha Singh,Female,34,9819030253,Delhi,New Delhi,2024-02-03
1072,Neha Jain,Female,41,9644121109,Delhi,New Delhi,2025-03-17
1073,Aman Kumar,Female,42,9084840412,Maharashtra,Nagpur,2025-03-10
1074,Arjun Jain,Female,41,9972603702,Rajasthan,Jaipur,2024-06-16
1075,Nisha Sharma,Male,25,9535143906,Rajasthan,Udaipur,2024-12-14
1076,Pooja Jain,Male,49,9002791961,Karnataka,Bengaluru,2024-10-27
1077,Rohit Gupta,Female,44,9520799407,Karnataka,Mysuru,2024-07-11
1078,Nisha Mehta,Male,46,9054708038,Delhi,New Delhi,2024-02-27
1079,Vikas Jain,Male,32,9134929572,Gujarat,Rajkot,2025-05-18
1080,Neha Jain,Female,45,9288859671,Karnataka,Mysuru,2025-05-15
1081,Nisha Mehta,Male,27,9832863572,Karnataka,Bengaluru,2024-07-15
1082,Sneha Joshi,Male,60,9182299163,Gujarat,Rajkot,2024-02-17
1083,Vivaan Kumar,Female,48,9746161429,Delhi,New Delhi,2025-01-13
1084,Riya Yadav,Female,60,9105624166,Karnataka,Mysuru,2025-05-02
1085,Rohit Verma,Female,47,9154423285,Maharashtra,Pune,2024-09-16
1086,Sneha Joshi,Female,56,9033558443,Delhi,New Delhi,2024-08-10
1087,Nisha Singh,Male,55,9775453852,Karnataka,Mysuru,2025-06-04
1088,Aditya Gupta,Female,18,9737081221,Rajasthan,Banswara,2024-10-08
1089,Aman Singh,Female,42,9704569329,Karnataka,Bengaluru,2024-05-25
1090,Aisha Kumar,Male,47,9758719849,Karnataka,Bengaluru,2024-12-13
1091,Kavya Yadav,Female,54,9374570815,Maharashtra,Mumbai,2024-05-28
1092,Vivaan Yadav,Male,57,9995497184,Delhi,New Delhi,2024-04-28
1093,Sakshi Sharma,Male,45,9026427182,Uttar Pradesh,Lucknow,2025-02-09
1094,Aditya Jain,Male,40,9375835374,Gujarat,Surat,2025-03-24
1095,Karan Mehta,Male,18,9370987020,Uttar Pradesh,Kanpur,2024-09-29
1096,Anjali Joshi,Female,57,9345364252,Uttar Pradesh,Noida,2024-05-27
1097,Riya Sharma,Male,18,9147227138,Maharashtra,Mumbai,2024-01-16
1098,Rahul Jain,Male,46,9816723030,Gujarat,Surat,2024-04-21
1099,Kavya Patel,Male,21,9318399013,Rajasthan,Banswara,2024-08-27
1100,Aman Yadav,Female,47,9149041800,Delhi,New Delhi,2024-05-25
1101,Deepak Singh,Male,50,9132512916,Uttar Pradesh,Noida,2025-05-30
1102,Pooja Jain,Female,19,9043776652,Karnataka,Bengaluru,2024-10-21
1103,Deepak Verma,Male,33,9101622167,Maharashtra,Pune,2025-03-26
1104,Aarav Joshi,Female,23,9798423171,Uttar Pradesh,Lucknow,2024-05-04
1105,Anjali Jain,Male,29,9273916629,Rajasthan,Banswara,2024-08-26
1106,Pooja Gupta,Male,60,9207049527,Rajasthan,Jaipur,2024-11-14
1107,Arjun Sharma,Female,57,9396435517,Gujarat,Rajkot,2025-04-27
1108,Arjun Patel,Male,40,9121634240,Rajasthan,Kota,2024-09-29
1109,Vikas Yadav,Female,54,9328914448,Karnataka,Mysuru,2024-06-26
1110,Arjun Sharma,Female,20,9906716643,Uttar Pradesh,Kanpur,2025-01-13
1111,Rohit Jain,Male,53,9096583320,Uttar Pradesh,Kanpur,2024-09-27
1112,Karan Yadav,Female,35,9247352298,Delhi,New Delhi,2025-01-28
1113,Sneha Joshi,Male,28,9146922712,Rajasthan,Kota,2024-08-20
1114,Pooja Jain,Female,26,9909653452,Gujarat,Ahmedabad,2024-04-06
1115,Vivaan Kumar,Female,43,9135207236,Karnataka,Bengaluru,2025-04-11
1116,Aman Kumar,Female,23,9071350290,Maharashtra,Pune,2024-10-09
1117,Sneha Patel,Female,44,9190581005,Uttar Pradesh,Noida,2025-03-30
1118,Riya Gupta,Female,48,9770889865,Gujarat,Ahmedabad,2025-06-17
1119,Anjali Joshi,Female,19,9454387009,Delhi,New Delhi,2024-01-20
1120,Sneha Kumar,Female,59,9743278302,Gujarat,Surat,2025-05-12
1121,Riya Gupta,Male,58,9347304209,Karnataka,Bengaluru,2024-04-06
1122,Deepak Singh,Female,60,9648966695,Delhi,New Delhi,2024-04-07
1123,Anjali Mehta,Female,45,9712361575,Uttar Pradesh,Kanpur,2025-06-09
1124,Arjun Patel,Male,49,9655374871,Gujarat,Rajkot,2024-06-26
1125,Priya Patel,Female,39,9040500733,Delhi,New Delhi,2025-02-08
1126,Priya Verma,Male,45,9581990282,Uttar Pradesh,Noida,2024-10-30
1127,Neha Sharma,Female,31,9378175022,Rajasthan,Kota,2024-11-16
1128,Anjali Patel,Female,38,9272258744,Maharashtra,Nagpur,2024-08-25
1129,Aarav Joshi,Male,26,9641668937,Karnataka,Bengaluru,2024-03-30
1130,Deepak Patel,Male,24,9142466343,Uttar Pradesh,Lucknow,2024-07-26
1131,Pooja Mehta,Male,60,9991691570,Karnataka,Bengaluru,2024-02-17
1132,Pooja Yadav,Male,19,9764197120,Gujarat,Ahmedabad,2024-07-06
1133,Priya Singh,Female,41,9014194936,Delhi,New Delhi,2024-04-15
1134,Aman Singh,Male,50,9924207576,Rajasthan,Kota,2024-08-17
1135,Karan Sharma,Female,39,9569851918,Maharashtra,Pune,2024-03-20
1136,Karan Mehta,Male,32,9881638150,Karnataka,Bengaluru,2024-10-04
1137,Pooja Jain,Male,34,9416024143,Maharashtra,Nagpur,2024-02-07
1138,Karan Mehta,Male,59,9312068920,Uttar Pradesh,Kanpur,2025-03-27
1139,Sakshi Kumar,Male,34,9252946281,Delhi,New Delhi,2025-03-12
1140,Deepak Sharma,Female,36,9205186869,Rajasthan,Udaipur,2024-05-27
1141,Sneha Yadav,Male,35,9814737996,Delhi,New Delhi,2024-06-09
1142,Vivaan Patel,Male,26,9254419048,Uttar Pradesh,Noida,2024-09-02
1143,Deepak Joshi,Male,52,9867336311,Rajasthan,Kota,2025-02-06
1144,Karan Mehta,Female,24,9126734429,Delhi,New Delhi,2025-06-19
1145,Nisha Sharma,Male,32,9115659527,Delhi,New Delhi,2024-08-12
1146,Sneha Sharma,Male,44,9192085274,Gujarat,Ahmedabad,2025-05-24
1147,Karan Yadav,Male,31,9282922677,Maharashtra,Pune,2025-02-11
1148,Rahul Joshi,Male,25,9984672267,Delhi,New Delhi,2024-02-15
1149,Neha Mehta,Female,37,9189323305,Gujarat,Surat,2024-05-09
1150,Pooja Singh,Female,33,9350082939,Karnataka,Bengaluru,2024-01-10
1151,Vikas Jain,Male,32,9501366865,Karnataka,Mysuru,2025-05-31
1152,Neha Kumar,Female,38,9680788569,Uttar Pradesh,Lucknow,2025-01-08
1153,Vivaan Patel,Female,26,9072442572,Karnataka,Bengaluru,2024-12-30
1154,Priya Gupta,Female,26,9375185060,Karnataka,Mysuru,2024-05-15
1155,Deepak Jain,Female,31,9810240332,Gujarat,Ahmedabad,2024-11-05
1156,Arjun Verma,Female,60,9740138348,Delhi,New Delhi,2024-05-23
1157,Aman Patel,Male,60,9876629636,Rajasthan,Udaipur,2025-06-15
1158,Rahul Gupta,Male,31,9559067352,Karnataka,Bengaluru,2025-04-17
1159,Sneha Kumar,Female,59,9146920604,Karnataka,Mysuru,2025-02-01
1160,Aarav Singh,Female,39,9979181994,Uttar Pradesh,Lucknow,2024-05-14
1161,Neha Yadav,Male,50,9196599588,Karnataka,Mysuru,2025-01-20
1162,Nisha Yadav,Male,52,9127314994,Karnataka,Mysuru,2024-07-09
1163,Aman Joshi,Male,20,9561273735,Delhi,New Delhi,2025-01-03
1164,Kavya Verma,Male,21,9431525521,Karnataka,Mysuru,2024-12-04
1165,Vivaan Kumar,Male,45,9028517184,Karnataka,Bengaluru,2025-01-17
1166,Aman Mehta,Female,27,9894690402,Rajasthan,Udaipur,2025-02-23
1167,Aman Singh,Female,21,9827020467,Maharashtra,Nagpur,2024-01-25
1168,Nisha Verma,Female,56,9435745321,Gujarat,Ahmedabad,2024-05-31
1169,Vikas Singh,Male,59,9411962292,Maharashtra,Nagpur,2025-05-24
1170,Sakshi Kumar,Male,44,9936234859,Karnataka,Mysuru,2024-04-25
1171,Priya Verma,Male,37,9629038095,Uttar Pradesh,Noida,2025-02-15
1172,Riya Gupta,Male,55,9242163003,Delhi,New Delhi,2024-10-27
1173,Aman Jain,Male,42,9851189223,Gujarat,Ahmedabad,2025-04-11
1174,Deepak Singh,Female,23,9716392539,Karnataka,Mysuru,2025-03-03
1175,Vivaan Singh,Male,34,9170565615,Uttar Pradesh,Kanpur,2024-12-13
1176,Sakshi Yadav,Female,58,9770172682,Karnataka,Mysuru,2024-10-31
1177,Nisha Sharma,Male,47,9977762609,Karnataka,Mysuru,2025-02-09
1178,Karan Kumar,Male,30,9161941429,Uttar Pradesh,Noida,2024-09-06
1179,Aarav Mehta,Male,35,9442658503,Karnataka,Bengaluru,2024-11-23
1180,Nisha Kumar,Male,56,9643215531,Rajasthan,Kota,2024-05-15
1181,Anjali Yadav,Female,37,9092806785,Rajasthan,Jaipur,2025-06-06
1182,Nisha Yadav,Female,25,9811640855,Maharashtra,Nagpur,2024-07-12
1183,Vikas Gupta,Male,56,9769683245,Gujarat,Ahmedabad,2025-05-21
1184,Rohit Kumar,Female,38,9159685578,Gujarat,Ahmedabad,2024-01-14
1185,Anjali Kumar,Female,34,9599312405,Maharashtra,Pune,2025-04-11
1186,Vikas Sharma,Male,31,9388047900,Maharashtra,Mumbai,2025-05-17
1187,Aditya Yadav,Male,49,9334001579,Karnataka,Bengaluru,2024-04-12
1188,Priya Joshi,Female,25,9526121497,Maharashtra,Mumbai,2024-10-01
1189,Vikas Gupta,Male,22,9372221027,Karnataka,Mysuru,2025-01-28
1190,Aisha Jain,Male,27,9615323954,Karnataka,Bengaluru,2024-01-27
1191,Aarav Patel,Female,22,9986996337,Karnataka,Mysuru,2025-06-23
1192,Sakshi Gupta,Male,27,9702060862,Karnataka,Bengaluru,2024-02-07
1193,Kavya Jain,Female,39,9011627675,Uttar Pradesh,Noida,2024-08-14
1194,Anjali Sharma,Female,52,9717112314,Uttar Pradesh,Noida,2024-06-23
1195,Sakshi Jain,Male,35,9125012658,Gujarat,Surat,2024-01-26
1196,Karan Sharma,Male,39,9531841775,Gujarat,Surat,2025-03-31
1197,Karan Yadav,Female,22,9293060752,Maharashtra,Pune,2024-08-23
1198,Aditya Singh,Female,18,9727877414,Maharashtra,Mumbai,2024-06-07
1199,Riya Yadav,Male,51,9194063740,Uttar Pradesh,Noida,2025-01-16
1200,Pooja Patel,Female,23,9741951433,Maharashtra,Mumbai,2024-06-11
1201,Deepak Mehta,Female,26,9272545281,Delhi,New Delhi,2024-12-17
1202,Priya Verma,Female,37,9326923873,Uttar Pradesh,Kanpur,2025-04-08
1203,Aman Yadav,Female,36,9290859125,Rajasthan,Jaipur,2024-05-29
1204,Deepak Sharma,Female,57,9748571804,Uttar Pradesh,Kanpur,2024-10-25
1205,Riya Kumar,Male,57,9670362089,Uttar Pradesh,Kanpur,2025-05-05
1206,Aisha Joshi,Female,54,9824932255,Rajasthan,Banswara,2024-11-01
1207,Priya Mehta,Male,19,9265106898,Uttar Pradesh,Kanpur,2024-12-12
1208,Deepak Patel,Male,39,9829007712,Uttar Pradesh,Kanpur,2024-10-25
1209,Nisha Mehta,Female,46,9361254986,Rajasthan,Udaipur,2024-04-23
1210,Aditya Mehta,Female,42,9870958771,Gujarat,Surat,2024-11-07
1211,Aditya Mehta,Female,19,9948484940,Rajasthan,Kota,2024-07-01
1212,Pooja Singh,Female,35,9548310967,Gujarat,Surat,2025-04-26
1213,Pooja Verma,Female,35,9053686929,Karnataka,Mysuru,2024-11-19
1214,Neha Yadav,Female,31,9076867720,Rajasthan,Banswara,2025-04-22
1215,Deepak Sharma,Male,48,9502172980,Maharashtra,Mumbai,2025-06-21
1216,Nisha Singh,Male,51,9955660067,Maharashtra,Nagpur,2024-05-30
1217,Rahul Singh,Female,38,9558110210,Delhi,New Delhi,2024-07-06
1218,Aman Yadav,Male,45,9644330510,Gujarat,Surat,2024-07-08
1219,Sneha Verma,Female,25,9225637243,Maharashtra,Nagpur,2024-01-09
1220,Sneha Yadav,Female,30,9140519773,Rajasthan,Banswara,2024-11-23
1221,Aisha Joshi,Female,49,9030846753,Rajasthan,Kota,2024-08-13
1222,Sakshi Mehta,Male,19,9193255577,Karnataka,Mysuru,2024-03-24
1223,Rahul Gupta,Female,19,9133535152,Maharashtra,Mumbai,2024-06-26
1224,Aman Patel,Female,52,9654072381,Delhi,New Delhi,2024-08-05
1225,Arjun Singh,Female,31,9502640197,Maharashtra,Pune,2024-04-17
1226,Nisha Gupta,Male,21,9206872636,Delhi,New Delhi,2024-05-13
1227,Aisha Mehta,Female,55,9261899955,Maharashtra,Pune,2024-07-26
1228,Nisha Yadav,Female,48,9544854126,Rajasthan,Kota,2025-04-17
1229,Rahul Gupta,Male,50,9620733300,Maharashtra,Mumbai,2025-01-17
1230,Nisha Kumar,Female,58,9200054004,Delhi,New Delhi,2024-02-02
1231,Deepak Verma,Female,27,9772257733,Delhi,New Delhi,2024-04-05
1232,Sakshi Singh,Male,26,9145669989,Karnataka,Mysuru,2025-05-27
1233,Aman Kumar,Male,39,9911580773,Karnataka,Mysuru,2024-08-31
1234,Vivaan Verma,Female,43,9120885334,Uttar Pradesh,Noida,2024-02-10
1235,Aisha Singh,Male,30,9778754168,Rajasthan,Kota,2024-05-30
1236,Vivaan Sharma,Male,30,9360063301,Delhi,New Delhi,2024-09-07
1237,Riya Sharma,Female,43,9216067777,Delhi,New Delhi,2024-10-08
1238,Anjali Gupta,Female,33,9302380804,Karnataka,Bengaluru,2024-01-29
1239,Riya Jain,Male,39,9005273775,Karnataka,Bengaluru,2024-12-06
1240,Aarav Verma,Female,50,9183042590,Gujarat,Ahmedabad,2024-11-24
1241,Rahul Mehta,Male,21,9642501591,Rajasthan,Jaipur,2024-04-08
1242,Priya Jain,Female,39,9473091028,Rajasthan,Banswara,2024-09-05
1243,Aditya Joshi,Male,23,9005513134,Uttar Pradesh,Kanpur,2024-10-11
1244,Sakshi Patel,Female,59,9347235995,Gujarat,Surat,2024-10-04
1245,Aman Verma,Male,19,9214947533,Gujarat,Rajkot,2024-11-25
1246,Aisha Joshi,Male,57,9727203404,Gujarat,Rajkot,2024-03-19
1247,Aarav Patel,Male,41,9309254261,Gujarat,Rajkot,2025-05-16
1248,Vivaan Patel,Male,52,9582275356,Gujarat,Ahmedabad,2024-03-20
1249,Neha Yadav,Male,58,9392101916,Rajasthan,Banswara,2024-02-18
1250,Aarav Gupta,Female,25,9411653682,Maharashtra,Mumbai,2024-05-13
1251,Deepak Kumar,Female,19,9495908508,Maharashtra,Nagpur,2025-04-21
1252,Aditya Mehta,Male,58,9377526566,Rajasthan,Udaipur,2024-05-01
1253,Vikas Patel,Male,45,9690626866,Maharashtra,Nagpur,2024-04-17
1254,Vivaan Kumar,Male,25,9675568069,Uttar Pradesh,Kanpur,2024-08-11
1255,Pooja Singh,Male,50,9814479833,Delhi,New Delhi,2024-08-22
1256,Rahul Joshi,Male,34,9067277041,Maharashtra,Nagpur,2024-06-09
1257,Aarav Gupta,Female,42,9735359128,Rajasthan,Banswara,2024-04-14
1258,Rohit Yadav,Female,24,9853897487,Delhi,New Delhi,2024-06-06
1259,Neha Mehta,Male,47,9132918289,Maharashtra,Nagpur,2024-08-30
1260,Pooja Joshi,Female,26,9416885924,Uttar Pradesh,Noida,2025-06-01
1261,Sneha Singh,Female,40,9373891114,Karnataka,Mysuru,2025-02-16
1262,Neha Yadav,Male,45,9909365067,Delhi,New Delhi,2024-05-26
1263,Anjali Kumar,Female,27,9433800612,Uttar Pradesh,Kanpur,2025-06-23
1264,Rohit Yadav,Female,21,9037350054,Delhi,New Delhi,2025-02-12
1265,Rahul Jain,Male,45,9521293436,Delhi,New Delhi,2024-12-08
1266,Deepak Verma,Male,40,9887858511,Delhi,New Delhi,2024-11-13
1267,Rahul Sharma,Male,57,9464840693,Delhi,New Delhi,2024-07-23
1268,Aisha Singh,Female,44,9798361107,Gujarat,Rajkot,2024-10-27
1269,Rohit Mehta,Male,30,9026573257,Rajasthan,Kota,2025-05-16
1270,Aarav Jain,Female,34,9350539795,Rajasthan,Udaipur,2024-09-07
1271,Rohit Gupta,Male,21,9203810296,Delhi,New Delhi,2025-02-03
1272,Nisha Verma,Male,49,9880236096,Karnataka,Mysuru,2025-03-24
1273,Vivaan Yadav,Male,20,9865620082,Gujarat,Rajkot,2024-04-30
1274,Sakshi Gupta,Male,59,9189691237,Rajasthan,Kota,2024-09-23
1275,Aarav Gupta,Male,33,9118737911,Karnataka,Bengaluru,2024-09-28
1276,Kavya Joshi,Female,32,9308507972,Delhi,New Delhi,2025-06-18
1277,Aarav Yadav,Male,36,9283191907,Karnataka,Bengaluru,2024-05-26
1278,Vikas Jain,Female,46,9578369832,Uttar Pradesh,Kanpur,2025-01-22
1279,Karan Kumar,Female,27,9919516258,Karnataka,Bengaluru,2025-06-07
1280,Deepak Kumar,Female,24,9322269479,Karnataka,Mysuru,2024-10-05
1281,Aman Kumar,Female,28,9495139693,Delhi,New Delhi,2024-07-25
1282,Sneha Mehta,Female,43,9767637763,Maharashtra,Pune,2024-12-25
1283,Sneha Gupta,Female,29,9554601802,Uttar Pradesh,Kanpur,2024-09-04
1284,Anjali Patel,Male,52,9136905907,Karnataka,Mysuru,2024-08-11
1285,Sakshi Singh,Male,57,9308306546,Gujarat,Ahmedabad,2024-04-15
1286,Vikas Kumar,Male,41,9724787878,Uttar Pradesh,Noida,2024-02-17
1287,Karan Mehta,Male,45,9343856199,Karnataka,Mysuru,2025-03-24
1288,Arjun Singh,Male,40,9677143821,Uttar Pradesh,Noida,2025-04-27
1289,Aarav Gupta,Female,30,9300391385,Gujarat,Rajkot,2025-04-08
1290,Vivaan Gupta,Male,44,9638766770,Gujarat,Ahmedabad,2024-01-17
1291,Priya Sharma,Female,20,9515805971,Gujarat,Surat,2025-04-10
1292,Aarav Joshi,Female,48,9340531747,Delhi,New Delhi,2024-01-06
1293,Aditya Jain,Female,24,9545399526,Karnataka,Mysuru,2024-10-15
1294,Nisha Jain,Male,45,9473744360,Uttar Pradesh,Kanpur,2024-12-25
1295,Aarav Singh,Male,54,9911372145,Delhi,New Delhi,2025-06-02
1296,Rahul Jain,Female,29,9580120298,Rajasthan,Banswara,2024-08-21
1297,Nisha Sharma,Female,20,9951119498,Gujarat,Ahmedabad,2024-10-20
1298,Vivaan Sharma,Female,27,9222303024,Rajasthan,Banswara,2024-01-06
1299,Kavya Kumar,Male,34,9389987762,Rajasthan,Udaipur,2024-01-17
1300,Vivaan Gupta,Male,38,9537161756,Gujarat,Rajkot,2025-02-06
1301,Karan Yadav,Male,38,9604589650,Gujarat,Surat,2024-09-10
1302,Aman Patel,Male,57,9448715370,Delhi,New Delhi,2024-12-09
1303,Aditya Sharma,Male,41,9457871242,Uttar Pradesh,Noida,2025-03-15
1304,Nisha Kumar,Female,48,9934932898,Delhi,New Delhi,2024-05-08
1305,Aarav Joshi,Female,21,9029972725,Maharashtra,Nagpur,2025-05-13
1306,Aman Sharma,Female,34,9098171425,Karnataka,Bengaluru,2024-07-11
1307,Sneha Gupta,Female,58,9181993052,Rajasthan,Jaipur,2024-06-16
1308,Aarav Yadav,Male,28,9502364795,Delhi,New Delhi,2024-11-10
1309,Priya Yadav,Female,39,9810850991,Rajasthan,Udaipur,2024-12-28
1310,Arjun Yadav,Female,20,9357003188,Delhi,New Delhi,2025-03-11
1311,Neha Singh,Male,39,9059961350,Uttar Pradesh,Lucknow,2025-02-05
1312,Sneha Gupta,Male,18,9747732836,Rajasthan,Udaipur,2024-11-11
1313,Karan Yadav,Male,26,9218808979,Delhi,New Delhi,2024-11-18
1314,Vikas Sharma,Female,18,9558431046,Delhi,New Delhi,2025-03-10
1315,Neha Gupta,Male,25,9311096581,Delhi,New Delhi,2025-05-24
1316,Arjun Singh,Female,38,9627402159,Uttar Pradesh,Kanpur,2024-09-24
1317,Kavya Verma,Male,59,9699154408,Delhi,New Delhi,2024-10-08
1318,Kavya Verma,Male,32,9582525674,Karnataka,Mysuru,2024-08-04
1319,Karan Sharma,Female,28,9855796695,Maharashtra,Nagpur,2024-10-04
1320,Arjun Verma,Male,37,9184281378,Rajasthan,Banswara,2024-06-12
1321,Sneha Sharma,Male,23,9560214369,Karnataka,Bengaluru,2024-10-08
1322,Priya Mehta,Male,57,9575649584,Delhi,New Delhi,2024-02-11
1323,Aarav Sharma,Male,58,9389407593,Delhi,New Delhi,2024-05-15
1324,Aman Singh,Male,23,9075444649,Rajasthan,Jaipur,2025-04-06
1325,Deepak Joshi,Female,25,9118724644,Gujarat,Rajkot,2024-02-27
1326,Vikas Sharma,Female,26,9635838402,Gujarat,Rajkot,2024-03-13
1327,Sakshi Jain,Female,45,9271158526,Rajasthan,Banswara,2024-02-03
1328,Pooja Jain,Female,19,9505446939,Gujarat,Rajkot,2024-11-01
1329,Sakshi Sharma,Male,52,9747608591,Gujarat,Rajkot,2025-05-30
1330,Neha Mehta,Male,55,9783552432,Gujarat,Ahmedabad,2025-03-16
1331,Deepak Mehta,Female,30,9733400986,Uttar Pradesh,Lucknow,2024-03-08
1332,Sakshi Yadav,Male,50,9802356102,Uttar Pradesh,Lucknow,2024-05-14
1333,Deepak Patel,Female,31,9648028750,Rajasthan,Udaipur,2025-02-12
1334,Aisha Jain,Male,24,9789723028,Delhi,New Delhi,2024-01-11
1335,Vikas Verma,Female,34,9151896747,Gujarat,Ahmedabad,2024-02-24
1336,Rahul Yadav,Male,21,9700818721,Gujarat,Ahmedabad,2024-04-17
1337,Anjali Sharma,Female,46,9533836264,Maharashtra,Pune,2024-05-10
1338,Vivaan Verma,Male,56,9816038707,Karnataka,Bengaluru,2025-03-27
1339,Priya Gupta,Female,54,9714006407,Karnataka,Bengaluru,2024-10-10
1340,Sakshi Sharma,Female,46,9334867758,Gujarat,Rajkot,2024-09-25
1341,Aditya Sharma,Male,28,9244952851,Karnataka,Bengaluru,2024-09-24
1342,Karan Patel,Female,20,9522435970,Maharashtra,Nagpur,2025-02-04
1343,Rahul Yadav,Male,22,9531035540,Gujarat,Rajkot,2024-05-04
1344,Sneha Sharma,Male,18,9377733724,Delhi,New Delhi,2024-07-30
1345,Vivaan Yadav,Female,51,9596101953,Uttar Pradesh,Lucknow,2024-05-11
1346,Priya Patel,Male,60,9824722628,Maharashtra,Mumbai,2024-12-15
1347,Nisha Yadav,Male,42,9239884388,Delhi,New Delhi,2025-02-04
1348,Nisha Jain,Female,50,9168786890,Karnataka,Mysuru,2024-01-09
1349,Anjali Gupta,Female,24,9634966891,Delhi,New Delhi,2025-04-28
1350,Aarav Jain,Male,32,9012783971,Karnataka,Mysuru,2025-01-10
1351,Arjun Joshi,Female,23,9141257081,Maharashtra,Pune,2025-02-12
1352,Nisha Verma,Male,40,9367417343,Karnataka,Bengaluru,2024-09-09
1353,Vivaan Singh,Male,50,9128229015,Delhi,New Delhi,2024-09-22
1354,Vikas Patel,Female,35,9713655343,Gujarat,Ahmedabad,2024-11-18
1355,Aditya Joshi,Male,59,9997379740,Delhi,New Delhi,2025-03-18
1356,Pooja Yadav,Male,21,9308636718,Gujarat,Ahmedabad,2024-01-29
1357,Rahul Sharma,Female,39,9067530985,Karnataka,Bengaluru,2025-04-28
1358,Anjali Yadav,Male,27,9354643812,Delhi,New Delhi,2024-07-11
1359,Vivaan Jain,Female,31,9329815348,Maharashtra,Pune,2025-05-20
1360,Aisha Jain,Female,38,9451050820,Rajasthan,Kota,2024-03-12
1361,Neha Kumar,Male,23,9740369756,Karnataka,Bengaluru,2024-04-08
1362,Rahul Kumar,Female,21,9157347724,Karnataka,Mysuru,2025-02-24
1363,Aisha Kumar,Female,58,9052599544,Delhi,New Delhi,2024-10-29
1364,Vivaan Kumar,Female,33,9520098431,Uttar Pradesh,Kanpur,2024-09-07
1365,Deepak Verma,Male,27,9058666390,Maharashtra,Mumbai,2025-03-14
1366,Vivaan Mehta,Male,32,9882799298,Maharashtra,Nagpur,2024-10-26
1367,Rahul Kumar,Male,46,9280770386,Rajasthan,Banswara,2024-12-16
1368,Priya Patel,Male,22,9697955113,Gujarat,Ahmedabad,2024-06-04
1369,Vivaan Yadav,Female,25,9631774570,Delhi,New Delhi,2025-01-03
1370,Rahul Jain,Male,50,9625171354,Maharashtra,Mumbai,2025-02-06
1371,Pooja Sharma,Female,23,9473811862,Maharashtra,Pune,2024-05-04
1372,Neha Patel,Male,36,9191336035,Delhi,New Delhi,2024-05-07
1373,Rahul Patel,Male,37,9471287265,Maharashtra,Nagpur,2024-01-25
1374,Sneha Yadav,Male,57,9318125451,Karnataka,Mysuru,2024-12-13
1375,Aman Joshi,Male,54,9486836323,Karnataka,Bengaluru,2024-03-30
1376,Vivaan Yadav,Female,43,9469055704,Rajasthan,Banswara,2025-02-01
1377,Anjali Jain,Female,53,9122071949,Gujarat,Rajkot,2024-08-11
1378,Aisha Singh,Male,26,9887354018,Maharashtra,Mumbai,2024-07-17
1379,Rohit Jain,Female,60,9281735612,Delhi,New Delhi,2024-10-09
1380,Kavya Singh,Female,49,9078256164,Uttar Pradesh,Noida,2025-05-10
1381,Vikas Gupta,Male,52,9807894375,Gujarat,Surat,2024-07-05
1382,Karan Mehta,Female,19,9617598880,Delhi,New Delhi,2024-04-29
1383,Vikas Yadav,Female,42,9325355831,Rajasthan,Jaipur,2024-01-20
1384,Kavya Mehta,Male,36,9691051852,Gujarat,Ahmedabad,2024-12-23
1385,Sakshi Sharma,Female,54,9854853143,Maharashtra,Pune,2024-08-07
1386,Vivaan Kumar,Male,54,9259184594,Delhi,New Delhi,2024-12-08
1387,Priya Verma,Female,31,9964249423,Gujarat,Ahmedabad,2024-07-08
1388,Anjali Singh,Female,19,9550697830,Rajasthan,Kota,2024-11-11
1389,Rahul Kumar,Female,22,9826961393,Delhi,New Delhi,2024-11-26
1390,Aman Singh,Female,58,9850717798,Uttar Pradesh,Kanpur,2024-09-09
1391,Deepak Singh,Male,34,9204994064,Rajasthan,Kota,2024-10-04
1392,Nisha Kumar,Female,38,9761817663,Delhi,New Delhi,2024-02-14
1393,Karan Jain,Female,46,9485759974,Uttar Pradesh,Lucknow,2025-05-04
1394,Pooja Joshi,Male,29,9311990676,Rajasthan,Jaipur,2025-06-05
1395,Sakshi Patel,Female,57,9139249281,Rajasthan,Udaipur,2025-03-12
1396,Nisha Singh,Male,42,9751053592,Karnataka,Bengaluru,2024-01-31
1397,Aisha Yadav,Male,29,9478157737,Karnataka,Mysuru,2025-01-10
1398,Nisha Patel,Male,34,9182191252,Rajasthan,Udaipur,2024-11-24
1399,Vikas Verma,Male,44,9973876102,Gujarat,Surat,2024-05-04
1400,Neha Verma,Female,51,9728242314,Delhi,New Delhi,2024-03-09
1401,Aisha Kumar,Male,29,9436070746,Karnataka,Bengaluru,2024-08-19
1402,Nisha Sharma,Female,54,9812321137,Rajasthan,Udaipur,2024-08-27
1403,Aisha Jain,Male,56,9064511438,Gujarat,Rajkot,2024-12-26
1404,Vikas Gupta,Male,36,9871359793,Delhi,New Delhi,2025-02-24
1405,Deepak Verma,Male,34,9071549744,Rajasthan,Udaipur,2024-12-14
1406,Sneha Patel,Female,50,9607623949,Uttar Pradesh,Kanpur,2024-05-10
1407,Rahul Yadav,Female,47,9781132548,Karnataka,Mysuru,2024-08-28
1408,Rahul Mehta,Female,36,9704707761,Karnataka,Bengaluru,2024-11-30
1409,Pooja Kumar,Male,34,9267017665,Karnataka,Mysuru,2025-02-23
1410,Aarav Jain,Female,28,9386952968,Karnataka,Mysuru,2024-05-21
1411,Arjun Gupta,Male,50,9548286486,Rajasthan,Jaipur,2024-03-07
1412,Vikas Gupta,Female,52,9033653664,Rajasthan,Banswara,2025-05-03
1413,Deepak Jain,Male,26,9505025093,Rajasthan,Kota,2024-11-23
1414,Rohit Patel,Male,52,9817092293,Rajasthan,Udaipur,2025-02-07
1415,Rahul Jain,Female,24,9034470467,Gujarat,Rajkot,2024-07-06
1416,Pooja Verma,Male,38,9159433306,Karnataka,Bengaluru,2025-06-24
1417,Aarav Joshi,Female,25,9722256947,Gujarat,Rajkot,2024-06-27
1418,Neha Mehta,Female,38,9627207753,Delhi,New Delhi,2024-06-20
1419,Arjun Yadav,Male,19,9547247838,Karnataka,Bengaluru,2024-12-14
1420,Aman Joshi,Male,21,9738364801,Maharashtra,Pune,2024-01-22
1421,Deepak Gupta,Male,32,9525599834,Uttar Pradesh,Lucknow,2025-01-23
1422,Vikas Sharma,Male,46,9440665636,Gujarat,Rajkot,2024-08-24
1423,Rahul Jain,Female,31,9308230573,Maharashtra,Mumbai,2024-06-21
1424,Kavya Verma,Female,23,9922617977,Karnataka,Mysuru,2024-12-23
1425,Sneha Yadav,Female,58,9161885135,Uttar Pradesh,Lucknow,2025-05-12
1426,Rahul Sharma,Female,25,9305840010,Uttar Pradesh,Lucknow,2024-11-04
1427,Arjun Gupta,Female,54,9203661024,Maharashtra,Mumbai,2025-05-13
1428,Arjun Patel,Female,18,9358042288,Uttar Pradesh,Kanpur,2024-05-28
1429,Pooja Gupta,Male,31,9965942047,Gujarat,Rajkot,2025-01-27
1430,Anjali Gupta,Female,41,9187756851,Gujarat,Ahmedabad,2025-04-28
1431,Aarav Patel,Female,28,9603165609,Maharashtra,Mumbai,2025-03-13
1432,Aisha Kumar,Female,58,9158199003,Karnataka,Mysuru,2024-12-13
1433,Aarav Singh,Male,23,9751802912,Karnataka,Mysuru,2024-06-26
1434,Arjun Sharma,Male,51,9558864094,Gujarat,Ahmedabad,2024-12-20
1435,Karan Joshi,Female,32,9152135071,Delhi,New Delhi,2024-09-14
1436,Rohit Sharma,Female,25,9005576978,Gujarat,Surat,2024-06-07
1437,Neha Yadav,Male,40,9111655836,Uttar Pradesh,Noida,2025-04-13
1438,Anjali Yadav,Male,53,9596102223,Maharashtra,Nagpur,2024-05-04
1439,Rohit Singh,Male,31,9997570842,Gujarat,Rajkot,2024-10-06
1440,Rohit Sharma,Female,20,9631264693,Karnataka,Mysuru,2024-10-30
1441,Aman Sharma,Male,56,9202057216,Rajasthan,Jaipur,2024-03-19
1442,Sneha Jain,Male,45,9722505136,Rajasthan,Jaipur,2024-07-21
1443,Deepak Jain,Male,51,9344996438,Maharashtra,Pune,2024-07-26
1444,Vikas Singh,Female,50,9531523716,Karnataka,Mysuru,2024-08-07
1445,Vivaan Gupta,Male,60,9987983769,Rajasthan,Jaipur,2024-07-04
1446,Anjali Kumar,Male,23,9825421507,Uttar Pradesh,Lucknow,2025-03-24
1447,Sneha Verma,Male,45,9280817948,Gujarat,Rajkot,2024-04-05
1448,Aditya Kumar,Female,21,9354167858,Delhi,New Delhi,2025-01-06
1449,Aisha Jain,Male,51,9899398828,Gujarat,Rajkot,2024-07-22
1450,Deepak Kumar,Male,58,9871485546,Karnataka,Mysuru,2024-01-17
1451,Rahul Mehta,Male,51,9151584593,Maharashtra,Nagpur,2024-07-28
1452,Kavya Gupta,Female,18,9598869587,Gujarat,Surat,2025-06-22
1453,Aman Kumar,Male,49,9647166176,Karnataka,Mysuru,2025-02-12
1454,Kavya Sharma,Male,29,9357577051,Gujarat,Ahmedabad,2025-03-13
1455,Rohit Gupta,Male,41,9972196929,Karnataka,Mysuru,2025-04-28
1456,Arjun Joshi,Female,24,9277147687,Uttar Pradesh,Kanpur,2024-10-30
1457,Deepak Joshi,Male,57,9995250425,Rajasthan,Banswara,2024-09-28
1458,Karan Yadav,Male,44,9594491945,Karnataka,Bengaluru,2025-04-20
1459,Riya Mehta,Male,30,9763672012,Maharashtra,Nagpur,2024-05-12
1460,Nisha Kumar,Male,30,9703131076,Karnataka,Bengaluru,2024-03-28
1461,Nisha Yadav,Male,56,9541570537,Gujarat,Rajkot,2024-02-12
1462,Priya Gupta,Male,20,9767017838,Delhi,New Delhi,2024-04-15
1463,Vivaan Yadav,Male,27,9785013124,Maharashtra,Nagpur,2024-08-17
1464,Aman Joshi,Female,50,9540657283,Rajasthan,Udaipur,2025-06-20
1465,Priya Patel,Female,22,9435307778,Maharashtra,Nagpur,2025-01-23
1466,Deepak Kumar,Male,54,9553081527,Maharashtra,Nagpur,2024-08-18
1467,Karan Mehta,Male,49,9179934890,Delhi,New Delhi,2024-08-21
1468,Neha Patel,Male,38,9387624059,Uttar Pradesh,Lucknow,2024-10-06
1469,Vikas Sharma,Male,38,9305394176,Karnataka,Bengaluru,2024-03-22
1470,Arjun Yadav,Male,32,9105981408,Karnataka,Bengaluru,2024-08-19
1471,Priya Joshi,Female,36,9161480730,Maharashtra,Mumbai,2025-02-28
1472,Aisha Joshi,Female,52,9517516412,Delhi,New Delhi,2024-08-23
1473,Deepak Sharma,Female,34,9284811936,Rajasthan,Kota,2025-02-13
1474,Aman Jain,Male,24,9722922106,Rajasthan,Kota,2024-02-28
1475,Sakshi Sharma,Female,42,9229456345,Rajasthan,Udaipur,2024-12-18
1476,Neha Mehta,Male,52,9457973692,Gujarat,Rajkot,2024-01-14
1477,Arjun Mehta,Male,32,9247300247,Karnataka,Bengaluru,2024-07-22
1478,Aman Joshi,Female,56,9366175626,Karnataka,Mysuru,2025-06-07
1479,Vikas Gupta,Male,33,9002765724,Delhi,New Delhi,2025-02-28
1480,Anjali Mehta,Male,30,9810935300,Delhi,New Delhi,2024-05-10
1481,Aditya Verma,Male,18,9198782263,Delhi,New Delhi,2024-05-29
1482,Vikas Verma,Male,50,9834175936,Maharashtra,Nagpur,2025-03-04
1483,Sakshi Mehta,Female,40,9574301018,Karnataka,Bengaluru,2024-09-22
1484,Arjun Gupta,Female,44,9610213459,Gujarat,Surat,2024-10-31
1485,Deepak Sharma,Female,37,9065640235,Uttar Pradesh,Kanpur,2024-05-12
1486,Riya Jain,Male,44,9452119866,Maharashtra,Mumbai,2025-05-09
1487,Aman Gupta,Female,20,9762019819,Delhi,New Delhi,2025-01-23
1488,Karan Singh,Female,58,9115259335,Rajasthan,Jaipur,2024-04-22
1489,Aarav Joshi,Female,23,9346407816,Uttar Pradesh,Lucknow,2024-09-23
1490,Aditya Sharma,Male,26,9537489289,Rajasthan,Kota,2024-10-12
1491,Priya Sharma,Female,36,9506223655,Uttar Pradesh,Kanpur,2024-04-02
1492,Sneha Gupta,Male,50,9326814971,Karnataka,Mysuru,2025-01-15
1493,Sneha Yadav,Male,38,9601492862,Uttar Pradesh,Kanpur,2025-05-03
1494,Arjun Kumar,Male,52,9596080728,Maharashtra,Nagpur,2025-05-05
1495,Sneha Kumar,Male,57,9633841792,Karnataka,Bengaluru,2024-05-10
1496,Aisha Gupta,Female,52,9819418628,Delhi,New Delhi,2025-04-08
1497,Sneha Patel,Female,52,9179450596,Maharashtra,Pune,2024-12-06
1498,Sneha Jain,Female,43,9323048378,Karnataka,Bengaluru,2024-10-31
1499,Karan Patel,Female,53,9574743448,Delhi,New Delhi,2024-11-09
1500,Sneha Gupta,Male,46,9019097058,Karnataka,Bengaluru,2025-03-11
1501,Vikas Kumar,Female,45,9038986065,Karnataka,Bengaluru,2024-01-27
1502,Nisha Patel,Female,46,9658152059,Maharashtra,Mumbai,2025-04-04
1503,Pooja Sharma,Female,51,9942349249,Delhi,New Delhi,2024-05-18
1504,Anjali Mehta,Male,56,9339688639,Gujarat,Rajkot,2024-09-08
1505,Karan Mehta,Female,29,9606525769,Delhi,New Delhi,2024-08-15
1506,Nisha Mehta,Female,53,9652882643,Uttar Pradesh,Lucknow,2024-07-21
1507,Aman Singh,Female,38,9348011862,Maharashtra,Nagpur,2024-08-03
1508,Anjali Kumar,Male,55,9128842223,Gujarat,Ahmedabad,2025-03-01
1509,Aisha Jain,Male,54,9065256902,Karnataka,Bengaluru,2024-06-28
1510,Anjali Sharma,Female,34,9823278646,Maharashtra,Nagpur,2025-06-08
1511,Vivaan Jain,Female,49,9483739338,Maharashtra,Mumbai,2024-12-11
1512,Aditya Kumar,Female,53,9390541378,Rajasthan,Udaipur,2025-01-10
1513,Aditya Patel,Female,20,9822433070,Gujarat,Surat,2024-12-08
1514,Nisha Sharma,Male,19,9222003566,Maharashtra,Pune,2024-04-05
1515,Nisha Yadav,Female,27,9041895094,Karnataka,Bengaluru,2025-02-25
1516,Rohit Singh,Male,20,9994321659,Maharashtra,Mumbai,2024-01-10
1517,Sneha Mehta,Male,31,9710096497,Rajasthan,Kota,2025-06-24
1518,Rahul Gupta,Female,41,9000292078,Delhi,New Delhi,2024-02-16
1519,Aarav Joshi,Male,20,9336649324,Delhi,New Delhi,2024-01-19
1520,Aman Gupta,Female,35,9236883919,Uttar Pradesh,Lucknow,2024-10-05
1521,Karan Mehta,Female,50,9776108136,Uttar Pradesh,Noida,2025-06-20
1522,Aarav Kumar,Female,60,9167396156,Gujarat,Ahmedabad,2025-02-23
1523,Kavya Mehta,Male,44,9217925596,Gujarat,Ahmedabad,2024-11-23
1524,Sakshi Singh,Female,53,9394715799,Maharashtra,Nagpur,2024-06-05
1525,Aman Patel,Female,40,9472602109,Karnataka,Bengaluru,2024-04-30
1526,Deepak Sharma,Female,27,9570336976,Maharashtra,Pune,2024-08-11
1527,Riya Jain,Female,22,9215263483,Rajasthan,Jaipur,2025-02-05
1528,Neha Verma,Male,28,9612054146,Gujarat,Ahmedabad,2024-09-02
1529,Aarav Verma,Male,24,9141635010,Uttar Pradesh,Noida,2024-10-25
1530,Karan Yadav,Male,39,9305582492,Delhi,New Delhi,2024-08-19
1531,Pooja Patel,Female,55,9275844551,Karnataka,Mysuru,2024-03-23
1532,Aman Joshi,Female,40,9722318389,Delhi,New Delhi,2024-12-29
1533,Vikas Jain,Female,22,9791147331,Maharashtra,Nagpur,2025-04-23
1534,Anjali Gupta,Female,21,9607605741,Delhi,New Delhi,2024-05-26
1535,Neha Kumar,Female,25,9401145335,Karnataka,Bengaluru,2024-10-23
1536,Rohit Mehta,Male,29,9884730931,Gujarat,Surat,2024-12-30
1537,Aman Singh,Female,19,9040008225,Maharashtra,Mumbai,2024-07-18
1538,Priya Sharma,Male,39,9690553085,Delhi,New Delhi,2025-05-18
1539,Rohit Joshi,Male,29,9920277692,Delhi,New Delhi,2025-05-18
1540,Rohit Mehta,Female,42,9624146168,Delhi,New Delhi,2024-02-25
1541,Arjun Jain,Female,59,9570769600,Rajasthan,Udaipur,2024-05-20
1542,Pooja Mehta,Male,55,9647909872,Maharashtra,Nagpur,2024-01-07
1543,Sneha Patel,Male,37,9063719875,Delhi,New Delhi,2024-04-01
1544,Vikas Jain,Female,45,9342039340,Karnataka,Bengaluru,2025-06-18
1545,Vikas Verma,Female,41,9976462015,Maharashtra,Mumbai,2025-05-05
1546,Rohit Singh,Male,35,9209500266,Maharashtra,Nagpur,2025-01-20
1547,Aditya Jain,Female,31,9687844249,Uttar Pradesh,Noida,2024-06-14
1548,Anjali Gupta,Male,35,9340215079,Maharashtra,Mumbai,2024-09-18
1549,Rahul Joshi,Male,56,9829170454,Karnataka,Mysuru,2024-02-11
1550,Sneha Singh,Female,39,9492084846,Rajasthan,Udaipur,2024-09-17
1551,Karan Gupta,Female,48,9332192140,Karnataka,Mysuru,2024-02-07
1552,Aman Gupta,Female,31,9859312319,Gujarat,Rajkot,2024-03-14
1553,Nisha Mehta,Male,18,9210879909,Delhi,New Delhi,2024-03-21
1554,Aman Verma,Male,53,9181060914,Gujarat,Surat,2024-10-27
1555,Karan Yadav,Male,41,9837750782,Karnataka,Bengaluru,2024-01-11
1556,Priya Yadav,Female,42,9743033689,Karnataka,Bengaluru,2024-04-04
1557,Aman Jain,Male,20,9446145827,Karnataka,Bengaluru,2024-01-04
1558,Aman Sharma,Male,53,9032224077,Delhi,New Delhi,2024-05-23
1559,Aarav Singh,Male,27,9828612585,Delhi,New Delhi,2025-01-04
1560,Sakshi Gupta,Male,45,9213006829,Delhi,New Delhi,2024-09-23
1561,Aarav Joshi,Male,44,9823722565,Karnataka,Bengaluru,2025-01-08
1562,Aditya Gupta,Female,45,9899057990,Gujarat,Surat,2024-10-08
1563,Vivaan Singh,Female,33,9337452389,Maharashtra,Mumbai,2024-02-06
1564,Vivaan Kumar,Male,29,9288788841,Rajasthan,Banswara,2024-07-26
1565,Riya Singh,Female,50,9430361088,Delhi,New Delhi,2024-03-04
1566,Anjali Patel,Female,53,9826017347,Gujarat,Rajkot,2024-09-13
1567,Aarav Yadav,Female,57,9936671808,Gujarat,Surat,2024-01-14
1568,Arjun Mehta,Male,49,9518725757,Gujarat,Rajkot,2024-03-29
1569,Deepak Singh,Male,38,9308591508,Karnataka,Mysuru,2024-04-05
1570,Aisha Verma,Female,18,9725564153,Gujarat,Rajkot,2024-02-06
1571,Rohit Sharma,Female,58,9948439770,Delhi,New Delhi,2024-08-10
1572,Rahul Mehta,Female,38,9791350187,Maharashtra,Mumbai,2024-05-04
1573,Aditya Verma,Male,22,9012199842,Gujarat,Rajkot,2024-09-18
1574,Vikas Singh,Female,37,9663893696,Delhi,New Delhi,2024-03-20
1575,Nisha Joshi,Female,32,9047744987,Maharashtra,Nagpur,2024-02-22
1576,Anjali Mehta,Female,34,9303809926,Gujarat,Ahmedabad,2024-02-22
1577,Deepak Patel,Male,29,9744208036,Uttar Pradesh,Kanpur,2025-06-22
1578,Rohit Joshi,Female,48,9454520921,Maharashtra,Mumbai,2025-06-04
1579,Nisha Mehta,Female,23,9404902854,Maharashtra,Nagpur,2024-12-20
1580,Riya Kumar,Female,56,9799410891,Maharashtra,Nagpur,2025-01-28
1581,Sakshi Kumar,Male,28,9695608470,Maharashtra,Mumbai,2025-05-02
1582,Sneha Yadav,Male,18,9712683152,Karnataka,Bengaluru,2025-06-06
1583,Aarav Mehta,Male,24,9923146603,Karnataka,Mysuru,2025-01-11
1584,Rohit Verma,Female,22,9798897942,Delhi,New Delhi,2025-01-31
1585,Neha Verma,Male,35,9381524859,Maharashtra,Mumbai,2025-01-10
1586,Sakshi Verma,Female,25,9755950928,Uttar Pradesh,Lucknow,2024-04-17
1587,Neha Gupta,Female,60,9127832113,Rajasthan,Udaipur,2025-01-14
1588,Sneha Jain,Male,57,9646414866,Uttar Pradesh,Kanpur,2025-04-08
1589,Rahul Kumar,Male,23,9933328627,Delhi,New Delhi,2024-10-14
1590,Vikas Sharma,Male,53,9368513754,Delhi,New Delhi,2024-09-22
1591,Anjali Mehta,Male,19,9109704285,Maharashtra,Mumbai,2024-03-18
1592,Rahul Yadav,Female,24,9758552714,Maharashtra,Mumbai,2024-05-28
1593,Sneha Verma,Female,49,9891630701,Maharashtra,Nagpur,2025-05-21
1594,Rahul Yadav,Male,38,9177330477,Karnataka,Mysuru,2025-03-29
1595,Aditya Kumar,Female,56,9743101247,Delhi,New Delhi,2024-03-23
1596,Pooja Sharma,Female,31,9821989297,Rajasthan,Udaipur,2025-04-27
1597,Aarav Verma,Male,50,9788603549,Delhi,New Delhi,2024-12-23
1598,Sakshi Patel,Female,19,9798115116,Maharashtra,Pune,2025-01-13
1599,Aditya Patel,Female,48,9116319172,Maharashtra,Mumbai,2024-03-03
1600,Aman Mehta,Female,36,9753084658,Delhi,New Delhi,2024-03-16
1601,Vivaan Joshi,Female,20,9653958667,Rajasthan,Jaipur,2024-04-20
1602,Karan Joshi,Female,60,9686679622,Karnataka,Bengaluru,2024-04-26
1603,Priya Jain,Female,53,9433186036,Karnataka,Mysuru,2024-07-22
1604,Priya Gupta,Male,48,9419294377,Delhi,New Delhi,2024-01-06
1605,Karan Yadav,Male,31,9039013032,Uttar Pradesh,Lucknow,2025-04-04
1606,Vivaan Patel,Female,30,9897153114,Uttar Pradesh,Lucknow,2024-03-15
1607,Sneha Yadav,Female,57,9125132257,Maharashtra,Mumbai,2025-05-05
1608,Vivaan Gupta,Male,53,9257940787,Delhi,New Delhi,2024-01-09
1609,Aisha Patel,Female,54,9777356774,Karnataka,Bengaluru,2025-05-11
1610,Sakshi Joshi,Male,57,9210040631,Gujarat,Rajkot,2024-12-12
1611,Anjali Verma,Female,54,9572688641,Delhi,New Delhi,2024-07-06
1612,Pooja Kumar,Male,27,9877747271,Delhi,New Delhi,2025-04-21
1613,Aisha Singh,Male,35,9864440638,Delhi,New Delhi,2025-03-16
1614,Vivaan Singh,Female,26,9820087097,Delhi,New Delhi,2024-04-17
1615,Arjun Jain,Male,53,9503338751,Maharashtra,Pune,2024-05-07
1616,Kavya Verma,Male,29,9790109574,Karnataka,Bengaluru,2024-03-12
1617,Pooja Verma,Male,20,9969231662,Uttar Pradesh,Kanpur,2025-03-24
1618,Rohit Jain,Female,25,9370416642,Rajasthan,Kota,2024-09-02
1619,Anjali Verma,Female,59,9641774007,Karnataka,Bengaluru,2024-07-04
1620,Priya Verma,Female,39,9837785796,Delhi,New Delhi,2025-06-08
1621,Deepak Patel,Female,32,9123632567,Delhi,New Delhi,2024-07-07
1622,Vivaan Gupta,Female,49,9530677252,Uttar Pradesh,Kanpur,2025-03-24
1623,Karan Patel,Female,22,9757445836,Maharashtra,Nagpur,2025-02-26
1624,Aditya Singh,Female,23,9728688690,Karnataka,Mysuru,2024-02-13
1625,Arjun Joshi,Female,54,9357893310,Uttar Pradesh,Kanpur,2024-04-21
1626,Kavya Gupta,Female,49,9427442212,Gujarat,Ahmedabad,2025-01-11
1627,Vikas Singh,Female,20,9816198761,Delhi,New Delhi,2024-03-07
1628,Nisha Sharma,Male,56,9399263019,Uttar Pradesh,Lucknow,2024-11-09
1629,Sakshi Gupta,Male,59,9670738948,Rajasthan,Udaipur,2024-10-11
1630,Vivaan Jain,Male,46,9766462993,Maharashtra,Pune,2024-03-06
1631,Arjun Yadav,Male,24,9497622969,Uttar Pradesh,Noida,2024-06-07
1632,Rohit Patel,Female,31,9016420161,Gujarat,Surat,2025-06-22
1633,Deepak Kumar,Female,53,9628821199,Delhi,New Delhi,2024-07-04
1634,Deepak Joshi,Female,53,9961779354,Maharashtra,Nagpur,2024-01-02
1635,Deepak Verma,Male,46,9502167954,Delhi,New Delhi,2024-01-08
1636,Karan Gupta,Male,26,9089193030,Gujarat,Rajkot,2024-03-24
1637,Sneha Sharma,Male,18,9859051129,Rajasthan,Banswara,2024-09-30
1638,Kavya Jain,Female,41,9659661735,Rajasthan,Kota,2024-11-03
1639,Aisha Verma,Female,43,9966380846,Maharashtra,Nagpur,2024-02-20
1640,Riya Sharma,Female,53,9831671882,Uttar Pradesh,Kanpur,2024-07-07
1641,Aditya Yadav,Female,43,9197199253,Rajasthan,Udaipur,2024-04-24
1642,Aarav Joshi,Male,52,9063752339,Gujarat,Surat,2024-12-28
1643,Deepak Singh,Female,25,9565816294,Maharashtra,Mumbai,2024-12-22
1644,Rahul Mehta,Female,41,9881520144,Gujarat,Ahmedabad,2025-05-24
1645,Vikas Gupta,Male,18,9672175798,Maharashtra,Pune,2025-05-27
1646,Riya Jain,Female,31,9024545019,Karnataka,Mysuru,2024-05-15
1647,Priya Mehta,Female,28,9228842339,Karnataka,Mysuru,2024-04-15
1648,Rohit Kumar,Male,58,9174886950,Delhi,New Delhi,2024-05-24
1649,Sneha Gupta,Female,38,9180885725,Uttar Pradesh,Kanpur,2024-04-11
1650,Deepak Yadav,Male,57,9267171031,Maharashtra,Nagpur,2024-12-07
1651,Aman Mehta,Male,40,9663865930,Uttar Pradesh,Lucknow,2024-08-09
1652,Vivaan Jain,Male,38,9121853797,Gujarat,Rajkot,2025-02-27
1653,Kavya Joshi,Female,21,9765778166,Uttar Pradesh,Kanpur,2024-02-01
1654,Rahul Verma,Male,58,9524830782,Uttar Pradesh,Noida,2024-10-31
1655,Nisha Verma,Female,21,9532738128,Rajasthan,Banswara,2025-02-01
1656,Aditya Kumar,Male,53,9697504392,Gujarat,Ahmedabad,2024-05-03
1657,Vikas Jain,Female,32,9091491278,Maharashtra,Mumbai,2024-01-29
1658,Sneha Joshi,Male,36,9416186190,Uttar Pradesh,Kanpur,2024-07-22
1659,Riya Patel,Female,42,9895743125,Karnataka,Mysuru,2024-05-22
1660,Nisha Yadav,Male,41,9482837894,Uttar Pradesh,Noida,2024-05-16
1661,Karan Mehta,Female,52,9729990461,Gujarat,Ahmedabad,2024-05-10
1662,Kavya Gupta,Female,31,9556119514,Maharashtra,Pune,2025-02-10
1663,Aman Patel,Female,20,9390495521,Maharashtra,Nagpur,2025-01-28
1664,Aman Mehta,Female,56,9799619225,Uttar Pradesh,Noida,2024-02-16
1665,Nisha Mehta,Male,43,9487534027,Rajasthan,Udaipur,2024-04-06
1666,Aman Gupta,Male,23,9002371008,Rajasthan,Jaipur,2025-04-03
1667,Kavya Yadav,Male,32,9477699522,Gujarat,Ahmedabad,2025-05-04
1668,Pooja Singh,Female,41,9689207460,Maharashtra,Nagpur,2024-03-21
1669,Arjun Gupta,Female,26,9764630102,Maharashtra,Mumbai,2025-01-26
1670,Aisha Singh,Female,60,9521699470,Rajasthan,Banswara,2024-07-13
1671,Rohit Mehta,Male,59,9247071439,Uttar Pradesh,Noida,2025-03-26
1672,Priya Jain,Female,53,9240053704,Gujarat,Rajkot,2024-11-12
1673,Riya Patel,Male,21,9040377101,Maharashtra,Mumbai,2024-12-20
1674,Priya Mehta,Male,22,9830075302,Maharashtra,Pune,2024-05-20
1675,Neha Sharma,Female,29,9015026859,Karnataka,Mysuru,2024-08-15
1676,Aarav Patel,Male,19,9385815403,Uttar Pradesh,Kanpur,2025-02-01
1677,Rohit Jain,Female,18,9818206913,Delhi,New Delhi,2025-06-16
1678,Pooja Patel,Female,32,9606793968,Karnataka,Mysuru,2025-01-13
1679,Karan Sharma,Female,41,9365250574,Maharashtra,Nagpur,2024-01-03
1680,Deepak Jain,Female,31,9306915586,Maharashtra,Mumbai,2025-03-26
1681,Pooja Mehta,Male,20,9993839396,Uttar Pradesh,Kanpur,2024-06-04
1682,Aman Singh,Female,29,9158216697,Gujarat,Rajkot,2024-05-13
1683,Sneha Kumar,Male,37,9209298053,Maharashtra,Mumbai,2024-07-08
1684,Aditya Mehta,Male,56,9335951837,Rajasthan,Jaipur,2025-04-09
1685,Riya Gupta,Male,48,9636917269,Gujarat,Ahmedabad,2024-06-03
1686,Anjali Verma,Female,20,9970940619,Rajasthan,Banswara,2024-05-05
1687,Aditya Verma,Male,36,9916318377,Maharashtra,Pune,2024-07-19
1688,Pooja Yadav,Female,54,9978654690,Karnataka,Bengaluru,2024-08-10
1689,Priya Patel,Male,56,9785442954,Uttar Pradesh,Kanpur,2025-03-11
1690,Aarav Patel,Male,27,9650206610,Karnataka,Mysuru,2024-08-13
1691,Aman Mehta,Male,23,9681702069,Karnataka,Mysuru,2024-06-03
1692,Anjali Joshi,Male,44,9009740252,Delhi,New Delhi,2024-12-19
1693,Vivaan Gupta,Male,28,9389669294,Delhi,New Delhi,2024-06-01
1694,Anjali Yadav,Male,50,9520228465,Rajasthan,Udaipur,2025-06-12
1695,Vikas Yadav,Male,43,9814344933,Karnataka,Mysuru,2024-04-19
1696,Deepak Singh,Male,24,9443544774,Karnataka,Bengaluru,2025-05-20
1697,Kavya Verma,Male,54,9771549857,Gujarat,Surat,2025-01-14
1698,Pooja Singh,Female,49,9510050827,Uttar Pradesh,Noida,2025-06-21
1699,Kavya Gupta,Male,32,9175037590,Karnataka,Bengaluru,2024-02-16
1700,Rahul Joshi,Female,44,9371222730,Gujarat,Surat,2024-02-09
1701,Neha Joshi,Female,20,9079430197,Delhi,New Delhi,2025-03-27
1702,Aditya Gupta,Female,43,9686213121,Uttar Pradesh,Kanpur,2024-01-17
1703,Riya Gupta,Female,42,9870306633,Delhi,New Delhi,2024-09-12
1704,Deepak Jain,Male,25,9652420508,Maharashtra,Pune,2024-07-06
1705,Vikas Patel,Male,49,9835984138,Delhi,New Delhi,2024-03-24
1706,Aditya Patel,Female,28,9913027787,Uttar Pradesh,Lucknow,2024-01-02
1707,Riya Singh,Male,44,9216262804,Maharashtra,Nagpur,2025-06-01
1708,Aisha Patel,Female,53,9494684585,Gujarat,Surat,2025-06-11
1709,Sakshi Kumar,Male,46,9522366245,Maharashtra,Mumbai,2025-04-30
1710,Priya Patel,Female,59,9841662916,Delhi,New Delhi,2024-05-21
1711,Karan Yadav,Male,33,9165724532,Uttar Pradesh,Lucknow,2025-01-28
1712,Vikas Joshi,Male,57,9333622640,Rajasthan,Jaipur,2024-04-08
1713,Anjali Yadav,Female,36,9106447181,Maharashtra,Mumbai,2024-08-14
1714,Pooja Mehta,Female,36,9561722005,Karnataka,Mysuru,2024-10-26
1715,Kavya Patel,Male,26,9566324214,Karnataka,Mysuru,2024-02-05
1716,Sneha Sharma,Male,19,9758525782,Delhi,New Delhi,2024-10-02
1717,Kavya Jain,Female,36,9319426942,Delhi,New Delhi,2025-03-26
1718,Vivaan Singh,Male,53,9759327626,Gujarat,Ahmedabad,2024-11-08
1719,Priya Joshi,Male,47,9816558277,Uttar Pradesh,Lucknow,2024-01-02
1720,Rahul Singh,Female,35,9246367440,Maharashtra,Pune,2025-01-18
1721,Rahul Singh,Female,52,9495646566,Karnataka,Bengaluru,2024-01-02
1722,Anjali Joshi,Female,29,9198237366,Karnataka,Bengaluru,2025-03-29
1723,Sneha Kumar,Female,38,9334982155,Rajasthan,Jaipur,2024-08-08
1724,Rahul Mehta,Female,51,9155032414,Maharashtra,Nagpur,2024-06-06
1725,Pooja Patel,Female,31,9505945618,Gujarat,Surat,2024-06-26
1726,Sneha Sharma,Male,39,9403932200,Karnataka,Bengaluru,2024-11-10
1727,Sakshi Jain,Male,26,9880514674,Maharashtra,Nagpur,2024-04-14
1728,Aman Gupta,Female,38,9888326098,Karnataka,Mysuru,2024-01-14
1729,Nisha Patel,Female,60,9033303084,Uttar Pradesh,Kanpur,2025-05-27
1730,Aisha Patel,Female,21,9196678942,Maharashtra,Mumbai,2025-03-29
1731,Vikas Singh,Male,26,9641183485,Delhi,New Delhi,2025-06-23
1732,Sneha Verma,Male,34,9185917419,Rajasthan,Udaipur,2024-07-27
1733,Rahul Yadav,Male,27,9740689217,Karnataka,Bengaluru,2024-04-23
1734,Aisha Singh,Female,38,9964797649,Maharashtra,Pune,2024-09-22
1735,Riya Jain,Male,41,9540932316,Rajasthan,Banswara,2024-04-28
1736,Aarav Gupta,Female,58,9107342852,Rajasthan,Kota,2024-10-19
1737,Riya Mehta,Female,37,9529619526,Delhi,New Delhi,2025-04-10
1738,Priya Gupta,Female,47,9063351818,Karnataka,Bengaluru,2024-04-28
1739,Aarav Jain,Male,32,9383687778,Delhi,New Delhi,2025-06-03
1740,Vikas Verma,Male,52,9060506553,Karnataka,Mysuru,2024-05-28
1741,Arjun Jain,Male,51,9355192923,Delhi,New Delhi,2024-06-19
1742,Aarav Sharma,Male,34,9186875143,Uttar Pradesh,Kanpur,2024-02-04
1743,Aman Singh,Male,45,9114875679,Rajasthan,Banswara,2025-05-17
1744,Anjali Jain,Male,60,9785539502,Maharashtra,Mumbai,2025-03-05
1745,Aditya Jain,Female,31,9590411165,Gujarat,Surat,2025-02-10
1746,Neha Singh,Male,48,9934405665,Rajasthan,Jaipur,2024-01-13
1747,Aditya Jain,Female,20,9850223054,Uttar Pradesh,Lucknow,2024-01-16
1748,Nisha Verma,Female,22,9595939825,Delhi,New Delhi,2024-05-12
1749,Arjun Kumar,Female,56,9884527189,Uttar Pradesh,Noida,2024-10-25
1750,Sneha Mehta,Female,34,9773466982,Maharashtra,Mumbai,2024-02-23
1751,Sneha Mehta,Male,30,9451286885,Gujarat,Ahmedabad,2025-04-17
1752,Vivaan Sharma,Male,54,9148594124,Rajasthan,Udaipur,2024-08-13
1753,Aman Gupta,Female,36,9309626572,Gujarat,Ahmedabad,2024-06-03
1754,Aman Sharma,Male,27,9275928099,Uttar Pradesh,Kanpur,2024-12-31
1755,Rohit Gupta,Male,22,9729772905,Uttar Pradesh,Noida,2025-05-18
1756,Aarav Singh,Male,51,9700898185,Maharashtra,Pune,2024-04-30
1757,Deepak Gupta,Female,25,9438960149,Karnataka,Mysuru,2024-04-26
1758,Vivaan Mehta,Male,48,9820747936,Karnataka,Mysuru,2024-08-13
1759,Vikas Singh,Female,22,9808940564,Rajasthan,Udaipur,2024-03-07
1760,Sakshi Sharma,Male,23,9806147108,Rajasthan,Udaipur,2024-11-29
1761,Aisha Verma,Male,20,9090616598,Maharashtra,Pune,2024-05-06
1762,Pooja Jain,Male,47,9943369843,Karnataka,Bengaluru,2024-10-13
1763,Aditya Singh,Female,32,9818150871,Rajasthan,Banswara,2025-06-23
1764,Pooja Jain,Female,46,9810219775,Delhi,New Delhi,2024-06-13
1765,Riya Sharma,Female,45,9396017367,Maharashtra,Nagpur,2024-01-28
1766,Rahul Gupta,Male,33,9522604013,Rajasthan,Kota,2024-01-29
1767,Neha Patel,Female,41,9925398310,Maharashtra,Mumbai,2025-05-24
1768,Nisha Mehta,Male,21,9473736403,Delhi,New Delhi,2024-09-29
1769,Neha Singh,Female,40,9684856353,Gujarat,Ahmedabad,2024-01-19
1770,Rahul Yadav,Female,47,9271781203,Rajasthan,Udaipur,2024-12-12
1771,Deepak Mehta,Male,40,9145010499,Gujarat,Rajkot,2025-04-29
1772,Sneha Patel,Female,45,9713375935,Gujarat,Rajkot,2024-05-12
1773,Karan Patel,Female,22,9613464882,Rajasthan,Banswara,2025-02-27
1774,Rohit Verma,Male,24,9644176830,Uttar Pradesh,Lucknow,2024-03-10
1775,Vikas Verma,Female,60,9012758849,Gujarat,Ahmedabad,2024-07-08
1776,Rahul Singh,Male,32,9529539295,Uttar Pradesh,Kanpur,2025-02-15
1777,Sakshi Patel,Male,45,9429090799,Uttar Pradesh,Lucknow,2025-02-02
1778,Aisha Yadav,Male,57,9198352456,Karnataka,Bengaluru,2024-10-14
1779,Sakshi Patel,Male,41,9295473134,Uttar Pradesh,Noida,2025-01-17
1780,Vikas Gupta,Male,19,9147019188,Uttar Pradesh,Noida,2024-07-23
1781,Aditya Sharma,Male,22,9771581482,Karnataka,Bengaluru,2024-12-06
1782,Karan Gupta,Male,59,9597077967,Rajasthan,Kota,2025-04-21
1783,Aarav Mehta,Male,47,9164713972,Maharashtra,Mumbai,2025-05-13
1784,Nisha Gupta,Female,18,9496612796,Delhi,New Delhi,2024-06-27
1785,Neha Joshi,Male,21,9640930532,Maharashtra,Nagpur,2024-03-25
1786,Priya Gupta,Female,20,9786420372,Maharashtra,Mumbai,2025-04-12
1787,Anjali Singh,Male,29,9237202401,Rajasthan,Udaipur,2025-06-24
1788,Vikas Gupta,Male,42,9052321484,Rajasthan,Kota,2024-07-06
1789,Kavya Sharma,Female,56,9893694331,Delhi,New Delhi,2024-06-05
1790,Nisha Kumar,Male,45,9784418137,Gujarat,Rajkot,2024-11-12
1791,Arjun Kumar,Male,21,9071677865,Rajasthan,Jaipur,2024-05-24
1792,Kavya Patel,Female,48,9517944021,Delhi,New Delhi,2024-11-15
1793,Aisha Joshi,Female,34,9447264957,Gujarat,Rajkot,2025-05-31
1794,Deepak Sharma,Female,27,9837496146,Karnataka,Mysuru,2024-04-05
1795,Aisha Joshi,Female,47,9114790131,Uttar Pradesh,Lucknow,2025-02-16
1796,Rahul Jain,Male,32,9126697166,Uttar Pradesh,Noida,2024-08-29
1797,Aisha Verma,Male,23,9810314030,Karnataka,Mysuru,2024-07-27
1798,Kavya Yadav,Female,40,9876557859,Rajasthan,Kota,2025-05-06
1799,Priya Mehta,Female,44,9309322921,Uttar Pradesh,Kanpur,2024-10-27
1800,Nisha Patel,Female,40,9060084958,Maharashtra,Pune,2024-06-26
1801,Karan Singh,Male,48,9891833840,Gujarat,Rajkot,2024-05-15
1802,Aarav Verma,Female,27,9478743792,Delhi,New Delhi,2024-06-19
1803,Pooja Verma,Male,40,9658450016,Gujarat,Surat,2025-03-22
1804,Sakshi Patel,Male,23,9762165125,Rajasthan,Banswara,2025-06-13
1805,Sneha Joshi,Male,26,9024990337,Maharashtra,Mumbai,2024-07-19
1806,Vikas Singh,Female,35,9714020325,Delhi,New Delhi,2024-05-25
1807,Aman Gupta,Female,51,9956777978,Delhi,New Delhi,2024-01-30
1808,Vikas Patel,Female,49,9662121758,Gujarat,Ahmedabad,2024-08-29
1809,Deepak Sharma,Male,19,9772645621,Karnataka,Bengaluru,2024-01-26
1810,Aman Yadav,Male,51,9490927543,Maharashtra,Nagpur,2024-11-14
1811,Kavya Yadav,Male,55,9417419880,Maharashtra,Mumbai,2024-09-03
1812,Rahul Singh,Male,48,9010524994,Rajasthan,Banswara,2024-08-17
1813,Sakshi Sharma,Female,21,9915539930,Gujarat,Rajkot,2025-04-15
1814,Riya Yadav,Male,20,9914285802,Uttar Pradesh,Noida,2024-07-22
1815,Rahul Verma,Female,19,9018200016,Gujarat,Rajkot,2024-01-03
1816,Pooja Sharma,Female,31,9500209487,Gujarat,Rajkot,2024-09-24
1817,Kavya Gupta,Male,25,9551228382,Rajasthan,Banswara,2024-03-19
1818,Anjali Patel,Female,53,9224573677,Gujarat,Surat,2024-02-15
1819,Pooja Kumar,Male,52,9701376696,Delhi,New Delhi,2024-10-01
1820,Sakshi Joshi,Female,26,9632805801,Rajasthan,Udaipur,2025-01-09
1821,Sakshi Joshi,Male,50,9688209343,Rajasthan,Udaipur,2024-10-15
1822,Sneha Sharma,Male,29,9153968210,Karnataka,Bengaluru,2024-04-29
1823,Arjun Verma,Female,31,9088341379,Rajasthan,Kota,2025-04-13
1824,Karan Sharma,Female,41,9964986701,Maharashtra,Mumbai,2024-08-02
1825,Rahul Joshi,Male,22,9574893500,Gujarat,Surat,2025-04-17
1826,Nisha Yadav,Male,45,9693092458,Rajasthan,Banswara,2025-05-08
1827,Aarav Mehta,Male,21,9900902417,Maharashtra,Pune,2024-09-01
1828,Rahul Singh,Male,33,9265494682,Karnataka,Mysuru,2024-10-15
1829,Aarav Jain,Female,34,9239984927,Karnataka,Bengaluru,2024-01-08
1830,Sneha Mehta,Male,47,9503474504,Gujarat,Ahmedabad,2024-06-22
1831,Sakshi Patel,Male,26,9940892235,Karnataka,Bengaluru,2024-09-10
1832,Vikas Mehta,Male,35,9585225572,Uttar Pradesh,Lucknow,2025-03-19
1833,Aditya Sharma,Female,22,9939758098,Gujarat,Surat,2024-01-23
1834,Anjali Sharma,Male,54,9002170720,Delhi,New Delhi,2024-03-31
1835,Aisha Yadav,Male,59,9070354526,Uttar Pradesh,Kanpur,2024-07-20
1836,Neha Kumar,Female,20,9170506387,Karnataka,Mysuru,2024-04-30
1837,Sneha Patel,Female,24,9826700994,Rajasthan,Jaipur,2024-07-14
1838,Neha Mehta,Female,54,9912679340,Gujarat,Rajkot,2025-01-25
1839,Aditya Patel,Female,28,9391357121,Delhi,New Delhi,2024-07-28
1840,Nisha Jain,Male,20,9876916630,Rajasthan,Banswara,2024-07-25
1841,Sakshi Joshi,Female,42,9847926786,Maharashtra,Nagpur,2024-03-31
1842,Aarav Patel,Female,21,9050724308,Gujarat,Ahmedabad,2024-10-16
1843,Aarav Patel,Male,40,9930934206,Gujarat,Surat,2024-12-03
1844,Priya Jain,Male,41,9054160959,Gujarat,Surat,2024-08-31
1845,Pooja Sharma,Male,34,9234427860,Delhi,New Delhi,2024-02-20
1846,Karan Patel,Male,40,9838601376,Uttar Pradesh,Lucknow,2024-04-16
1847,Aditya Mehta,Male,50,9865105623,Gujarat,Ahmedabad,2024-05-08
1848,Anjali Mehta,Male,51,9107367369,Gujarat,Surat,2025-05-11
1849,Rahul Singh,Male,22,9629279546,Maharashtra,Pune,2025-05-30
1850,Sakshi Singh,Female,35,9266038430,Gujarat,Rajkot,2024-08-08
1851,Deepak Jain,Male,20,9642329377,Uttar Pradesh,Lucknow,2024-04-13
1852,Priya Verma,Male,21,9291654875,Delhi,New Delhi,2024-06-06
1853,Aarav Singh,Female,27,9099763307,Uttar Pradesh,Noida,2024-12-11
1854,Rahul Kumar,Male,56,9071292707,Rajasthan,Udaipur,2024-02-04
1855,Rahul Mehta,Male,52,9145548266,Delhi,New Delhi,2024-06-16
1856,Pooja Jain,Female,44,9690440706,Rajasthan,Jaipur,2025-06-24
1857,Karan Jain,Female,25,9692309105,Maharashtra,Pune,2025-01-27
1858,Arjun Singh,Female,22,9875172408,Uttar Pradesh,Lucknow,2025-05-17
1859,Neha Patel,Female,36,9853411721,Gujarat,Ahmedabad,2025-04-09
1860,Riya Yadav,Male,55,9965127933,Maharashtra,Pune,2024-02-11
1861,Priya Kumar,Female,18,9746632616,Maharashtra,Nagpur,2024-09-24
1862,Vivaan Mehta,Male,35,9196821323,Rajasthan,Udaipur,2024-06-10
1863,Priya Mehta,Female,48,9129981466,Rajasthan,Banswara,2025-04-19
1864,Nisha Singh,Female,42,9488961443,Maharashtra,Mumbai,2024-07-31
1865,Rohit Jain,Female,21,9855800430,Rajasthan,Jaipur,2024-06-15
1866,Riya Joshi,Female,31,9007670926,Delhi,New Delhi,2025-05-14
1867,Anjali Joshi,Male,46,9109377393,Uttar Pradesh,Kanpur,2025-04-07
1868,Aditya Patel,Male,21,9044418761,Uttar Pradesh,Kanpur,2025-05-10
1869,Aditya Sharma,Male,21,9864970985,Uttar Pradesh,Lucknow,2024-08-18
1870,Rahul Joshi,Female,18,9209474306,Uttar Pradesh,Lucknow,2025-03-16
1871,Rahul Jain,Female,43,9142877559,Maharashtra,Pune,2024-09-11
1872,Rohit Mehta,Female,52,9419369414,Karnataka,Mysuru,2025-06-09
1873,Kavya Verma,Male,19,9065177458,Rajasthan,Banswara,2025-02-28
1874,Karan Singh,Male,29,9763420130,Maharashtra,Pune,2025-04-29
1875,Karan Yadav,Female,60,9950930690,Maharashtra,Nagpur,2025-02-28
1876,Vikas Verma,Female,25,9937911681,Uttar Pradesh,Noida,2024-11-13
1877,Rahul Sharma,Male,57,9146634963,Maharashtra,Mumbai,2024-07-10
1878,Priya Mehta,Male,45,9480437084,Karnataka,Mysuru,2025-05-16
1879,Anjali Patel,Male,42,9738814688,Karnataka,Bengaluru,2024-08-08
1880,Priya Jain,Female,41,9333044651,Delhi,New Delhi,2024-11-10
1881,Karan Sharma,Female,56,9746565286,Gujarat,Surat,2025-03-26
1882,Aisha Gupta,Female,40,9406547028,Maharashtra,Mumbai,2024-11-27
1883,Rohit Verma,Male,25,9234576741,Rajasthan,Kota,2025-03-19
1884,Kavya Mehta,Female,27,9872383279,Karnataka,Mysuru,2024-12-30
1885,Aisha Jain,Male,33,9870667945,Maharashtra,Mumbai,2024-02-03
1886,Aisha Singh,Male,58,9393030211,Rajasthan,Udaipur,2024-05-06
1887,Anjali Joshi,Male,32,9250105030,Karnataka,Mysuru,2024-07-11
1888,Deepak Singh,Female,41,9674249647,Karnataka,Bengaluru,2024-12-02
1889,Priya Sharma,Female,38,9909670286,Maharashtra,Nagpur,2025-02-28
1890,Deepak Sharma,Female,58,9170261629,Uttar Pradesh,Lucknow,2024-05-01
1891,Neha Kumar,Male,39,9972657500,Rajasthan,Jaipur,2024-07-01
1892,Pooja Jain,Female,25,9285889938,Maharashtra,Nagpur,2024-03-19
1893,Vikas Verma,Male,43,9867160312,Uttar Pradesh,Noida,2024-05-31
1894,Anjali Singh,Male,21,9856569793,Delhi,New Delhi,2024-02-16
1895,Sneha Gupta,Female,22,9203736574,Gujarat,Rajkot,2024-01-13
1896,Rahul Yadav,Female,32,9813062465,Rajasthan,Udaipur,2025-06-06
1897,Aarav Yadav,Male,19,9135304087,Uttar Pradesh,Lucknow,2024-07-11
1898,Aisha Mehta,Male,37,9201431777,Uttar Pradesh,Kanpur,2025-03-08
1899,Aarav Sharma,Female,51,9956592480,Gujarat,Surat,2025-01-23
1900,Riya Kumar,Male,26,9124627696,Gujarat,Surat,2025-05-03
1901,Sneha Patel,Male,50,9009151037,Delhi,New Delhi,2024-07-18
1902,Deepak Jain,Female,43,9646149877,Rajasthan,Udaipur,2025-01-07
1903,Priya Singh,Female,27,9734473649,Gujarat,Surat,2024-07-20
1904,Kavya Kumar,Male,40,9632564834,Maharashtra,Nagpur,2024-09-27
1905,Rahul Mehta,Female,54,9019605078,Rajasthan,Udaipur,2024-07-01
1906,Kavya Verma,Male,44,9533942215,Uttar Pradesh,Lucknow,2025-04-17
1907,Priya Kumar,Female,40,9252039710,Delhi,New Delhi,2025-06-15
1908,Sakshi Verma,Male,57,9197848219,Karnataka,Bengaluru,2025-06-22
1909,Aisha Yadav,Female,43,9865244109,Maharashtra,Mumbai,2024-06-21
1910,Sakshi Verma,Female,53,9259352318,Uttar Pradesh,Noida,2024-05-12
1911,Rahul Jain,Male,21,9059244487,Maharashtra,Mumbai,2024-08-05
1912,Pooja Mehta,Female,45,9020135918,Maharashtra,Nagpur,2024-06-18
1913,Kavya Yadav,Male,44,9338157280,Gujarat,Surat,2024-02-09
1914,Sakshi Patel,Female,42,9183729558,Delhi,New Delhi,2025-05-05
1915,Nisha Joshi,Female,30,9353439892,Gujarat,Surat,2025-06-08
1916,Riya Mehta,Female,36,9921511322,Delhi,New Delhi,2024-09-17
1917,Aarav Jain,Male,27,9842290158,Gujarat,Rajkot,2024-04-20
1918,Rohit Yadav,Male,55,9806227196,Maharashtra,Mumbai,2025-04-04
1919,Rahul Mehta,Male,44,9335109114,Rajasthan,Kota,2025-05-28
1920,Vivaan Jain,Female,20,9244861374,Gujarat,Rajkot,2024-08-08
1921,Pooja Patel,Female,33,9891561950,Maharashtra,Nagpur,2024-07-18
1922,Kavya Patel,Male,28,9553182180,Rajasthan,Kota,2025-04-26
1923,Rohit Gupta,Male,49,9571755869,Gujarat,Rajkot,2025-01-28
1924,Deepak Kumar,Male,45,9845213506,Maharashtra,Nagpur,2025-04-11
1925,Karan Mehta,Male,38,9651389800,Gujarat,Rajkot,2025-02-13
1926,Aman Gupta,Male,42,9705776830,Rajasthan,Udaipur,2024-01-19
1927,Deepak Verma,Male,27,9656244297,Maharashtra,Nagpur,2024-06-25
1928,Anjali Jain,Female,40,9496872919,Uttar Pradesh,Kanpur,2024-11-12
1929,Arjun Verma,Female,35,9688058310,Rajasthan,Jaipur,2024-10-14
1930,Vivaan Joshi,Female,54,9425793943,Gujarat,Ahmedabad,2024-03-26
1931,Anjali Gupta,Female,49,9024950379,Rajasthan,Banswara,2024-02-13
1932,Aman Gupta,Male,28,9891254519,Gujarat,Surat,2024-08-29
1933,Karan Yadav,Male,21,9741186313,Uttar Pradesh,Lucknow,2025-05-10
1934,Riya Jain,Female,27,9662063835,Uttar Pradesh,Noida,2024-10-21
1935,Aarav Mehta,Female,28,9284611801,Uttar Pradesh,Noida,2025-04-22
1936,Deepak Patel,Female,33,9407090991,Maharashtra,Nagpur,2024-06-22
1937,Arjun Kumar,Female,45,9058204964,Maharashtra,Mumbai,2024-09-17
1938,Vikas Patel,Female,42,9916095843,Karnataka,Mysuru,2025-05-15
1939,Kavya Kumar,Male,56,9895175762,Gujarat,Surat,2025-04-21
1940,Arjun Yadav,Male,22,9685064150,Rajasthan,Kota,2024-08-23
1941,Rahul Patel,Female,42,9168730996,Delhi,New Delhi,2024-08-12
1942,Vikas Mehta,Female,53,9831769466,Karnataka,Bengaluru,2025-03-23
1943,Sneha Mehta,Female,42,9017164080,Delhi,New Delhi,2025-02-26
1944,Sakshi Patel,Female,24,9929876404,Maharashtra,Nagpur,2025-02-21
1945,Aditya Mehta,Male,44,9918639055,Uttar Pradesh,Noida,2025-06-08
1946,Vivaan Joshi,Male,52,9187638497,Rajasthan,Udaipur,2025-06-12
1947,Aditya Singh,Female,23,9660812329,Uttar Pradesh,Lucknow,2025-03-22
1948,Rohit Patel,Female,49,9625231205,Maharashtra,Pune,2025-01-16
1949,Nisha Kumar,Male,46,9694198391,Delhi,New Delhi,2024-12-21
1950,Anjali Jain,Female,35,9834046257,Maharashtra,Mumbai,2025-05-18
1951,Rohit Kumar,Male,44,9859368653,Maharashtra,Pune,2024-09-19
1952,Sakshi Yadav,Male,19,9876970372,Rajasthan,Kota,2024-12-09
1953,Sneha Jain,Female,58,9582306702,Uttar Pradesh,Noida,2024-10-17
1954,Anjali Gupta,Female,25,9151162252,Karnataka,Mysuru,2025-04-08
1955,Aisha Jain,Female,41,9582493932,Maharashtra,Pune,2024-03-14
1956,Rahul Patel,Female,18,9924449301,Delhi,New Delhi,2024-02-10
1957,Anjali Verma,Male,27,9239554764,Maharashtra,Pune,2024-06-20
1958,Pooja Patel,Female,45,9264900489,Karnataka,Mysuru,2024-11-28
1959,Aarav Sharma,Female,57,9179003768,Rajasthan,Jaipur,2024-04-02
1960,Pooja Kumar,Female,41,9007411243,Delhi,New Delhi,2024-08-15
1961,Nisha Mehta,Female,32,9272256193,Rajasthan,Kota,2025-04-15
1962,Priya Joshi,Female,24,9161010191,Maharashtra,Mumbai,2024-06-16
1963,Sakshi Kumar,Female,57,9351612620,Uttar Pradesh,Noida,2024-12-08
1964,Karan Joshi,Female,52,9681970571,Rajasthan,Udaipur,2024-01-15
1965,Arjun Gupta,Male,28,9478079899,Rajasthan,Banswara,2025-04-06
1966,Rohit Sharma,Male,31,9427088340,Rajasthan,Banswara,2024-05-13
1967,Deepak Sharma,Male,37,9365506808,Karnataka,Mysuru,2024-12-30
1968,Anjali Singh,Female,39,9751941790,Uttar Pradesh,Kanpur,2024-08-16
1969,Aarav Patel,Female,35,9555804178,Karnataka,Mysuru,2024-10-11
1970,Anjali Jain,Female,32,9458215730,Maharashtra,Mumbai,2024-11-15
1971,Priya Mehta,Female,44,9444308559,Karnataka,Bengaluru,2025-05-15
1972,Vivaan Verma,Male,42,9303752490,Rajasthan,Kota,2024-07-22
1973,Deepak Gupta,Female,31,9895409569,Maharashtra,Mumbai,2024-03-03
1974,Aman Gupta,Female,57,9705232680,Rajasthan,Kota,2025-03-02
1975,Rahul Gupta,Female,30,9084743451,Maharashtra,Pune,2024-02-16
1976,Karan Singh,Female,60,9331072497,Rajasthan,Kota,2024-09-23
1977,Neha Jain,Male,50,9603839633,Uttar Pradesh,Lucknow,2024-05-15
1978,Priya Jain,Male,40,9038281030,Uttar Pradesh,Kanpur,2025-02-18
1979,Aarav Verma,Female,30,9145412599,Karnataka,Bengaluru,2024-03-13
1980,Rahul Gupta,Female,39,9325617569,Rajasthan,Jaipur,2024-09-04
1981,Nisha Gupta,Female,18,9608462813,Karnataka,Bengaluru,2024-11-19
1982,Riya Gupta,Male,20,9773455621,Uttar Pradesh,Noida,2025-05-07
1983,Arjun Sharma,Male,58,9722917024,Gujarat,Ahmedabad,2025-04-09
1984,Aarav Yadav,Male,27,9861144074,Delhi,New Delhi,2024-07-28
1985,Sneha Gupta,Male,20,9293131571,Rajasthan,Kota,2024-06-03
1986,Sakshi Gupta,Female,50,9410259556,Gujarat,Rajkot,2024-07-01
1987,Karan Sharma,Female,45,9471619501,Uttar Pradesh,Kanpur,2024-04-19
1988,Aarav Yadav,Female,47,9725707494,Uttar Pradesh,Lucknow,2024-11-09
1989,Aman Sharma,Female,36,9618459495,Karnataka,Mysuru,2025-06-19
1990,Sneha Patel,Male,44,9698052210,Karnataka,Bengaluru,2024-03-01
1991,Aditya Gupta,Female,40,9041887036,Rajasthan,Banswara,2024-02-08
1992,Pooja Sharma,Male,18,9861008623,Karnataka,Mysuru,2024-09-03
1993,Vivaan Jain,Male,41,9521281057,Karnataka,Mysuru,2025-05-24
1994,Deepak Jain,Male,40,9321910072,Maharashtra,Pune,2024-04-13
1995,Aditya Kumar,Female,28,9875127585,Rajasthan,Kota,2025-06-13
1996,Riya Gupta,Male,22,9127144752,Karnataka,Mysuru,2025-02-21
1997,Aman Patel,Female,49,9100612989,Maharashtra,Nagpur,2024-08-15
1998,Vikas Yadav,Male,30,9994292434,Rajasthan,Jaipur,2024-11-07
1999,Aman Kumar,Male,18,9044644222,Karnataka,Bengaluru,2024-12-31
2000,Aditya Kumar,Male,48,9511690407,Maharashtra,Pune,2024-12-08
2001,Karan Yadav,Male,51,9406438652,Rajasthan,Udaipur,2024-08-14
2002,Riya Verma,Male,40,9817244964,Gujarat,Surat,2024-04-19
2003,Vivaan Verma,Female,55,9375042927,Karnataka,Bengaluru,2024-10-06
2004,Rohit Joshi,Female,57,9258057768,Delhi,New Delhi,2025-06-16
2005,Riya Jain,Male,31,9274819520,Karnataka,Bengaluru,2024-04-12
2006,Sakshi Yadav,Female,34,9973787943,Uttar Pradesh,Lucknow,2025-05-07
2007,Vikas Verma,Female,52,9012753201,Maharashtra,Pune,2025-01-24
2008,Karan Joshi,Male,44,9982665648,Uttar Pradesh,Kanpur,2024-07-24
2009,Aditya Gupta,Female,30,9896045105,Delhi,New Delhi,2025-03-27
2010,Vikas Kumar,Male,21,9624159361,Delhi,New Delhi,2024-04-28
2011,Pooja Yadav,Male,26,9222473683,Uttar Pradesh,Lucknow,2025-05-07
2012,Vikas Sharma,Female,41,9123805380,Karnataka,Mysuru,2024-04-23
2013,Sakshi Sharma,Male,56,9978959093,Rajasthan,Jaipur,2024-09-26
2014,Aisha Sharma,Female,36,9920918179,Karnataka,Mysuru,2024-04-09
2015,Pooja Kumar,Male,30,9110472007,Delhi,New Delhi,2024-05-30
2016,Neha Gupta,Male,56,9795724576,Delhi,New Delhi,2025-03-23
2017,Arjun Gupta,Male,41,9355154854,Delhi,New Delhi,2024-05-29
2018,Priya Singh,Female,51,9010140975,Gujarat,Rajkot,2024-12-20
2019,Vivaan Mehta,Male,55,9826065703,Rajasthan,Udaipur,2025-03-05
2020,Deepak Sharma,Female,39,9282799334,Maharashtra,Nagpur,2024-06-26
2021,Pooja Verma,Female,33,9235246754,Karnataka,Mysuru,2024-06-01
2022,Neha Patel,Female,38,9267254478,Uttar Pradesh,Lucknow,2024-04-11
2023,Aman Sharma,Female,51,9020619291,Delhi,New Delhi,2025-02-21
2024,Neha Sharma,Male,23,9745924117,Karnataka,Mysuru,2024-07-06
2025,Karan Mehta,Male,30,9556410914,Karnataka,Bengaluru,2024-10-14
2026,Vivaan Patel,Female,57,9781123570,Rajasthan,Jaipur,2025-01-12
2027,Riya Jain,Male,18,9903417717,Maharashtra,Nagpur,2024-09-23
2028,Aditya Kumar,Male,23,9266426466,Delhi,New Delhi,2024-02-17
2029,Aman Joshi,Male,60,9464303256,Karnataka,Mysuru,2024-05-20
2030,Aarav Joshi,Male,42,9650248127,Rajasthan,Banswara,2025-02-21
2031,Karan Kumar,Male,36,9338119286,Gujarat,Surat,2024-07-05
2032,Riya Sharma,Female,25,9421767417,Rajasthan,Jaipur,2025-02-26
2033,Riya Sharma,Male,51,9134258840,Delhi,New Delhi,2024-01-10
2034,Karan Mehta,Female,25,9605234184,Gujarat,Rajkot,2024-02-18
2035,Rohit Jain,Female,18,9239319540,Gujarat,Surat,2024-05-23
2036,Vivaan Mehta,Female,52,9160037105,Gujarat,Ahmedabad,2025-03-18
2037,Aisha Jain,Male,45,9691986834,Rajasthan,Jaipur,2024-06-17
2038,Arjun Sharma,Female,39,9532359615,Rajasthan,Jaipur,2024-08-20
2039,Sneha Gupta,Male,25,9567307468,Maharashtra,Pune,2025-04-30
2040,Arjun Jain,Male,41,9428944159,Rajasthan,Banswara,2024-09-05
2041,Anjali Verma,Female,42,9483810929,Uttar Pradesh,Noida,2024-10-09
2042,Karan Patel,Male,19,9078221907,Karnataka,Bengaluru,2024-10-07
2043,Aditya Singh,Male,26,9050343369,Delhi,New Delhi,2024-02-09
2044,Vikas Kumar,Female,54,9086057441,Uttar Pradesh,Lucknow,2024-10-10
2045,Kavya Verma,Male,37,9472070364,Gujarat,Surat,2024-08-16
2046,Nisha Verma,Female,37,9737931793,Maharashtra,Nagpur,2024-01-08
2047,Vivaan Verma,Male,41,9476900991,Uttar Pradesh,Noida,2024-06-15
2048,Sneha Patel,Male,58,9469863797,Gujarat,Rajkot,2024-08-25
2049,Pooja Gupta,Female,45,9819187816,Maharashtra,Pune,2025-05-26
2050,Karan Gupta,Male,42,9267713734,Uttar Pradesh,Lucknow,2024-08-29
2051,Pooja Joshi,Female,19,9630302955,Uttar Pradesh,Noida,2025-04-22
2052,Vivaan Singh,Male,27,9865798471,Rajasthan,Jaipur,2024-02-26
2053,Kavya Yadav,Female,50,9046301846,Delhi,New Delhi,2024-12-07
2054,Rohit Verma,Female,50,9941584269,Delhi,New Delhi,2024-04-15
2055,Nisha Patel,Male,34,9739888156,Karnataka,Mysuru,2024-04-09
2056,Aisha Gupta,Female,38,9574057619,Gujarat,Rajkot,2024-03-19
2057,Aisha Joshi,Male,58,9273569570,Uttar Pradesh,Lucknow,2025-06-02
2058,Sneha Kumar,Female,47,9275753066,Delhi,New Delhi,2024-10-25
2059,Aman Verma,Male,27,9811078594,Gujarat,Rajkot,2024-11-15
2060,Aman Gupta,Male,35,9211828098,Uttar Pradesh,Kanpur,2024-01-04
2061,Pooja Verma,Male,26,9093493768,Karnataka,Bengaluru,2024-06-27
2062,Aarav Patel,Female,23,9019624936,Maharashtra,Pune,2025-02-03
2063,Pooja Mehta,Female,30,9340117493,Uttar Pradesh,Kanpur,2024-10-10
2064,Arjun Kumar,Female,34,9659362137,Delhi,New Delhi,2024-10-04
2065,Sakshi Mehta,Female,31,9567701368,Karnataka,Mysuru,2024-09-04
2066,Karan Jain,Female,26,9395848320,Karnataka,Bengaluru,2024-07-17
2067,Deepak Jain,Male,19,9702463073,Gujarat,Ahmedabad,2024-06-08
2068,Sneha Gupta,Male,32,9313197412,Gujarat,Ahmedabad,2024-05-13
2069,Kavya Patel,Male,53,9964318483,Rajasthan,Kota,2024-01-20
2070,Karan Patel,Male,35,9964677945,Rajasthan,Banswara,2024-09-16
2071,Sneha Patel,Male,60,9662762250,Uttar Pradesh,Kanpur,2024-10-11
2072,Sakshi Jain,Female,53,9966996136,Maharashtra,Mumbai,2025-06-10
2073,Pooja Sharma,Male,57,9111944696,Maharashtra,Pune,2025-04-19
2074,Nisha Sharma,Female,46,9237512160,Maharashtra,Pune,2024-04-19
2075,Riya Joshi,Male,24,9666937102,Delhi,New Delhi,2024-04-11
2076,Vikas Singh,Male,59,9168790851,Maharashtra,Pune,2024-04-02
2077,Aarav Gupta,Female,21,9509442794,Uttar Pradesh,Kanpur,2024-02-21
2078,Aman Singh,Male,33,9328534197,Rajasthan,Jaipur,2024-07-01
2079,Pooja Gupta,Male,53,9077556461,Delhi,New Delhi,2024-03-12
2080,Anjali Kumar,Female,36,9476995115,Gujarat,Rajkot,2025-01-31
2081,Sneha Joshi,Male,38,9985992325,Delhi,New Delhi,2025-04-18
2082,Rohit Kumar,Male,39,9824709978,Rajasthan,Banswara,2024-11-14
2083,Aisha Verma,Female,57,9815546173,Maharashtra,Pune,2025-02-27
2084,Sakshi Kumar,Female,32,9412524947,Uttar Pradesh,Noida,2024-12-15
2085,Nisha Verma,Female,32,9884844084,Rajasthan,Kota,2025-02-10
2086,Aisha Joshi,Female,48,9056286306,Gujarat,Rajkot,2024-04-30
2087,Vivaan Mehta,Female,53,9580779394,Karnataka,Bengaluru,2024-11-30
2088,Vivaan Patel,Female,40,9580187078,Karnataka,Bengaluru,2024-07-08
2089,Anjali Yadav,Female,50,9907720405,Delhi,New Delhi,2025-04-22
2090,Rohit Singh,Male,40,9148742569,Uttar Pradesh,Noida,2025-06-08
2091,Anjali Kumar,Female,45,9325682065,Gujarat,Ahmedabad,2024-02-27
2092,Riya Gupta,Male,37,9551759304,Gujarat,Ahmedabad,2024-04-05
2093,Aisha Jain,Male,46,9903907950,Karnataka,Bengaluru,2025-04-27
2094,Aarav Patel,Female,47,9091410311,Delhi,New Delhi,2025-06-02
2095,Aarav Patel,Male,34,9415345222,Delhi,New Delhi,2025-04-01
2096,Aman Kumar,Female,28,9105317838,Maharashtra,Mumbai,2024-02-03
2097,Vivaan Sharma,Female,33,9456321796,Maharashtra,Mumbai,2024-01-22
2098,Sakshi Joshi,Male,25,9834943948,Rajasthan,Udaipur,2025-05-05
2099,Sakshi Gupta,Female,30,9315615387,Delhi,New Delhi,2025-03-30
2100,Priya Gupta,Female,33,9712625375,Delhi,New Delhi,2025-04-14
2101,Vikas Sharma,Male,47,9464470507,Karnataka,Mysuru,2025-04-11
2102,Neha Sharma,Male,51,9572666511,Karnataka,Bengaluru,2025-03-24
2103,Vikas Mehta,Female,40,9525042133,Rajasthan,Banswara,2025-02-01
2104,Rohit Patel,Male,35,9943310925,Uttar Pradesh,Lucknow,2024-05-13
2105,Riya Singh,Female,54,9897811811,Maharashtra,Mumbai,2024-05-19
2106,Nisha Yadav,Male,51,9241446275,Rajasthan,Udaipur,2025-04-20
2107,Sakshi Joshi,Female,48,9215235929,Maharashtra,Mumbai,2024-04-07
2108,Neha Joshi,Male,42,9567368882,Uttar Pradesh,Lucknow,2024-01-03
2109,Aman Kumar,Female,58,9214814423,Delhi,New Delhi,2025-03-09
2110,Sneha Joshi,Female,55,9486565184,Rajasthan,Udaipur,2025-05-15
2111,Kavya Sharma,Female,50,9356147617,Delhi,New Delhi,2024-10-14
2112,Rohit Singh,Female,35,9042302261,Gujarat,Ahmedabad,2024-04-30
2113,Kavya Jain,Female,32,9455981080,Rajasthan,Jaipur,2024-07-09
2114,Rohit Sharma,Female,31,9143993380,Maharashtra,Pune,2025-03-21
2115,Priya Gupta,Male,35,9904094810,Delhi,New Delhi,2024-07-26
2116,Neha Jain,Male,47,9389398751,Karnataka,Mysuru,2025-01-15
2117,Rohit Singh,Male,35,9819090157,Rajasthan,Banswara,2024-05-22
2118,Sneha Patel,Female,51,9387548753,Karnataka,Mysuru,2024-04-18
2119,Sakshi Mehta,Male,59,9945340926,Delhi,New Delhi,2025-06-22
2120,Neha Sharma,Male,58,9749533244,Uttar Pradesh,Kanpur,2024-10-19
2121,Kavya Verma,Male,45,9708377608,Gujarat,Ahmedabad,2024-08-12
2122,Sneha Sharma,Male,42,9506814740,Maharashtra,Nagpur,2024-10-14
2123,Kavya Kumar,Female,44,9886873748,Uttar Pradesh,Noida,2025-01-28
2124,Priya Patel,Female,60,9212158160,Rajasthan,Kota,2024-12-03
2125,Aman Sharma,Male,52,9795710208,Gujarat,Ahmedabad,2024-11-21
2126,Aisha Yadav,Male,22,9400783179,Gujarat,Rajkot,2024-09-23
2127,Riya Patel,Female,50,9854793533,Karnataka,Bengaluru,2024-05-10
2128,Nisha Singh,Male,50,9636571276,Rajasthan,Banswara,2024-12-01
2129,Priya Yadav,Female,33,9051034984,Karnataka,Mysuru,2025-05-08
2130,Arjun Yadav,Male,38,9674337367,Rajasthan,Banswara,2025-02-14
2131,Neha Joshi,Female,29,9667627504,Rajasthan,Kota,2024-11-13
2132,Kavya Patel,Female,23,9161432079,Delhi,New Delhi,2024-10-03
2133,Aditya Mehta,Male,30,9909609863,Rajasthan,Kota,2024-03-12
2134,Arjun Gupta,Male,49,9188096401,Maharashtra,Nagpur,2024-04-26
2135,Anjali Kumar,Male,23,9721348139,Maharashtra,Mumbai,2024-08-11
2136,Nisha Verma,Female,30,9919409895,Delhi,New Delhi,2025-06-17
2137,Nisha Yadav,Male,41,9621830509,Uttar Pradesh,Kanpur,2024-10-02
2138,Priya Verma,Female,59,9289591751,Delhi,New Delhi,2025-04-06
2139,Deepak Joshi,Male,30,9726767410,Uttar Pradesh,Kanpur,2024-01-22
2140,Vivaan Verma,Female,49,9031718420,Maharashtra,Pune,2025-04-21
2141,Vivaan Mehta,Male,39,9556106972,Uttar Pradesh,Kanpur,2025-03-29
2142,Vivaan Mehta,Male,19,9762264462,Maharashtra,Pune,2025-06-24
2143,Kavya Gupta,Male,60,9208399430,Maharashtra,Mumbai,2024-05-05
2144,Anjali Verma,Female,22,9650650683,Rajasthan,Jaipur,2024-06-04
2145,Priya Yadav,Male,59,9083062598,Delhi,New Delhi,2024-12-10
2146,Sneha Singh,Male,39,9425605554,Karnataka,Mysuru,2025-03-22
2147,Anjali Joshi,Female,35,9412453626,Rajasthan,Jaipur,2025-03-12
2148,Aisha Yadav,Female,53,9966337479,Maharashtra,Nagpur,2024-05-27
2149,Aisha Jain,Female,50,9412810453,Karnataka,Mysuru,2024-03-26
2150,Riya Jain,Female,54,9919889931,Delhi,New Delhi,2024-05-30
2151,Priya Kumar,Female,44,9401230500,Delhi,New Delhi,2024-12-26
2152,Nisha Yadav,Female,46,9387765220,Maharashtra,Mumbai,2025-03-30
2153,Kavya Gupta,Female,24,9388698932,Maharashtra,Nagpur,2024-11-30
2154,Sakshi Jain,Male,30,9986031493,Karnataka,Mysuru,2024-09-06
2155,Priya Jain,Male,47,9668568333,Karnataka,Bengaluru,2025-06-10
2156,Rahul Sharma,Female,40,9492131091,Karnataka,Bengaluru,2024-03-03
2157,Anjali Mehta,Female,34,9487363777,Rajasthan,Udaipur,2024-09-26
2158,Riya Yadav,Female,25,9604413043,Maharashtra,Mumbai,2024-06-29
2159,Priya Joshi,Male,38,9276428350,Rajasthan,Banswara,2024-01-22
2160,Nisha Jain,Male,54,9718314747,Rajasthan,Jaipur,2024-07-24
2161,Aman Singh,Female,39,9492280788,Uttar Pradesh,Noida,2024-02-05
2162,Rahul Mehta,Female,28,9284433685,Delhi,New Delhi,2025-01-30
2163,Kavya Mehta,Male,30,9526792459,Delhi,New Delhi,2024-10-10
2164,Kavya Singh,Male,42,9161530966,Karnataka,Bengaluru,2024-03-08
2165,Aarav Patel,Male,27,9339524286,Uttar Pradesh,Kanpur,2025-04-06
2166,Rohit Jain,Male,33,9840312981,Karnataka,Bengaluru,2024-09-09
2167,Rohit Joshi,Female,24,9689134659,Uttar Pradesh,Kanpur,2025-02-05
2168,Aman Singh,Male,38,9725966376,Maharashtra,Mumbai,2024-10-30
2169,Vikas Mehta,Female,55,9823746814,Rajasthan,Jaipur,2024-01-25
2170,Arjun Patel,Male,30,9963975092,Karnataka,Bengaluru,2024-12-22
2171,Nisha Patel,Female,50,9282186568,Karnataka,Mysuru,2024-02-01
2172,Rahul Sharma,Male,38,9293274950,Rajasthan,Kota,2024-03-28
2173,Riya Joshi,Female,28,9495228850,Maharashtra,Mumbai,2025-04-12
2174,Kavya Gupta,Male,26,9968367153,Gujarat,Rajkot,2024-08-09
2175,Pooja Jain,Female,57,9097771193,Delhi,New Delhi,2024-09-03
2176,Riya Patel,Female,22,9462102785,Uttar Pradesh,Noida,2024-07-18
2177,Rahul Gupta,Female,56,9234964100,Uttar Pradesh,Noida,2025-06-03
2178,Sneha Gupta,Male,33,9628651599,Delhi,New Delhi,2025-05-06
2179,Riya Joshi,Male,45,9992332879,Karnataka,Mysuru,2025-02-28
2180,Aarav Kumar,Male,42,9237451192,Rajasthan,Udaipur,2025-03-23
2181,Pooja Singh,Female,18,9578589309,Rajasthan,Kota,2024-03-24
2182,Riya Jain,Male,25,9665673861,Delhi,New Delhi,2025-06-07
2183,Sneha Mehta,Female,34,9942885689,Rajasthan,Kota,2024-10-14
2184,Pooja Sharma,Female,39,9072120255,Rajasthan,Banswara,2024-06-30
2185,Priya Joshi,Male,35,9161217049,Uttar Pradesh,Lucknow,2025-05-02
2186,Neha Joshi,Female,50,9941947919,Delhi,New Delhi,2025-05-16
2187,Kavya Jain,Female,41,9794246482,Karnataka,Mysuru,2024-11-18
2188,Vikas Jain,Male,38,9832000972,Maharashtra,Nagpur,2024-08-14
2189,Rohit Joshi,Female,44,9044979833,Delhi,New Delhi,2024-05-06
2190,Pooja Mehta,Male,37,9373329234,Rajasthan,Udaipur,2024-12-10
2191,Rahul Kumar,Male,20,9561801450,Karnataka,Bengaluru,2025-01-07
2192,Sakshi Mehta,Female,38,9937522500,Maharashtra,Nagpur,2024-05-12
2193,Arjun Verma,Female,36,9002378099,Rajasthan,Kota,2025-04-27
2194,Aditya Patel,Male,41,9821967537,Uttar Pradesh,Lucknow,2024-02-13
2195,Aisha Patel,Male,31,9585360700,Karnataka,Bengaluru,2024-05-02
2196,Aisha Gupta,Male,29,9649311064,Maharashtra,Nagpur,2025-05-05
2197,Aarav Jain,Female,55,9215055353,Gujarat,Ahmedabad,2025-05-29
2198,Priya Yadav,Male,36,9612856293,Karnataka,Mysuru,2024-05-14
2199,Pooja Singh,Male,52,9631210960,Delhi,New Delhi,2025-03-10
2200,Aarav Yadav,Male,33,9906641845,Delhi,New Delhi,2025-02-03
2201,Nisha Gupta,Male,40,9712576275,Uttar Pradesh,Noida,2024-05-24
2202,Aarav Patel,Female,40,9186854648,Delhi,New Delhi,2025-03-26
2203,Sneha Mehta,Male,53,9488492814,Karnataka,Bengaluru,2024-04-19
2204,Karan Verma,Male,50,9057250643,Rajasthan,Jaipur,2025-03-31
2205,Priya Singh,Female,37,9204364422,Gujarat,Surat,2024-10-22
2206,Priya Yadav,Female,53,9338237145,Delhi,New Delhi,2024-08-05
2207,Riya Patel,Female,21,9850203209,Gujarat,Surat,2025-02-20
2208,Deepak Joshi,Male,19,9984327103,Maharashtra,Mumbai,2024-12-18
2209,Anjali Joshi,Female,38,9158177500,Uttar Pradesh,Kanpur,2025-02-06
2210,Anjali Mehta,Male,58,9716851106,Uttar Pradesh,Noida,2025-05-23
2211,Sakshi Sharma,Female,56,9044511522,Karnataka,Bengaluru,2025-02-06
2212,Kavya Yadav,Female,32,9651240477,Maharashtra,Mumbai,2025-01-19
2213,Deepak Singh,Male,41,9107371171,Gujarat,Surat,2025-05-25
2214,Vikas Jain,Male,55,9186384234,Maharashtra,Nagpur,2025-06-16
2215,Kavya Verma,Male,57,9784347062,Karnataka,Bengaluru,2024-06-19
2216,Arjun Kumar,Male,36,9947834235,Rajasthan,Udaipur,2024-03-16
2217,Kavya Yadav,Male,24,9503084854,Maharashtra,Pune,2024-05-24
2218,Aarav Singh,Female,39,9362128816,Maharashtra,Pune,2024-11-14
2219,Vivaan Gupta,Female,44,9950018683,Rajasthan,Kota,2024-04-05
2220,Vikas Patel,Male,37,9526099972,Uttar Pradesh,Kanpur,2024-09-22
2221,Anjali Kumar,Male,58,9615600213,Gujarat,Surat,2024-11-18
2222,Pooja Joshi,Male,20,9973896751,Delhi,New Delhi,2024-11-26
2223,Karan Jain,Male,21,9264286744,Maharashtra,Nagpur,2024-06-20
2224,Karan Joshi,Female,54,9959718431,Delhi,New Delhi,2024-01-26
2225,Vikas Yadav,Male,48,9224205370,Karnataka,Bengaluru,2025-05-12
2226,Pooja Joshi,Male,35,9398088360,Delhi,New Delhi,2024-06-25
2227,Aarav Sharma,Female,42,9721099709,Gujarat,Ahmedabad,2024-06-19
2228,Priya Joshi,Female,21,9309245416,Gujarat,Surat,2025-01-10
2229,Neha Yadav,Female,40,9409664598,Maharashtra,Nagpur,2025-03-27
2230,Deepak Verma,Male,28,9570492994,Delhi,New Delhi,2024-10-08
2231,Riya Gupta,Male,52,9172325390,Karnataka,Bengaluru,2025-04-06
2232,Aarav Kumar,Female,59,9597405073,Gujarat,Surat,2024-01-12
2233,Sakshi Gupta,Female,31,9361297911,Maharashtra,Nagpur,2024-06-29
2234,Aditya Singh,Male,48,9413078173,Maharashtra,Nagpur,2025-02-24
2235,Aditya Patel,Male,40,9276323574,Rajasthan,Udaipur,2024-04-10
2236,Neha Yadav,Male,47,9958448644,Delhi,New Delhi,2024-06-30
2237,Karan Sharma,Female,22,9884918252,Karnataka,Bengaluru,2024-06-23
2238,Deepak Yadav,Female,46,9311592012,Delhi,New Delhi,2025-01-04
2239,Priya Verma,Male,29,9907802960,Maharashtra,Pune,2024-01-09
2240,Aisha Yadav,Female,44,9165005162,Gujarat,Ahmedabad,2024-12-29
2241,Rahul Sharma,Male,35,9100098088,Delhi,New Delhi,2025-03-05
2242,Rohit Joshi,Female,49,9823460113,Karnataka,Mysuru,2024-03-30
2243,Aarav Yadav,Male,45,9686019382,Gujarat,Rajkot,2025-05-24
2244,Sneha Singh,Female,38,9106112550,Maharashtra,Nagpur,2025-01-08
2245,Neha Jain,Female,18,9294281640,Uttar Pradesh,Lucknow,2024-05-30
2246,Vikas Joshi,Female,43,9689380856,Delhi,New Delhi,2025-03-17
2247,Kavya Verma,Female,39,9952509158,Rajasthan,Kota,2025-01-29
2248,Vivaan Joshi,Male,57,9941475915,Gujarat,Ahmedabad,2025-01-14
2249,Aman Mehta,Female,44,9123549993,Maharashtra,Pune,2024-01-08
2250,Anjali Verma,Male,19,9903064222,Maharashtra,Nagpur,2024-10-31
2251,Anjali Joshi,Female,41,9542461966,Maharashtra,Pune,2024-01-10
2252,Riya Jain,Male,36,9989255444,Delhi,New Delhi,2025-06-12
2253,Aditya Jain,Female,37,9022592611,Gujarat,Surat,2024-02-25
2254,Nisha Patel,Female,30,9914004404,Delhi,New Delhi,2024-12-30
2255,Arjun Sharma,Female,32,9308444437,Gujarat,Surat,2024-06-08
2256,Anjali Jain,Female,47,9797144266,Karnataka,Bengaluru,2025-05-30
2257,Anjali Gupta,Female,29,9572227464,Gujarat,Rajkot,2024-03-16
2258,Vikas Sharma,Male,60,9656401388,Gujarat,Rajkot,2024-12-29
2259,Deepak Singh,Female,47,9029865402,Gujarat,Surat,2025-04-07
2260,Rahul Jain,Male,21,9229219635,Uttar Pradesh,Noida,2024-08-16
2261,Aarav Kumar,Male,38,9588375484,Rajasthan,Udaipur,2024-01-13
2262,Arjun Patel,Male,43,9877752981,Rajasthan,Banswara,2024-04-23
2263,Rahul Jain,Female,19,9741298118,Karnataka,Bengaluru,2025-02-10
2264,Kavya Singh,Female,53,9155049911,Delhi,New Delhi,2024-02-14
2265,Aman Mehta,Male,51,9087833131,Rajasthan,Banswara,2024-07-01
2266,Deepak Kumar,Female,28,9113011568,Delhi,New Delhi,2025-05-23
2267,Kavya Jain,Female,24,9858726346,Maharashtra,Nagpur,2024-01-20
2268,Karan Verma,Male,32,9313611965,Delhi,New Delhi,2024-09-19
2269,Deepak Joshi,Female,37,9485187748,Delhi,New Delhi,2025-05-10
2270,Aditya Gupta,Female,46,9481048880,Maharashtra,Mumbai,2024-03-15
2271,Pooja Mehta,Male,23,9170377779,Maharashtra,Mumbai,2024-04-30
2272,Neha Mehta,Male,46,9246637874,Rajasthan,Kota,2025-05-31
2273,Vikas Sharma,Female,41,9245043631,Gujarat,Surat,2024-02-01
2274,Aarav Gupta,Male,28,9510461048,Uttar Pradesh,Lucknow,2025-05-12
2275,Nisha Gupta,Male,31,9225094963,Rajasthan,Jaipur,2024-11-23
2276,Rohit Singh,Female,59,9662781317,Maharashtra,Pune,2024-07-23
2277,Karan Patel,Female,44,9792267963,Uttar Pradesh,Lucknow,2024-03-07
2278,Pooja Verma,Female,42,9910986049,Maharashtra,Nagpur,2024-07-09
2279,Aisha Yadav,Male,24,9435307422,Gujarat,Ahmedabad,2024-06-25
2280,Aisha Singh,Female,32,9484450804,Delhi,New Delhi,2024-01-03
2281,Neha Mehta,Female,55,9201399441,Gujarat,Ahmedabad,2024-07-23
2282,Rahul Jain,Male,46,9264481306,Delhi,New Delhi,2024-05-23
2283,Anjali Gupta,Female,32,9572753925,Rajasthan,Udaipur,2025-05-06
2284,Aditya Singh,Female,51,9676972894,Delhi,New Delhi,2024-02-11
2285,Neha Joshi,Female,20,9725021762,Gujarat,Rajkot,2024-03-13
2286,Aarav Yadav,Female,35,9802288638,Gujarat,Surat,2025-03-26
2287,Kavya Sharma,Male,41,9386550476,Karnataka,Bengaluru,2024-10-19
2288,Sneha Verma,Male,40,9775279923,Rajasthan,Banswara,2025-02-21
2289,Pooja Singh,Male,54,9330906564,Karnataka,Bengaluru,2024-05-07
2290,Rahul Jain,Male,28,9766578917,Delhi,New Delhi,2024-08-31
2291,Rahul Kumar,Female,18,9504806094,Delhi,New Delhi,2024-07-11
2292,Arjun Joshi,Male,32,9245555565,Delhi,New Delhi,2024-07-25
2293,Nisha Joshi,Female,29,9019024172,Karnataka,Bengaluru,2025-02-17
2294,Aditya Verma,Female,49,9853183516,Rajasthan,Kota,2024-05-28
2295,Rohit Jain,Male,47,9362028894,Uttar Pradesh,Kanpur,2024-11-28
2296,Vivaan Gupta,Female,45,9029882907,Rajasthan,Udaipur,2025-04-13
2297,Deepak Mehta,Female,21,9041376633,Rajasthan,Udaipur,2024-02-29
2298,Arjun Joshi,Female,56,9253310459,Uttar Pradesh,Noida,2024-10-06
2299,Sakshi Verma,Male,45,9935337834,Uttar Pradesh,Noida,2024-09-18
2300,Priya Singh,Male,23,9632198185,Maharashtra,Pune,2024-05-22
2301,Sneha Verma,Female,40,9118870185,Maharashtra,Mumbai,2024-03-21
2302,Aman Kumar,Female,45,9475768815,Rajasthan,Udaipur,2024-12-12
2303,Nisha Gupta,Female,27,9782742210,Rajasthan,Jaipur,2024-01-22
2304,Priya Jain,Female,27,9224244228,Karnataka,Mysuru,2025-06-11
2305,Vivaan Yadav,Female,21,9261896456,Gujarat,Rajkot,2025-03-29
2306,Anjali Gupta,Female,44,9376336448,Rajasthan,Banswara,2024-01-08
2307,Rahul Kumar,Male,22,9365740532,Delhi,New Delhi,2025-04-14
2308,Vivaan Patel,Male,30,9420265319,Maharashtra,Mumbai,2024-05-30
2309,Priya Patel,Female,52,9971070481,Delhi,New Delhi,2024-09-08
2310,Aman Gupta,Male,59,9206356333,Karnataka,Mysuru,2024-05-30
2311,Karan Kumar,Female,32,9225422212,Uttar Pradesh,Kanpur,2024-04-02
2312,Nisha Joshi,Male,36,9897227465,Maharashtra,Pune,2024-12-09
2313,Sneha Sharma,Male,45,9546696414,Maharashtra,Pune,2025-04-01
2314,Karan Kumar,Male,32,9344485066,Rajasthan,Jaipur,2024-04-18
2315,Vivaan Patel,Female,19,9245389691,Uttar Pradesh,Lucknow,2024-01-28
2316,Priya Kumar,Male,47,9500908729,Maharashtra,Pune,2024-05-10
2317,Sneha Yadav,Male,48,9669504988,Delhi,New Delhi,2024-04-12
2318,Kavya Gupta,Female,31,9360499551,Gujarat,Surat,2024-07-25
2319,Pooja Joshi,Female,59,9230105066,Karnataka,Mysuru,2024-05-29
2320,Kavya Kumar,Female,18,9114387970,Karnataka,Bengaluru,2025-06-10
2321,Aarav Mehta,Female,60,9871930568,Delhi,New Delhi,2024-08-15
2322,Arjun Verma,Male,53,9889726143,Gujarat,Surat,2025-04-07
2323,Sneha Gupta,Female,46,9482882177,Karnataka,Bengaluru,2024-02-19
2324,Nisha Jain,Female,18,9944533878,Rajasthan,Banswara,2024-11-04
2325,Sneha Jain,Male,45,9364676591,Maharashtra,Pune,2024-03-04
2326,Vivaan Patel,Male,58,9540330631,Uttar Pradesh,Noida,2025-04-25
2327,Rohit Gupta,Female,43,9910634781,Maharashtra,Pune,2024-02-27
2328,Deepak Yadav,Male,55,9350618246,Gujarat,Rajkot,2025-03-27
2329,Deepak Kumar,Male,32,9382972749,Delhi,New Delhi,2024-10-10
2330,Arjun Jain,Female,43,9564871752,Maharashtra,Pune,2025-04-24
2331,Rahul Joshi,Female,37,9439767242,Karnataka,Bengaluru,2024-09-12
2332,Sakshi Sharma,Male,52,9679675821,Rajasthan,Banswara,2024-10-27
2333,Vikas Gupta,Female,51,9496317318,Maharashtra,Nagpur,2024-01-16
2334,Aditya Joshi,Male,29,9033561188,Karnataka,Bengaluru,2024-12-09
2335,Aman Gupta,Male,53,9804753942,Rajasthan,Kota,2024-04-25
2336,Vivaan Yadav,Male,49,9739130829,Delhi,New Delhi,2024-09-07
2337,Pooja Gupta,Female,35,9507392476,Uttar Pradesh,Noida,2025-04-08
2338,Vikas Verma,Female,43,9307451946,Gujarat,Ahmedabad,2024-10-24
2339,Rohit Yadav,Male,32,9778746050,Karnataka,Bengaluru,2024-10-09
2340,Kavya Sharma,Male,50,9208036245,Rajasthan,Kota,2024-12-05
2341,Vikas Yadav,Male,41,9664231772,Delhi,New Delhi,2024-08-15
2342,Pooja Jain,Male,57,9122063750,Maharashtra,Pune,2024-10-01
2343,Karan Patel,Female,31,9663871524,Delhi,New Delhi,2024-10-15
2344,Deepak Yadav,Female,45,9861639589,Rajasthan,Jaipur,2025-04-18
2345,Nisha Kumar,Male,53,9431850262,Uttar Pradesh,Noida,2024-01-24
2346,Karan Patel,Female,38,9695616040,Uttar Pradesh,Lucknow,2024-07-25
2347,Anjali Gupta,Female,22,9894653121,Maharashtra,Mumbai,2025-05-24
2348,Deepak Gupta,Male,51,9468728550,Maharashtra,Nagpur,2024-03-14
2349,Aman Singh,Female,38,9100563631,Delhi,New Delhi,2024-04-03
2350,Arjun Singh,Female,36,9012357848,Uttar Pradesh,Noida,2024-10-10
2351,Karan Verma,Male,49,9062383632,Delhi,New Delhi,2024-01-12
2352,Rahul Yadav,Male,56,9884825480,Maharashtra,Nagpur,2025-02-17
2353,Vikas Joshi,Male,50,9740806297,Maharashtra,Pune,2024-07-17
2354,Arjun Patel,Female,49,9668778427,Karnataka,Mysuru,2024-10-14
2355,Arjun Verma,Male,29,9184661188,Uttar Pradesh,Kanpur,2025-06-24
2356,Aisha Singh,Female,36,9315539463,Delhi,New Delhi,2024-02-02
2357,Arjun Joshi,Female,24,9834110732,Gujarat,Rajkot,2025-01-24
2358,Sakshi Jain,Female,27,9918848828,Karnataka,Bengaluru,2024-01-13
2359,Arjun Verma,Male,46,9165215111,Gujarat,Ahmedabad,2025-05-12
2360,Karan Mehta,Male,26,9958148955,Rajasthan,Banswara,2025-04-18
2361,Pooja Sharma,Male,36,9814236811,Delhi,New Delhi,2024-04-02
2362,Anjali Kumar,Male,48,9616396900,Gujarat,Surat,2025-05-29
2363,Sakshi Gupta,Female,43,9219224540,Uttar Pradesh,Noida,2024-03-22
2364,Vivaan Joshi,Male,45,9793378154,Rajasthan,Kota,2025-06-17
2365,Vivaan Singh,Female,21,9222218024,Gujarat,Rajkot,2025-02-27
2366,Priya Sharma,Female,54,9078446324,Maharashtra,Mumbai,2024-06-25
2367,Priya Mehta,Male,19,9632007976,Gujarat,Ahmedabad,2024-06-14
2368,Vikas Joshi,Male,36,9521618476,Uttar Pradesh,Noida,2024-08-30
2369,Nisha Yadav,Female,32,9455967584,Delhi,New Delhi,2024-09-17
2370,Arjun Joshi,Female,49,9048913926,Gujarat,Surat,2025-02-06
2371,Aisha Jain,Female,29,9874150074,Karnataka,Mysuru,2025-06-23
2372,Pooja Sharma,Female,31,9704815514,Karnataka,Mysuru,2025-05-23
2373,Vivaan Singh,Female,60,9949903306,Delhi,New Delhi,2024-01-23
2374,Rohit Joshi,Female,22,9540925793,Maharashtra,Mumbai,2024-03-15
2375,Deepak Gupta,Female,60,9357538714,Gujarat,Rajkot,2025-01-06
2376,Vivaan Patel,Male,21,9107547764,Gujarat,Rajkot,2025-03-15
2377,Priya Kumar,Female,33,9434335514,Gujarat,Rajkot,2025-05-01
2378,Rahul Jain,Male,45,9004772864,Delhi,New Delhi,2025-01-14
2379,Arjun Yadav,Female,57,9533733095,Karnataka,Mysuru,2025-02-04
2380,Kavya Patel,Female,21,9231767568,Rajasthan,Jaipur,2024-10-31
2381,Riya Verma,Male,23,9256140849,Karnataka,Bengaluru,2024-12-16
2382,Nisha Mehta,Male,52,9188885638,Gujarat,Ahmedabad,2024-08-31
2383,Rahul Kumar,Male,26,9064286086,Uttar Pradesh,Lucknow,2025-02-22
2384,Vikas Joshi,Female,28,9124878744,Gujarat,Rajkot,2024-06-12
2385,Aisha Verma,Male,41,9814550745,Karnataka,Mysuru,2024-05-17
2386,Arjun Patel,Female,23,9069766013,Rajasthan,Jaipur,2024-08-28
2387,Rohit Singh,Male,59,9249503765,Rajasthan,Kota,2024-03-10
2388,Riya Verma,Male,52,9586215163,Karnataka,Bengaluru,2024-06-05
2389,Anjali Jain,Female,60,9275351380,Delhi,New Delhi,2025-02-16
2390,Sakshi Sharma,Female,34,9003879742,Uttar Pradesh,Kanpur,2024-02-29
2391,Sneha Verma,Male,57,9546591160,Gujarat,Ahmedabad,2024-10-15
2392,Rohit Patel,Male,28,9854467489,Maharashtra,Pune,2025-01-20
2393,Vikas Gupta,Male,58,9496719067,Gujarat,Surat,2024-04-10
2394,Sakshi Sharma,Male,29,9035755732,Rajasthan,Kota,2024-05-13
2395,Riya Gupta,Female,42,9699087653,Delhi,New Delhi,2025-02-06
2396,Sakshi Sharma,Female,45,9588458739,Gujarat,Rajkot,2025-02-10
2397,Aarav Jain,Female,18,9215439887,Karnataka,Mysuru,2024-06-10
2398,Aman Sharma,Male,37,9254778009,Uttar Pradesh,Noida,2025-03-15
2399,Priya Gupta,Female,52,9139122983,Rajasthan,Kota,2024-07-10
2400,Aarav Gupta,Female,55,9431982137,Uttar Pradesh,Noida,2024-07-15
2401,Neha Singh,Male,57,9380851444,Rajasthan,Banswara,2025-01-15
2402,Aarav Kumar,Female,19,9629945721,Uttar Pradesh,Kanpur,2025-02-23
2403,Sneha Jain,Male,44,9671046785,Uttar Pradesh,Kanpur,2025-03-12
2404,Riya Patel,Male,47,9459707843,Uttar Pradesh,Noida,2024-11-11
2405,Aarav Kumar,Male,26,9610804002,Delhi,New Delhi,2024-11-11
2406,Sakshi Singh,Female,44,9947656391,Uttar Pradesh,Noida,2024-05-10
2407,Deepak Sharma,Female,52,9329035848,Rajasthan,Jaipur,2024-11-19
2408,Vikas Jain,Male,31,9532526016,Delhi,New Delhi,2024-09-10
2409,Aisha Patel,Female,57,9996524903,Karnataka,Bengaluru,2024-11-07
2410,Aman Verma,Female,49,9798324548,Rajasthan,Kota,2025-02-21
2411,Vikas Singh,Female,40,9649604903,Delhi,New Delhi,2024-03-03
2412,Vikas Mehta,Male,33,9719877397,Rajasthan,Jaipur,2024-09-21
2413,Aisha Singh,Female,39,9271008466,Uttar Pradesh,Lucknow,2024-04-17
2414,Vikas Jain,Male,39,9213404268,Delhi,New Delhi,2025-05-06
2415,Vivaan Singh,Male,39,9402651979,Uttar Pradesh,Kanpur,2025-01-02
2416,Neha Sharma,Female,36,9019518859,Delhi,New Delhi,2025-06-06
2417,Aman Verma,Female,51,9280144239,Delhi,New Delhi,2024-11-11
2418,Aman Yadav,Female,32,9093589038,Uttar Pradesh,Lucknow,2024-06-14
2419,Pooja Joshi,Female,47,9199023708,Delhi,New Delhi,2024-02-16
2420,Sneha Patel,Female,26,9321419096,Uttar Pradesh,Lucknow,2025-01-09
2421,Sneha Sharma,Male,42,9170305147,Delhi,New Delhi,2024-09-09
2422,Arjun Yadav,Female,43,9275193668,Delhi,New Delhi,2025-02-24
2423,Aman Yadav,Male,50,9451248024,Maharashtra,Pune,2024-06-13
2424,Vikas Kumar,Female,45,9402222641,Karnataka,Mysuru,2024-04-27
2425,Vivaan Patel,Female,57,9460776627,Rajasthan,Kota,2024-02-29
2426,Anjali Gupta,Male,53,9703323522,Karnataka,Mysuru,2024-02-16
2427,Neha Singh,Female,30,9272485929,Rajasthan,Udaipur,2024-08-01
2428,Arjun Gupta,Male,23,9525016496,Rajasthan,Banswara,2024-12-16
2429,Rohit Gupta,Female,38,9922304569,Maharashtra,Nagpur,2024-12-21
2430,Rahul Joshi,Male,57,9976907253,Karnataka,Mysuru,2024-03-15
2431,Neha Gupta,Male,24,9156166936,Karnataka,Mysuru,2025-01-07
2432,Riya Mehta,Male,60,9303670085,Gujarat,Ahmedabad,2024-11-30
2433,Aman Gupta,Male,59,9388947871,Rajasthan,Udaipur,2024-06-20
2434,Anjali Joshi,Male,35,9908996291,Gujarat,Surat,2024-01-09
2435,Aditya Joshi,Male,57,9081886138,Rajasthan,Kota,2024-03-10
2436,Aarav Verma,Female,20,9921113294,Delhi,New Delhi,2025-03-28
2437,Vikas Kumar,Male,50,9622503603,Maharashtra,Mumbai,2024-09-16
2438,Aarav Kumar,Male,19,9789474295,Uttar Pradesh,Kanpur,2024-07-13
2439,Priya Verma,Female,21,9822930081,Uttar Pradesh,Kanpur,2024-03-23
2440,Karan Gupta,Male,35,9397832367,Gujarat,Surat,2024-11-12
2441,Aisha Sharma,Male,33,9168506789,Gujarat,Surat,2024-05-24
2442,Deepak Patel,Female,33,9952319694,Gujarat,Rajkot,2024-12-28
2443,Rohit Sharma,Male,49,9803293091,Delhi,New Delhi,2025-05-21
2444,Aditya Mehta,Female,38,9491714787,Delhi,New Delhi,2024-01-26
2445,Aman Yadav,Female,57,9542506496,Delhi,New Delhi,2024-09-11
2446,Aisha Kumar,Female,52,9905233987,Rajasthan,Jaipur,2024-07-02
2447,Sneha Gupta,Female,38,9659487049,Karnataka,Bengaluru,2025-02-06
2448,Rahul Singh,Male,30,9257864391,Uttar Pradesh,Noida,2024-05-26
2449,Anjali Singh,Male,31,9220123247,Maharashtra,Nagpur,2024-11-23
2450,Aisha Joshi,Male,34,9644886594,Karnataka,Bengaluru,2025-02-03
2451,Sneha Jain,Male,53,9725345153,Delhi,New Delhi,2024-04-16
2452,Aditya Mehta,Female,25,9907213046,Delhi,New Delhi,2025-01-27
2453,Pooja Patel,Male,39,9265586913,Maharashtra,Nagpur,2024-05-20
2454,Sakshi Joshi,Male,40,9963540721,Uttar Pradesh,Kanpur,2024-10-03
2455,Deepak Jain,Male,28,9313823629,Karnataka,Bengaluru,2024-03-23
2456,Rahul Kumar,Male,55,9529169989,Gujarat,Rajkot,2024-03-18
2457,Aman Mehta,Female,51,9468164728,Delhi,New Delhi,2024-03-10
2458,Vivaan Singh,Female,26,9106349852,Uttar Pradesh,Kanpur,2024-06-25
2459,Aisha Verma,Female,38,9255138679,Uttar Pradesh,Noida,2025-05-09
2460,Vikas Gupta,Female,43,9474456314,Gujarat,Rajkot,2024-12-29
2461,Deepak Patel,Female,26,9172951217,Uttar Pradesh,Kanpur,2024-07-03
2462,Neha Verma,Female,40,9784203070,Delhi,New Delhi,2025-03-17
2463,Priya Patel,Female,39,9141641598,Uttar Pradesh,Kanpur,2024-07-24
2464,Sakshi Sharma,Male,40,9053339575,Gujarat,Surat,2025-05-26
2465,Riya Sharma,Male,47,9044270869,Rajasthan,Kota,2024-03-30
2466,Aditya Joshi,Male,49,9370782484,Delhi,New Delhi,2024-07-31
2467,Deepak Singh,Female,20,9419435840,Gujarat,Surat,2024-07-30
2468,Riya Gupta,Male,40,9814004140,Karnataka,Bengaluru,2025-03-22
2469,Sakshi Gupta,Male,38,9729963231,Gujarat,Ahmedabad,2024-03-09
2470,Aarav Kumar,Female,58,9405815238,Maharashtra,Nagpur,2025-02-08
2471,Aisha Verma,Male,26,9191137310,Uttar Pradesh,Lucknow,2024-10-25
2472,Aman Jain,Male,38,9459855200,Gujarat,Surat,2024-03-12
2473,Priya Yadav,Female,41,9533916057,Uttar Pradesh,Kanpur,2024-07-11
2474,Kavya Kumar,Male,40,9418642914,Delhi,New Delhi,2024-03-03
2475,Aditya Gupta,Female,48,9065409112,Karnataka,Bengaluru,2024-03-25
2476,Aisha Yadav,Female,36,9801282037,Delhi,New Delhi,2024-08-19
2477,Sakshi Singh,Male,57,9257305631,Gujarat,Surat,2025-03-25
2478,Pooja Singh,Female,23,9910281896,Maharashtra,Pune,2024-12-29
2479,Vivaan Verma,Male,50,9809448288,Gujarat,Ahmedabad,2024-06-11
2480,Pooja Yadav,Female,48,9601804912,Maharashtra,Nagpur,2024-01-25
2481,Aman Mehta,Male,46,9339414221,Maharashtra,Pune,2025-03-12
2482,Anjali Mehta,Male,38,9726996561,Uttar Pradesh,Lucknow,2024-05-19
2483,Riya Singh,Female,48,9505793381,Karnataka,Mysuru,2024-09-02
2484,Vivaan Joshi,Female,52,9682616687,Gujarat,Surat,2024-02-25
2485,Nisha Yadav,Male,53,9817327852,Maharashtra,Nagpur,2024-05-18
2486,Kavya Sharma,Male,24,9718957850,Gujarat,Surat,2024-05-18
2487,Nisha Singh,Male,35,9339762336,Uttar Pradesh,Kanpur,2025-05-10
2488,Aisha Patel,Male,51,9237733718,Gujarat,Ahmedabad,2024-08-01
2489,Nisha Patel,Male,41,9827753747,Karnataka,Mysuru,2025-04-14
2490,Aarav Kumar,Male,50,9187504279,Gujarat,Rajkot,2024-08-10
2491,Arjun Joshi,Male,27,9614801300,Rajasthan,Kota,2025-01-20
2492,Aman Gupta,Female,46,9238124504,Rajasthan,Kota,2024-11-22
2493,Aarav Gupta,Female,57,9401385520,Delhi,New Delhi,2024-11-02
2494,Kavya Patel,Male,41,9867358838,Karnataka,Bengaluru,2024-12-18
2495,Neha Joshi,Male,47,9542799332,Karnataka,Bengaluru,2025-06-22
2496,Aman Verma,Male,41,9794420099,Delhi,New Delhi,2025-03-31
2497,Vivaan Yadav,Female,31,9224997953,Delhi,New Delhi,2025-01-30
2498,Pooja Verma,Male,52,9906873176,Rajasthan,Kota,2024-04-20
2499,Anjali Gupta,Male,43,9053825726,Rajasthan,Banswara,2025-02-07
2500,Arjun Jain,Female,18,9716028940,Maharashtra,Mumbai,2024-03-15
2501,Pooja Mehta,Female,31,9931506252,Gujarat,Surat,2024-11-09
2502,Arjun Sharma,Male,33,9890858930,Delhi,New Delhi,2025-03-12
2503,Nisha Joshi,Male,31,9293237582,Karnataka,Mysuru,2025-03-21
2504,Aman Joshi,Male,26,9420290476,Maharashtra,Pune,2024-11-30
2505,Neha Patel,Female,36,9636030734,Gujarat,Ahmedabad,2025-06-20
2506,Rohit Gupta,Female,46,9769139187,Gujarat,Rajkot,2024-01-30
2507,Rohit Sharma,Female,45,9800865132,Maharashtra,Mumbai,2025-06-01
2508,Rahul Mehta,Male,34,9341700226,Karnataka,Mysuru,2024-01-11
2509,Vikas Sharma,Female,35,9169814172,Delhi,New Delhi,2025-03-03
2510,Aman Kumar,Female,60,9890920748,Uttar Pradesh,Kanpur,2025-02-24
2511,Aman Jain,Male,31,9007380524,Rajasthan,Udaipur,2024-11-22
2512,Anjali Singh,Male,22,9710952773,Rajasthan,Kota,2025-06-23
2513,Aditya Kumar,Female,57,9236720178,Uttar Pradesh,Noida,2024-04-16
2514,Vivaan Yadav,Male,39,9063807586,Karnataka,Bengaluru,2024-08-29
2515,Vikas Kumar,Male,44,9200429342,Maharashtra,Mumbai,2025-03-09
2516,Priya Mehta,Female,39,9084644162,Gujarat,Surat,2024-11-27
2517,Deepak Joshi,Female,56,9722181780,Delhi,New Delhi,2024-08-01
2518,Rahul Jain,Male,31,9801633663,Maharashtra,Mumbai,2024-08-12
2519,Karan Jain,Female,25,9122420454,Gujarat,Ahmedabad,2025-04-26
2520,Aditya Patel,Male,53,9011634174,Delhi,New Delhi,2025-03-18
2521,Aditya Patel,Female,60,9191510694,Gujarat,Surat,2024-09-17
2522,Aditya Joshi,Female,60,9201912324,Rajasthan,Jaipur,2025-06-09
2523,Sneha Mehta,Female,27,9755121372,Uttar Pradesh,Noida,2025-06-21
2524,Vivaan Mehta,Male,35,9473369971,Rajasthan,Udaipur,2024-11-26
2525,Riya Sharma,Female,30,9239048235,Maharashtra,Nagpur,2025-03-12
2526,Vivaan Gupta,Male,51,9469041746,Uttar Pradesh,Noida,2024-12-06
2527,Aarav Patel,Male,20,9705665224,Uttar Pradesh,Noida,2024-12-02
2528,Kavya Yadav,Male,45,9566016576,Uttar Pradesh,Kanpur,2025-02-23
2529,Vikas Gupta,Female,25,9722028888,Maharashtra,Nagpur,2024-11-20
2530,Kavya Mehta,Female,53,9928627231,Delhi,New Delhi,2024-03-05
2531,Arjun Sharma,Male,35,9398745690,Gujarat,Ahmedabad,2024-05-20
2532,Aditya Yadav,Male,60,9041956786,Uttar Pradesh,Lucknow,2024-02-09
2533,Aisha Sharma,Male,23,9393542240,Gujarat,Surat,2025-02-16
2534,Aman Joshi,Female,33,9414010530,Delhi,New Delhi,2024-03-14
2535,Sakshi Singh,Male,27,9824957685,Maharashtra,Mumbai,2024-02-12
2536,Rahul Jain,Male,25,9788311821,Karnataka,Bengaluru,2025-05-21
2537,Karan Sharma,Male,31,9631310358,Karnataka,Mysuru,2025-06-17
2538,Riya Singh,Male,38,9308192564,Uttar Pradesh,Lucknow,2024-04-16
2539,Deepak Kumar,Male,31,9565300865,Uttar Pradesh,Lucknow,2025-02-01
2540,Deepak Mehta,Female,54,9682717187,Delhi,New Delhi,2025-04-13
2541,Riya Gupta,Female,25,9269247190,Gujarat,Ahmedabad,2024-06-05
2542,Kavya Patel,Male,52,9387554916,Delhi,New Delhi,2024-05-11
2543,Aarav Yadav,Male,21,9929037828,Gujarat,Surat,2024-01-13
2544,Anjali Patel,Female,27,9499582210,Maharashtra,Mumbai,2024-04-08
2545,Priya Yadav,Female,26,9924908602,Karnataka,Bengaluru,2024-07-01
2546,Arjun Singh,Female,52,9053357513,Maharashtra,Mumbai,2024-08-26
2547,Karan Joshi,Male,46,9106823748,Uttar Pradesh,Kanpur,2024-07-13
2548,Karan Verma,Male,48,9378416860,Karnataka,Bengaluru,2024-04-17
2549,Vivaan Kumar,Female,59,9702145847,Gujarat,Surat,2025-03-02
2550,Rahul Jain,Male,47,9582157202,Uttar Pradesh,Kanpur,2025-06-11
2551,Aarav Jain,Male,46,9806780557,Karnataka,Mysuru,2024-11-18
2552,Vivaan Patel,Female,59,9383520446,Karnataka,Mysuru,2024-04-05
2553,Rahul Patel,Female,60,9581699028,Maharashtra,Nagpur,2025-02-25
2554,Karan Patel,Male,37,9375538581,Gujarat,Ahmedabad,2024-01-18
2555,Aman Kumar,Male,55,9191670268,Rajasthan,Kota,2024-05-03
2556,Aarav Joshi,Male,56,9467726131,Karnataka,Bengaluru,2024-05-03
2557,Kavya Sharma,Male,25,9089291054,Maharashtra,Mumbai,2024-09-05
2558,Aisha Verma,Male,18,9891515749,Rajasthan,Udaipur,2024-03-23
2559,Aditya Joshi,Male,33,9603089682,Delhi,New Delhi,2025-02-10
2560,Aman Kumar,Male,29,9145943132,Maharashtra,Nagpur,2024-05-23
2561,Kavya Gupta,Female,47,9253284485,Maharashtra,Mumbai,2024-10-24
2562,Aman Mehta,Male,56,9359831619,Karnataka,Mysuru,2024-11-18
2563,Aisha Verma,Female,19,9098455613,Delhi,New Delhi,2025-02-06
2564,Arjun Patel,Male,41,9276807481,Uttar Pradesh,Lucknow,2024-01-17
2565,Aisha Singh,Male,19,9509685913,Delhi,New Delhi,2024-08-14
2566,Aisha Verma,Male,46,9839291546,Delhi,New Delhi,2024-09-05
2567,Aarav Kumar,Male,37,9481662844,Maharashtra,Nagpur,2025-01-19
2568,Deepak Sharma,Male,37,9018449016,Karnataka,Bengaluru,2024-01-02
2569,Aditya Kumar,Male,26,9467177962,Gujarat,Surat,2025-04-07
2570,Arjun Yadav,Male,25,9545293843,Karnataka,Bengaluru,2024-05-03
2571,Anjali Jain,Female,37,9865134686,Delhi,New Delhi,2024-05-27
2572,Priya Sharma,Female,27,9807492011,Maharashtra,Pune,2025-05-15
2573,Riya Yadav,Female,51,9614537884,Uttar Pradesh,Noida,2024-05-26
2574,Aditya Mehta,Female,60,9836979567,Delhi,New Delhi,2025-06-10
2575,Priya Kumar,Male,37,9587810164,Gujarat,Ahmedabad,2025-04-15
2576,Anjali Sharma,Female,25,9293285917,Maharashtra,Pune,2025-04-03
2577,Priya Jain,Male,24,9439669394,Rajasthan,Udaipur,2024-05-15
2578,Nisha Kumar,Female,23,9595804490,Rajasthan,Banswara,2024-08-19
2579,Arjun Verma,Female,34,9326394356,Gujarat,Ahmedabad,2024-02-27
2580,Vikas Verma,Male,27,9639895698,Gujarat,Rajkot,2024-03-10
2581,Kavya Yadav,Male,59,9227589614,Maharashtra,Pune,2025-01-23
2582,Anjali Kumar,Male,39,9798370945,Karnataka,Bengaluru,2024-06-26
2583,Rahul Verma,Female,20,9664938183,Rajasthan,Udaipur,2024-03-13
2584,Aarav Kumar,Male,45,9862527069,Delhi,New Delhi,2024-06-03
2585,Karan Yadav,Female,42,9480697846,Karnataka,Bengaluru,2024-01-29
2586,Aditya Jain,Female,20,9576458994,Rajasthan,Kota,2024-01-29
2587,Arjun Mehta,Male,51,9378921758,Maharashtra,Pune,2024-10-13
2588,Aarav Joshi,Female,31,9859438773,Gujarat,Surat,2025-02-17
2589,Anjali Gupta,Male,47,9570228104,Maharashtra,Mumbai,2024-03-11
2590,Aisha Singh,Male,29,9522014924,Karnataka,Mysuru,2025-03-20
2591,Karan Sharma,Male,39,9811071507,Karnataka,Mysuru,2025-04-10
2592,Rahul Singh,Male,40,9898980516,Karnataka,Mysuru,2024-08-26
2593,Rahul Gupta,Female,37,9037405944,Gujarat,Rajkot,2024-12-28
2594,Nisha Patel,Female,47,9244809149,Gujarat,Rajkot,2024-09-16
2595,Rohit Yadav,Female,32,9603230363,Uttar Pradesh,Kanpur,2024-01-02
2596,Sakshi Verma,Male,47,9784062571,Uttar Pradesh,Lucknow,2025-02-17
2597,Sakshi Singh,Male,49,9517432637,Delhi,New Delhi,2024-12-16
2598,Aditya Verma,Female,23,9007729551,Uttar Pradesh,Lucknow,2025-04-05
2599,Aisha Mehta,Male,37,9696243572,Rajasthan,Jaipur,2024-02-09
2600,Riya Joshi,Female,18,9358060927,Uttar Pradesh,Kanpur,2025-01-26
2601,Aman Verma,Female,44,9735158461,Rajasthan,Kota,2024-09-14
2602,Rohit Gupta,Male,41,9225489941,Delhi,New Delhi,2024-04-30
2603,Sneha Mehta,Male,27,9030658836,Karnataka,Bengaluru,2025-05-20
2604,Anjali Yadav,Male,48,9149007613,Maharashtra,Nagpur,2025-04-09
2605,Sneha Kumar,Male,32,9513772646,Delhi,New Delhi,2024-07-28
2606,Rohit Patel,Female,22,9505046073,Karnataka,Mysuru,2024-10-15
2607,Arjun Gupta,Male,60,9489297749,Delhi,New Delhi,2025-04-17
2608,Vivaan Singh,Female,45,9215608711,Gujarat,Ahmedabad,2025-05-18
2609,Vikas Verma,Male,36,9654091609,Karnataka,Bengaluru,2024-08-07
2610,Arjun Singh,Female,26,9926852013,Uttar Pradesh,Noida,2025-03-14
2611,Sneha Gupta,Female,60,9089540895,Maharashtra,Nagpur,2024-11-22
2612,Sneha Kumar,Female,56,9061413544,Rajasthan,Jaipur,2025-05-30
2613,Pooja Jain,Male,26,9043538078,Rajasthan,Banswara,2024-11-29
2614,Aman Singh,Female,50,9108920426,Karnataka,Mysuru,2024-02-19
2615,Sneha Sharma,Female,51,9176138367,Rajasthan,Banswara,2024-08-18
2616,Nisha Verma,Male,41,9632587765,Delhi,New Delhi,2024-04-24
2617,Priya Kumar,Female,36,9386571477,Maharashtra,Pune,2025-02-06
2618,Rohit Kumar,Female,54,9241946044,Uttar Pradesh,Kanpur,2024-02-18
2619,Sakshi Kumar,Female,40,9626753015,Delhi,New Delhi,2025-02-15
2620,Neha Joshi,Male,32,9596813470,Karnataka,Mysuru,2025-01-04
2621,Rahul Kumar,Male,39,9335646316,Karnataka,Bengaluru,2025-02-06
2622,Rohit Patel,Female,21,9705789673,Maharashtra,Mumbai,2024-05-04
2623,Pooja Jain,Female,55,9953262933,Karnataka,Bengaluru,2024-03-09
2624,Vivaan Jain,Male,50,9894256246,Maharashtra,Nagpur,2024-05-04
2625,Rohit Yadav,Male,31,9964333215,Karnataka,Bengaluru,2024-06-20
2626,Vikas Yadav,Male,45,9834776019,Uttar Pradesh,Noida,2025-02-04
2627,Karan Joshi,Female,34,9194135587,Maharashtra,Nagpur,2025-05-16
2628,Neha Yadav,Male,32,9896931894,Uttar Pradesh,Lucknow,2024-05-28
2629,Pooja Yadav,Female,50,9894323452,Rajasthan,Jaipur,2025-01-21
2630,Nisha Jain,Female,18,9994092374,Maharashtra,Mumbai,2025-06-24
2631,Anjali Yadav,Male,36,9031321459,Uttar Pradesh,Lucknow,2024-01-31
2632,Sneha Gupta,Male,47,9243628346,Maharashtra,Pune,2024-05-05
2633,Anjali Jain,Female,35,9021830740,Uttar Pradesh,Kanpur,2024-04-27
2634,Anjali Mehta,Male,42,9592200128,Rajasthan,Banswara,2024-12-12
2635,Neha Sharma,Female,19,9310360506,Karnataka,Bengaluru,2024-12-23
2636,Sneha Yadav,Female,46,9335133015,Delhi,New Delhi,2024-12-04
2637,Aarav Jain,Female,24,9734078828,Gujarat,Ahmedabad,2024-09-27
2638,Neha Jain,Male,22,9853246125,Uttar Pradesh,Lucknow,2024-05-12
2639,Kavya Jain,Female,41,9974739209,Delhi,New Delhi,2024-08-26
2640,Rahul Mehta,Female,34,9688932675,Rajasthan,Banswara,2024-08-08
2641,Kavya Yadav,Female,33,9883001597,Rajasthan,Jaipur,2024-06-20
2642,Pooja Sharma,Male,18,9013085069,Rajasthan,Jaipur,2024-01-16
2643,Aditya Gupta,Male,57,9377996150,Delhi,New Delhi,2024-12-07
2644,Rahul Jain,Female,28,9366416850,Maharashtra,Mumbai,2024-02-04
2645,Kavya Yadav,Male,18,9470440759,Maharashtra,Pune,2024-12-31
2646,Aisha Yadav,Male,27,9746028699,Uttar Pradesh,Noida,2024-03-05
2647,Sneha Jain,Male,26,9837184831,Uttar Pradesh,Noida,2024-07-19
2648,Aman Yadav,Female,41,9968142892,Rajasthan,Udaipur,2024-05-02
2649,Aarav Jain,Male,34,9122828333,Maharashtra,Pune,2024-03-11
2650,Aarav Gupta,Female,60,9896905011,Uttar Pradesh,Noida,2025-01-11
2651,Rohit Mehta,Male,26,9523777995,Uttar Pradesh,Kanpur,2024-09-24
2652,Rahul Kumar,Female,43,9455339313,Gujarat,Rajkot,2024-05-01
2653,Arjun Jain,Male,38,9158530002,Uttar Pradesh,Lucknow,2024-07-19
2654,Pooja Verma,Male,59,9239979045,Karnataka,Mysuru,2025-05-16
2655,Riya Yadav,Male,57,9921213354,Delhi,New Delhi,2024-06-20
2656,Aisha Mehta,Male,31,9763036147,Maharashtra,Nagpur,2024-10-14
2657,Rahul Patel,Male,52,9958110662,Uttar Pradesh,Kanpur,2024-04-10
2658,Priya Sharma,Female,31,9072498494,Uttar Pradesh,Lucknow,2025-02-12
2659,Rahul Sharma,Male,33,9294721044,Gujarat,Ahmedabad,2024-03-23
2660,Aditya Sharma,Female,18,9784349892,Delhi,New Delhi,2025-01-17
2661,Deepak Joshi,Female,56,9633090580,Uttar Pradesh,Noida,2024-06-08
2662,Arjun Singh,Female,24,9607193902,Uttar Pradesh,Lucknow,2024-05-22
2663,Deepak Patel,Male,26,9757484257,Uttar Pradesh,Kanpur,2025-06-04
2664,Sneha Verma,Female,53,9089721432,Maharashtra,Mumbai,2025-06-15
2665,Kavya Kumar,Female,35,9523301222,Uttar Pradesh,Lucknow,2024-12-27
2666,Sakshi Kumar,Female,38,9922876836,Delhi,New Delhi,2025-06-01
2667,Aman Sharma,Female,33,9037916749,Uttar Pradesh,Noida,2024-12-20
2668,Pooja Patel,Female,60,9985907472,Uttar Pradesh,Kanpur,2025-04-24
2669,Rohit Kumar,Male,49,9476184836,Karnataka,Mysuru,2024-05-21
2670,Arjun Jain,Female,28,9865604156,Maharashtra,Nagpur,2025-04-28
2671,Vikas Sharma,Female,44,9130311561,Rajasthan,Jaipur,2024-11-15
2672,Arjun Mehta,Male,31,9105713671,Maharashtra,Mumbai,2024-03-02
2673,Pooja Patel,Male,55,9223276833,Gujarat,Ahmedabad,2024-10-06
2674,Rahul Mehta,Male,37,9597262655,Maharashtra,Pune,2024-11-22
2675,Anjali Mehta,Female,31,9370887880,Karnataka,Mysuru,2025-03-25
2676,Rohit Kumar,Male,53,9649719733,Karnataka,Bengaluru,2025-05-19
2677,Aarav Patel,Male,27,9781713637,Karnataka,Bengaluru,2025-03-09
2678,Sakshi Joshi,Female,39,9496264230,Uttar Pradesh,Noida,2024-04-05
2679,Kavya Singh,Male,23,9568501583,Uttar Pradesh,Kanpur,2025-03-16
2680,Aisha Kumar,Female,46,9833346151,Delhi,New Delhi,2024-09-12
2681,Anjali Patel,Female,60,9823947443,Delhi,New Delhi,2024-03-18
2682,Rohit Gupta,Male,40,9778742731,Maharashtra,Nagpur,2024-11-18
2683,Rohit Jain,Female,29,9260068067,Gujarat,Ahmedabad,2025-03-12
2684,Arjun Verma,Female,55,9976309074,Gujarat,Rajkot,2024-08-18
2685,Nisha Jain,Male,58,9050926699,Karnataka,Bengaluru,2024-07-06
2686,Aarav Gupta,Female,18,9024151891,Gujarat,Ahmedabad,2025-01-22
2687,Anjali Joshi,Female,52,9368365370,Gujarat,Ahmedabad,2025-04-19
2688,Kavya Gupta,Female,41,9360400903,Karnataka,Mysuru,2024-07-12
2689,Aisha Gupta,Male,46,9130963645,Rajasthan,Udaipur,2024-06-18
2690,Vikas Gupta,Female,48,9715700218,Gujarat,Surat,2024-05-24
2691,Aisha Verma,Male,38,9063008276,Maharashtra,Pune,2024-07-26
2692,Sakshi Verma,Female,44,9867369117,Gujarat,Ahmedabad,2024-08-05
2693,Vivaan Gupta,Female,57,9678272315,Rajasthan,Jaipur,2024-01-14
2694,Deepak Gupta,Male,18,9874488802,Gujarat,Surat,2024-07-20
2695,Anjali Sharma,Female,23,9695775554,Maharashtra,Mumbai,2025-05-18
2696,Anjali Verma,Male,57,9222128348,Delhi,New Delhi,2025-01-04
2697,Aisha Kumar,Male,54,9487224046,Karnataka,Bengaluru,2024-06-08
2698,Karan Mehta,Male,28,9462092587,Karnataka,Bengaluru,2024-09-04
2699,Anjali Joshi,Male,58,9060273759,Rajasthan,Udaipur,2025-04-01
2700,Kavya Singh,Male,48,9782702424,Uttar Pradesh,Kanpur,2025-01-01
2701,Rahul Yadav,Female,18,9229487155,Uttar Pradesh,Noida,2024-10-31
2702,Karan Verma,Male,36,9284455804,Gujarat,Surat,2024-04-24
2703,Sneha Joshi,Female,26,9263149074,Gujarat,Rajkot,2024-03-10
2704,Rahul Gupta,Male,54,9971479164,Uttar Pradesh,Lucknow,2024-03-22
2705,Vikas Gupta,Male,37,9259027478,Gujarat,Ahmedabad,2024-06-17
2706,Rohit Yadav,Female,33,9264246965,Delhi,New Delhi,2025-03-12
2707,Rahul Gupta,Male,34,9255511696,Rajasthan,Banswara,2025-02-24
2708,Arjun Patel,Male,40,9266008653,Karnataka,Mysuru,2024-08-08
2709,Vikas Gupta,Male,37,9973011516,Uttar Pradesh,Lucknow,2024-10-24
2710,Karan Singh,Female,23,9654797464,Uttar Pradesh,Kanpur,2024-04-09
2711,Rahul Mehta,Female,52,9278372360,Maharashtra,Nagpur,2024-08-21
2712,Neha Joshi,Female,40,9057140506,Karnataka,Bengaluru,2024-10-24
2713,Nisha Yadav,Female,27,9256874864,Gujarat,Ahmedabad,2025-03-27
2714,Nisha Gupta,Male,39,9146611413,Gujarat,Surat,2024-12-27
2715,Deepak Singh,Male,38,9350415695,Delhi,New Delhi,2024-07-12
2716,Neha Mehta,Male,19,9455540409,Maharashtra,Pune,2024-07-27
2717,Arjun Gupta,Female,32,9118670594,Maharashtra,Nagpur,2024-05-23
2718,Vivaan Mehta,Female,39,9843703242,Delhi,New Delhi,2024-01-02
2719,Aarav Joshi,Male,39,9068525294,Rajasthan,Kota,2025-04-24
2720,Neha Sharma,Female,49,9694498841,Uttar Pradesh,Lucknow,2024-01-11
2721,Nisha Mehta,Female,30,9214656316,Karnataka,Bengaluru,2025-03-13
2722,Neha Yadav,Female,36,9218160458,Gujarat,Rajkot,2024-09-22
2723,Nisha Singh,Female,32,9223648130,Karnataka,Bengaluru,2024-07-23
2724,Deepak Gupta,Female,30,9059074731,Maharashtra,Pune,2025-03-25
2725,Aarav Patel,Female,26,9735581473,Maharashtra,Pune,2024-04-05
2726,Vikas Mehta,Male,35,9709635266,Rajasthan,Udaipur,2024-07-14
2727,Vivaan Sharma,Female,36,9116993211,Maharashtra,Mumbai,2025-04-12
2728,Riya Sharma,Female,48,9274850050,Karnataka,Bengaluru,2024-02-08
2729,Aarav Gupta,Male,39,9521418141,Rajasthan,Udaipur,2025-04-24
2730,Vikas Jain,Female,34,9741771041,Gujarat,Rajkot,2024-03-14
2731,Pooja Sharma,Male,26,9506071054,Rajasthan,Banswara,2024-01-26
2732,Rohit Mehta,Female,33,9203409106,Gujarat,Ahmedabad,2024-12-07
2733,Deepak Sharma,Male,35,9938092505,Maharashtra,Mumbai,2024-01-22
2734,Neha Gupta,Female,31,9140120941,Karnataka,Mysuru,2024-05-20
2735,Vivaan Jain,Female,25,9409888387,Rajasthan,Jaipur,2025-04-30
2736,Neha Patel,Female,60,9595317726,Uttar Pradesh,Lucknow,2024-02-23
2737,Nisha Gupta,Male,31,9252060324,Uttar Pradesh,Lucknow,2024-06-12
2738,Rahul Yadav,Female,23,9863123559,Rajasthan,Kota,2024-12-22
2739,Aman Kumar,Female,50,9296833855,Uttar Pradesh,Kanpur,2024-12-25
2740,Anjali Kumar,Female,55,9893887301,Rajasthan,Banswara,2024-06-10
2741,Nisha Jain,Male,26,9102613935,Karnataka,Bengaluru,2024-03-28
2742,Deepak Gupta,Male,27,9488834454,Karnataka,Mysuru,2025-03-31
2743,Neha Jain,Male,56,9260338673,Karnataka,Bengaluru,2024-06-17
2744,Rohit Patel,Male,37,9465089903,Maharashtra,Mumbai,2025-04-27
2745,Deepak Kumar,Female,38,9992342123,Gujarat,Rajkot,2024-06-13
2746,Sakshi Joshi,Male,45,9209418311,Uttar Pradesh,Lucknow,2024-03-25
2747,Vivaan Gupta,Male,59,9836153935,Delhi,New Delhi,2024-08-24
2748,Aditya Kumar,Male,32,9670570103,Karnataka,Mysuru,2024-11-07
2749,Vivaan Singh,Male,22,9075016571,Karnataka,Mysuru,2025-04-05
2750,Deepak Jain,Female,32,9851738698,Karnataka,Mysuru,2024-01-10
2751,Kavya Yadav,Female,52,9059481040,Uttar Pradesh,Kanpur,2024-10-30
2752,Sneha Sharma,Female,35,9998881968,Rajasthan,Udaipur,2024-06-05
2753,Rohit Verma,Female,33,9247983338,Uttar Pradesh,Kanpur,2024-10-17
2754,Neha Singh,Female,52,9569461245,Maharashtra,Nagpur,2025-02-18
2755,Sakshi Mehta,Male,53,9705249621,Uttar Pradesh,Noida,2024-11-24
2756,Nisha Sharma,Male,53,9917051699,Delhi,New Delhi,2024-05-26
2757,Rahul Gupta,Female,52,9423562274,Delhi,New Delhi,2025-04-21
2758,Priya Mehta,Female,57,9342867821,Gujarat,Surat,2025-01-01
2759,Pooja Sharma,Female,38,9284296778,Gujarat,Rajkot,2024-03-14
2760,Kavya Patel,Female,27,9125720845,Gujarat,Surat,2024-05-05
2761,Sneha Sharma,Female,52,9216047758,Uttar Pradesh,Kanpur,2024-08-09
2762,Rohit Patel,Female,37,9800406000,Uttar Pradesh,Noida,2025-02-13
2763,Deepak Kumar,Male,48,9682252511,Gujarat,Rajkot,2024-08-31
2764,Rohit Patel,Male,36,9865123224,Maharashtra,Nagpur,2024-01-09
2765,Rahul Sharma,Female,55,9694118307,Gujarat,Rajkot,2024-03-31
2766,Riya Joshi,Male,21,9985616955,Maharashtra,Nagpur,2024-08-18
2767,Priya Sharma,Male,30,9005315187,Gujarat,Surat,2025-05-30
2768,Sakshi Kumar,Female,43,9753385387,Maharashtra,Nagpur,2024-07-10
2769,Karan Verma,Female,50,9237018664,Rajasthan,Jaipur,2024-07-03
2770,Sakshi Gupta,Male,55,9455541648,Delhi,New Delhi,2024-08-13
2771,Rohit Singh,Female,30,9971436495,Rajasthan,Banswara,2024-02-01
2772,Arjun Yadav,Female,27,9937271383,Uttar Pradesh,Noida,2024-01-24
2773,Neha Singh,Female,49,9629467323,Delhi,New Delhi,2024-02-29
2774,Aisha Joshi,Male,29,9407999372,Maharashtra,Pune,2024-09-13
2775,Rahul Kumar,Male,59,9610255735,Gujarat,Surat,2025-03-01
2776,Rohit Verma,Male,49,9912191107,Karnataka,Mysuru,2025-01-02
2777,Aman Yadav,Female,50,9567171051,Delhi,New Delhi,2024-11-30
2778,Aditya Yadav,Female,57,9423299091,Karnataka,Mysuru,2024-10-11
2779,Pooja Kumar,Female,28,9919736334,Karnataka,Bengaluru,2024-11-25
2780,Vikas Kumar,Female,48,9717435754,Rajasthan,Banswara,2025-04-13
2781,Nisha Sharma,Female,45,9310698104,Uttar Pradesh,Kanpur,2024-07-23
2782,Rahul Kumar,Male,20,9715471352,Rajasthan,Udaipur,2024-06-10
2783,Arjun Kumar,Male,20,9329025481,Rajasthan,Udaipur,2024-03-13
2784,Kavya Patel,Male,57,9450396317,Delhi,New Delhi,2024-02-13
2785,Pooja Yadav,Female,35,9419735685,Gujarat,Ahmedabad,2024-06-30
2786,Kavya Mehta,Male,30,9288086779,Maharashtra,Nagpur,2024-11-11
2787,Priya Mehta,Male,49,9090488689,Delhi,New Delhi,2024-05-22
2788,Sakshi Sharma,Female,39,9234327750,Rajasthan,Banswara,2024-12-27
2789,Neha Sharma,Female,18,9709399987,Uttar Pradesh,Noida,2025-01-22
2790,Aisha Jain,Male,30,9893695361,Gujarat,Ahmedabad,2025-04-28
2791,Pooja Mehta,Male,36,9369321228,Gujarat,Ahmedabad,2024-03-23
2792,Aman Sharma,Female,36,9790730561,Rajasthan,Jaipur,2024-04-26
2793,Aisha Kumar,Male,39,9006641817,Karnataka,Bengaluru,2024-05-21
2794,Rahul Yadav,Female,36,9155546967,Karnataka,Mysuru,2024-11-27
2795,Nisha Verma,Female,24,9770817826,Rajasthan,Udaipur,2024-04-18
2796,Rohit Sharma,Male,58,9293140751,Rajasthan,Banswara,2025-05-27
2797,Kavya Joshi,Male,59,9994796354,Rajasthan,Banswara,2024-01-16
2798,Aman Joshi,Female,48,9109866582,Delhi,New Delhi,2024-11-21
2799,Riya Joshi,Male,55,9297624449,Gujarat,Ahmedabad,2024-09-04
2800,Rohit Kumar,Male,36,9704799264,Rajasthan,Jaipur,2024-05-27
2801,Arjun Kumar,Female,32,9291642567,Gujarat,Rajkot,2024-07-16
2802,Sneha Singh,Female,29,9495377694,Karnataka,Bengaluru,2025-03-28
2803,Nisha Kumar,Male,53,9406968631,Rajasthan,Banswara,2024-06-19
2804,Vikas Kumar,Male,28,9332894370,Maharashtra,Mumbai,2024-05-10
2805,Sneha Kumar,Male,50,9502290885,Rajasthan,Banswara,2025-06-06
2806,Pooja Joshi,Female,37,9096942048,Rajasthan,Kota,2024-12-04
2807,Rahul Patel,Female,33,9275531795,Rajasthan,Banswara,2024-05-17
2808,Deepak Gupta,Female,41,9821106077,Rajasthan,Banswara,2024-02-15
2809,Aman Joshi,Female,57,9985354088,Delhi,New Delhi,2024-02-20
2810,Kavya Gupta,Female,38,9534248334,Uttar Pradesh,Kanpur,2024-07-08
2811,Riya Sharma,Male,23,9362227338,Gujarat,Ahmedabad,2025-04-10
2812,Vikas Yadav,Male,47,9174543790,Rajasthan,Udaipur,2024-02-04
2813,Neha Mehta,Male,47,9938768569,Maharashtra,Mumbai,2025-06-12
2814,Nisha Singh,Female,28,9997105497,Maharashtra,Mumbai,2024-06-25
2815,Sakshi Gupta,Male,31,9067399589,Delhi,New Delhi,2024-01-06
2816,Aarav Joshi,Male,46,9856438111,Uttar Pradesh,Kanpur,2025-05-16
2817,Neha Verma,Male,55,9797085571,Gujarat,Surat,2025-03-04
2818,Anjali Verma,Male,31,9277144565,Rajasthan,Kota,2024-01-15
2819,Vivaan Yadav,Female,45,9961960584,Rajasthan,Udaipur,2025-05-31
2820,Kavya Jain,Male,41,9329726521,Uttar Pradesh,Noida,2024-07-17
2821,Priya Singh,Female,55,9915506479,Uttar Pradesh,Noida,2024-02-20
2822,Aman Yadav,Female,35,9594645643,Delhi,New Delhi,2024-09-29
2823,Nisha Joshi,Female,29,9634119210,Delhi,New Delhi,2024-06-11
2824,Neha Mehta,Female,31,9948919817,Maharashtra,Mumbai,2025-04-05
2825,Aisha Verma,Male,39,9410824760,Rajasthan,Udaipur,2024-02-23
2826,Priya Joshi,Male,33,9979682362,Maharashtra,Mumbai,2025-05-07
2827,Priya Mehta,Male,49,9903659165,Karnataka,Bengaluru,2025-04-05
2828,Pooja Jain,Male,35,9540868472,Delhi,New Delhi,2024-09-07
2829,Aditya Mehta,Female,53,9070178257,Karnataka,Bengaluru,2024-01-16
2830,Anjali Kumar,Male,51,9103867100,Gujarat,Surat,2024-12-10
2831,Nisha Verma,Female,58,9383525785,Uttar Pradesh,Lucknow,2024-05-20
2832,Rahul Gupta,Female,41,9107188829,Uttar Pradesh,Kanpur,2024-03-11
2833,Pooja Yadav,Male,49,9538772165,Delhi,New Delhi,2025-05-02
2834,Rohit Joshi,Female,32,9011601150,Rajasthan,Udaipur,2024-08-14
2835,Vivaan Joshi,Male,24,9020183484,Gujarat,Surat,2024-11-08
2836,Priya Verma,Male,40,9428208225,Maharashtra,Nagpur,2024-12-25
2837,Sakshi Jain,Female,47,9022926338,Maharashtra,Mumbai,2024-09-23
2838,Riya Singh,Male,36,9725044095,Delhi,New Delhi,2024-12-28
2839,Aarav Sharma,Female,58,9492200528,Delhi,New Delhi,2024-03-20
2840,Anjali Kumar,Female,57,9321014705,Delhi,New Delhi,2024-06-11
2841,Aisha Kumar,Male,49,9111531986,Rajasthan,Kota,2024-08-09
2842,Rohit Patel,Female,19,9138913800,Delhi,New Delhi,2024-07-07
2843,Karan Kumar,Male,20,9128956124,Gujarat,Surat,2024-04-03
2844,Rohit Mehta,Female,38,9024855535,Maharashtra,Mumbai,2025-06-14
2845,Aditya Sharma,Male,30,9941281731,Delhi,New Delhi,2024-03-07
2846,Pooja Kumar,Male,21,9071547745,Rajasthan,Udaipur,2025-06-11
2847,Aisha Verma,Female,47,9152975052,Gujarat,Ahmedabad,2024-05-01
2848,Aisha Joshi,Female,38,9795616330,Delhi,New Delhi,2024-01-12
2849,Kavya Kumar,Male,26,9886807178,Maharashtra,Pune,2024-12-21
2850,Karan Yadav,Male,47,9301239045,Gujarat,Surat,2024-12-15
2851,Aarav Mehta,Male,25,9017188779,Rajasthan,Udaipur,2025-03-17
2852,Vivaan Mehta,Female,19,9053741473,Uttar Pradesh,Noida,2024-03-07
2853,Vikas Patel,Male,45,9755724185,Rajasthan,Kota,2024-03-31
2854,Vikas Singh,Male,42,9575440242,Rajasthan,Jaipur,2025-02-01
2855,Kavya Joshi,Female,35,9585865111,Rajasthan,Udaipur,2024-05-25
2856,Vivaan Singh,Female,29,9700852583,Delhi,New Delhi,2024-02-10
2857,Kavya Sharma,Female,32,9042694909,Rajasthan,Udaipur,2024-03-23
2858,Sakshi Jain,Male,27,9280570479,Karnataka,Bengaluru,2024-03-01
2859,Aman Singh,Female,26,9163280129,Delhi,New Delhi,2024-11-20
2860,Kavya Joshi,Female,37,9478978517,Uttar Pradesh,Lucknow,2024-06-06
2861,Sneha Joshi,Female,51,9510596083,Karnataka,Bengaluru,2024-11-22
2862,Aditya Kumar,Female,31,9277485202,Rajasthan,Udaipur,2025-06-15
2863,Aditya Patel,Female,56,9204212732,Delhi,New Delhi,2024-04-25
2864,Aditya Gupta,Female,41,9240273365,Delhi,New Delhi,2024-11-20
2865,Vikas Singh,Female,19,9552419429,Delhi,New Delhi,2024-11-22
2866,Vivaan Kumar,Male,30,9382601827,Karnataka,Bengaluru,2024-05-20
2867,Aarav Singh,Male,23,9674582324,Maharashtra,Pune,2025-05-03
2868,Vivaan Sharma,Male,54,9448519926,Gujarat,Surat,2025-04-07
2869,Aarav Mehta,Female,27,9601125078,Uttar Pradesh,Noida,2025-02-07
2870,Karan Verma,Female,50,9692173386,Karnataka,Bengaluru,2024-10-22
2871,Neha Sharma,Female,24,9651488799,Rajasthan,Kota,2025-01-01
2872,Nisha Jain,Female,48,9822878804,Gujarat,Rajkot,2024-08-03
2873,Aisha Patel,Female,52,9518627578,Delhi,New Delhi,2025-04-07
2874,Priya Verma,Male,52,9218807579,Maharashtra,Pune,2025-05-10
2875,Arjun Verma,Male,45,9395815518,Gujarat,Ahmedabad,2025-02-12
2876,Anjali Kumar,Female,42,9200212354,Rajasthan,Banswara,2024-03-25
2877,Anjali Patel,Male,24,9699187215,Delhi,New Delhi,2024-01-21
2878,Aman Gupta,Male,25,9394388697,Delhi,New Delhi,2024-11-23
2879,Nisha Singh,Male,23,9796068600,Maharashtra,Nagpur,2025-05-29
2880,Pooja Verma,Female,35,9747180523,Uttar Pradesh,Kanpur,2024-10-13
2881,Aisha Kumar,Male,23,9082603409,Karnataka,Mysuru,2024-08-24
2882,Priya Jain,Female,47,9955706695,Uttar Pradesh,Noida,2025-02-06
2883,Nisha Yadav,Male,46,9511390334,Gujarat,Surat,2025-05-10
2884,Riya Mehta,Female,29,9580514792,Karnataka,Bengaluru,2024-05-06
2885,Anjali Yadav,Male,20,9617403003,Gujarat,Ahmedabad,2025-02-22
2886,Sneha Singh,Male,58,9074534429,Gujarat,Ahmedabad,2024-05-03
2887,Aditya Mehta,Male,39,9185389891,Rajasthan,Udaipur,2024-02-12
2888,Sneha Joshi,Male,19,9173208056,Karnataka,Mysuru,2024-03-03
2889,Nisha Joshi,Male,37,9578346671,Delhi,New Delhi,2024-01-02
2890,Aarav Jain,Male,46,9024627670,Rajasthan,Banswara,2025-05-29
2891,Vivaan Kumar,Male,19,9412262348,Maharashtra,Pune,2024-03-27
2892,Aman Sharma,Male,21,9391424645,Maharashtra,Nagpur,2024-01-15
2893,Kavya Patel,Female,48,9691090003,Maharashtra,Mumbai,2025-06-21
2894,Aditya Sharma,Male,40,9613618324,Delhi,New Delhi,2024-03-25
2895,Sneha Joshi,Female,26,9915257340,Gujarat,Ahmedabad,2024-11-07
2896,Vivaan Patel,Female,18,9911819536,Delhi,New Delhi,2024-04-01
2897,Aarav Jain,Female,54,9935071057,Delhi,New Delhi,2024-06-08
2898,Karan Kumar,Female,53,9953003496,Delhi,New Delhi,2024-09-24
2899,Priya Kumar,Male,44,9134241565,Gujarat,Surat,2024-05-28
2900,Kavya Kumar,Male,38,9975821576,Maharashtra,Mumbai,2024-10-06
2901,Priya Jain,Male,59,9442365593,Karnataka,Mysuru,2024-02-10
2902,Nisha Gupta,Female,50,9825058904,Gujarat,Rajkot,2025-04-17
2903,Karan Yadav,Female,47,9297942003,Uttar Pradesh,Noida,2025-04-06
2904,Deepak Yadav,Female,54,9462189978,Rajasthan,Banswara,2024-10-05
2905,Aisha Jain,Female,43,9027895895,Gujarat,Ahmedabad,2024-03-12
2906,Rahul Singh,Male,22,9999796633,Karnataka,Mysuru,2024-09-11
2907,Priya Sharma,Female,56,9489836298,Maharashtra,Mumbai,2024-02-26
2908,Anjali Singh,Male,31,9593332715,Uttar Pradesh,Noida,2024-06-05
2909,Sneha Gupta,Female,44,9961165660,Delhi,New Delhi,2024-10-18
2910,Anjali Singh,Male,36,9555858040,Gujarat,Rajkot,2024-07-22
2911,Vivaan Singh,Male,41,9873453203,Maharashtra,Pune,2024-11-27
2912,Kavya Mehta,Male,34,9966645656,Rajasthan,Udaipur,2024-05-26
2913,Pooja Joshi,Male,31,9334404907,Delhi,New Delhi,2025-03-12
2914,Sakshi Yadav,Male,54,9245641751,Uttar Pradesh,Noida,2024-12-22
2915,Neha Kumar,Female,38,9700301991,Uttar Pradesh,Kanpur,2025-06-05
2916,Priya Sharma,Male,22,9769522241,Rajasthan,Banswara,2025-06-02
2917,Riya Yadav,Female,33,9457343930,Delhi,New Delhi,2025-05-19
2918,Aarav Kumar,Female,44,9256135698,Maharashtra,Pune,2024-03-23
2919,Priya Patel,Male,30,9794814210,Gujarat,Surat,2025-03-16
2920,Rahul Singh,Female,30,9211339711,Uttar Pradesh,Kanpur,2024-08-04
2921,Nisha Jain,Female,35,9593925348,Gujarat,Rajkot,2025-01-06
2922,Sneha Gupta,Male,20,9219617929,Maharashtra,Mumbai,2025-04-08
2923,Aman Kumar,Female,32,9597404355,Gujarat,Rajkot,2025-06-01
2924,Karan Joshi,Male,42,9393010481,Karnataka,Mysuru,2025-01-11
2925,Sakshi Sharma,Male,59,9545543905,Maharashtra,Nagpur,2025-01-05
2926,Rohit Sharma,Female,42,9328538202,Delhi,New Delhi,2024-11-04
2927,Aman Kumar,Male,50,9412465939,Karnataka,Mysuru,2024-07-28
2928,Rohit Yadav,Male,35,9774602460,Gujarat,Ahmedabad,2025-04-04
2929,Vivaan Yadav,Male,49,9971541298,Uttar Pradesh,Noida,2024-09-19
2930,Aman Joshi,Male,37,9516925099,Uttar Pradesh,Noida,2025-01-05
2931,Anjali Jain,Male,50,9542299057,Maharashtra,Mumbai,2025-05-27
2932,Nisha Gupta,Female,40,9918297080,Uttar Pradesh,Lucknow,2024-08-15
2933,Sneha Singh,Female,45,9449310848,Uttar Pradesh,Kanpur,2024-07-26
2934,Aman Patel,Female,34,9723988395,Maharashtra,Mumbai,2024-09-24
2935,Neha Kumar,Female,23,9152915699,Delhi,New Delhi,2025-02-05
2936,Anjali Verma,Male,29,9413302377,Delhi,New Delhi,2025-02-14
2937,Rohit Sharma,Female,56,9673155016,Karnataka,Mysuru,2024-11-02
2938,Sakshi Kumar,Female,44,9096253763,Delhi,New Delhi,2025-02-01
2939,Arjun Verma,Male,53,9788171397,Maharashtra,Nagpur,2024-05-10
2940,Aisha Verma,Female,57,9177311666,Rajasthan,Banswara,2025-03-26
2941,Rahul Yadav,Male,20,9359895353,Rajasthan,Kota,2024-11-17
2942,Rahul Singh,Male,36,9537431470,Delhi,New Delhi,2024-03-12
2943,Aisha Verma,Female,60,9790061152,Delhi,New Delhi,2025-06-22
2944,Aman Verma,Male,20,9670397697,Rajasthan,Jaipur,2025-02-28
2945,Neha Sharma,Female,57,9940782712,Gujarat,Surat,2024-11-13
2946,Aarav Kumar,Male,31,9591665821,Karnataka,Mysuru,2025-05-02
2947,Aditya Verma,Male,25,9122791900,Gujarat,Rajkot,2024-01-25
2948,Rahul Patel,Female,55,9209105617,Uttar Pradesh,Lucknow,2024-08-22
2949,Aman Jain,Male,49,9749034166,Delhi,New Delhi,2025-03-02
2950,Neha Singh,Female,47,9100889558,Delhi,New Delhi,2024-07-04
2951,Pooja Mehta,Female,44,9804030700,Rajasthan,Kota,2025-05-14
2952,Riya Gupta,Male,32,9726935330,Karnataka,Bengaluru,2024-02-20
2953,Riya Singh,Male,40,9798738392,Karnataka,Bengaluru,2025-04-06
2954,Rohit Verma,Male,24,9697355065,Gujarat,Rajkot,2024-01-06
2955,Kavya Patel,Female,45,9035621746,Gujarat,Surat,2024-02-05
2956,Sneha Jain,Female,33,9550171094,Uttar Pradesh,Kanpur,2024-11-24
2957,Kavya Singh,Male,57,9328983429,Uttar Pradesh,Lucknow,2025-04-27
2958,Nisha Jain,Female,21,9170079912,Gujarat,Rajkot,2024-04-23
2959,Priya Verma,Male,29,9720046514,Delhi,New Delhi,2024-09-04
2960,Aditya Sharma,Female,20,9807977260,Gujarat,Surat,2024-01-25
2961,Priya Yadav,Male,39,9197719156,Maharashtra,Mumbai,2024-08-29
2962,Rahul Verma,Male,50,9355705281,Uttar Pradesh,Lucknow,2024-03-15
2963,Sneha Patel,Female,54,9302344150,Gujarat,Surat,2024-04-29
2964,Aman Sharma,Male,26,9821449199,Rajasthan,Jaipur,2024-01-14
2965,Karan Singh,Male,22,9257157511,Rajasthan,Udaipur,2025-05-06
2966,Aarav Joshi,Female,36,9471924951,Rajasthan,Jaipur,2024-02-04
2967,Rahul Joshi,Female,57,9064841903,Uttar Pradesh,Lucknow,2025-02-14
2968,Aisha Jain,Male,41,9095139387,Rajasthan,Kota,2024-02-19
2969,Priya Gupta,Female,24,9824250795,Karnataka,Mysuru,2025-03-21
2970,Vikas Gupta,Female,55,9911795604,Uttar Pradesh,Lucknow,2024-05-29
2971,Riya Mehta,Female,44,9299377482,Delhi,New Delhi,2024-07-27
2972,Vikas Singh,Female,37,9954083592,Rajasthan,Jaipur,2024-07-26
2973,Rahul Verma,Male,35,9487931976,Gujarat,Rajkot,2024-09-12
2974,Karan Sharma,Male,40,9720839066,Karnataka,Bengaluru,2025-02-08
2975,Anjali Kumar,Female,43,9428223635,Delhi,New Delhi,2024-03-05
2976,Sakshi Mehta,Female,53,9055609230,Maharashtra,Mumbai,2024-04-10
2977,Karan Joshi,Female,44,9970927118,Maharashtra,Nagpur,2024-07-18
2978,Karan Mehta,Male,47,9555919917,Uttar Pradesh,Kanpur,2024-10-18
2979,Sneha Gupta,Male,35,9062000086,Karnataka,Mysuru,2024-07-10
2980,Pooja Sharma,Female,57,9221518883,Gujarat,Ahmedabad,2024-11-11
2981,Aarav Joshi,Male,45,9687390142,Maharashtra,Pune,2024-09-28
2982,Vikas Yadav,Female,30,9854390375,Gujarat,Rajkot,2024-11-15
2983,Karan Patel,Male,31,9923150609,Karnataka,Bengaluru,2024-02-15
2984,Arjun Gupta,Male,25,9626633717,Maharashtra,Nagpur,2025-03-23
2985,Sakshi Joshi,Female,35,9494308231,Uttar Pradesh,Kanpur,2024-07-19
2986,Sneha Jain,Male,24,9213210689,Gujarat,Ahmedabad,2024-02-21
2987,Sakshi Sharma,Male,39,9423785113,Karnataka,Mysuru,2024-04-21
2988,Riya Yadav,Female,39,9677273638,Gujarat,Rajkot,2024-04-27
2989,Aditya Jain,Male,23,9495278624,Maharashtra,Pune,2025-06-06
2990,Sakshi Singh,Male,53,9102436472,Rajasthan,Banswara,2025-02-24
2991,Riya Kumar,Male,37,9554195591,Uttar Pradesh,Lucknow,2025-05-12
2992,Neha Joshi,Female,40,9073529564,Delhi,New Delhi,2024-02-04
2993,Pooja Jain,Male,42,9322719976,Karnataka,Mysuru,2024-12-02
2994,Aarav Jain,Female,56,9617753045,Rajasthan,Banswara,2024-09-01
2995,Nisha Sharma,Female,35,9622755819,Maharashtra,Mumbai,2025-06-17
2996,Karan Jain,Female,24,9780264129,Uttar Pradesh,Lucknow,2024-01-05
2997,Priya Verma,Male,36,9504629768,Karnataka,Bengaluru,2025-05-24
2998,Karan Sharma,Female,48,9521316497,Uttar Pradesh,Lucknow,2024-08-30
2999,Vikas Joshi,Female,54,9449471939,Maharashtra,Nagpur,2025-04-04
3000,Sakshi Kumar,Female,29,9907788152,Karnataka,Mysuru,2024-11-28
3001,Sakshi Patel,Male,32,9295677398,Rajasthan,Jaipur,2024-12-30
3002,Neha Patel,Female,23,9020897050,Karnataka,Bengaluru,2024-09-24
3003,Anjali Yadav,Male,25,9664024499,Maharashtra,Mumbai,2025-01-20
3004,Rohit Sharma,Male,27,9372751152,Rajasthan,Udaipur,2024-04-23
3005,Karan Joshi,Female,41,9824705433,Gujarat,Ahmedabad,2024-10-31
3006,Sakshi Joshi,Female,40,9929076225,Rajasthan,Udaipur,2024-11-30
3007,Karan Jain,Female,31,9400704276,Rajasthan,Jaipur,2025-01-25
3008,Aisha Yadav,Male,29,9478780157,Rajasthan,Jaipur,2025-06-06
3009,Priya Patel,Female,58,9473996115,Karnataka,Mysuru,2024-04-11
3010,Kavya Singh,Male,31,9993409313,Maharashtra,Pune,2024-11-29
3011,Aman Patel,Female,37,9891646660,Delhi,New Delhi,2024-11-28
3012,Arjun Jain,Female,57,9496412329,Karnataka,Mysuru,2025-04-03
3013,Vikas Yadav,Female,58,9953529360,Delhi,New Delhi,2025-05-09
3014,Arjun Verma,Male,46,9655344799,Maharashtra,Pune,2024-10-08
3015,Karan Patel,Male,29,9066690959,Delhi,New Delhi,2025-02-15
3016,Sneha Jain,Male,50,9724045808,Uttar Pradesh,Kanpur,2025-04-22
3017,Pooja Jain,Female,24,9859967563,Maharashtra,Pune,2025-05-22
3018,Vivaan Patel,Female,34,9050258784,Maharashtra,Pune,2025-05-03
3019,Aman Singh,Male,47,9926319634,Uttar Pradesh,Lucknow,2024-03-24
3020,Priya Jain,Male,52,9581114416,Maharashtra,Mumbai,2025-05-04
3021,Kavya Singh,Male,18,9272637705,Uttar Pradesh,Noida,2024-05-24
3022,Anjali Mehta,Male,46,9458628308,Rajasthan,Kota,2024-01-30
3023,Pooja Joshi,Female,23,9717043429,Gujarat,Rajkot,2024-11-02
3024,Kavya Verma,Female,54,9114867484,Gujarat,Surat,2025-06-07
3025,Aditya Mehta,Female,37,9650297570,Gujarat,Ahmedabad,2025-04-16
3026,Riya Singh,Male,57,9455137161,Delhi,New Delhi,2025-02-02
3027,Aman Sharma,Female,59,9126384542,Gujarat,Surat,2025-02-09
3028,Deepak Jain,Female,21,9136233988,Karnataka,Mysuru,2024-10-15
3029,Sakshi Yadav,Female,56,9575841457,Delhi,New Delhi,2024-05-11
3030,Aarav Singh,Female,60,9627700876,Maharashtra,Pune,2024-08-15
3031,Aisha Joshi,Male,23,9521258575,Karnataka,Bengaluru,2024-06-20
3032,Rahul Jain,Male,39,9494253394,Delhi,New Delhi,2024-08-31
3033,Aditya Yadav,Female,56,9067477642,Rajasthan,Banswara,2024-09-27
3034,Priya Joshi,Female,18,9275035745,Karnataka,Bengaluru,2024-05-04
3035,Deepak Joshi,Male,56,9102980964,Gujarat,Rajkot,2025-02-05
3036,Vivaan Verma,Female,36,9325248344,Rajasthan,Banswara,2024-07-08
3037,Sakshi Yadav,Male,54,9522033278,Uttar Pradesh,Kanpur,2024-06-30
3038,Aisha Verma,Female,46,9015259232,Uttar Pradesh,Kanpur,2025-01-25
3039,Aisha Patel,Male,28,9620795653,Rajasthan,Jaipur,2024-05-03
3040,Deepak Joshi,Male,22,9632273494,Rajasthan,Jaipur,2024-10-02
3041,Rahul Yadav,Male,49,9065688329,Delhi,New Delhi,2025-06-19
3042,Neha Gupta,Male,18,9823957748,Gujarat,Surat,2025-04-03
3043,Kavya Patel,Male,46,9476311756,Karnataka,Bengaluru,2024-01-27
3044,Vikas Jain,Female,31,9575133746,Gujarat,Surat,2025-01-31
3045,Anjali Gupta,Male,26,9937078766,Karnataka,Mysuru,2024-05-28
3046,Pooja Mehta,Male,57,9893590146,Uttar Pradesh,Noida,2025-03-21
3047,Karan Yadav,Female,19,9478258725,Maharashtra,Nagpur,2025-06-11
3048,Vikas Singh,Male,60,9593938318,Delhi,New Delhi,2024-03-12
3049,Kavya Kumar,Male,59,9083497853,Gujarat,Surat,2024-08-19
3050,Karan Joshi,Female,29,9540551322,Maharashtra,Nagpur,2025-05-13
3051,Deepak Patel,Male,30,9048377534,Delhi,New Delhi,2025-06-14
3052,Riya Joshi,Female,58,9415157418,Gujarat,Rajkot,2025-06-05
3053,Sakshi Yadav,Male,59,9725210282,Delhi,New Delhi,2024-10-23
3054,Karan Singh,Female,42,9523787417,Rajasthan,Udaipur,2025-05-07
3055,Arjun Kumar,Male,39,9053116019,Maharashtra,Pune,2024-03-23
3056,Kavya Joshi,Male,58,9961392357,Gujarat,Rajkot,2024-09-01
3057,Kavya Joshi,Male,49,9465169248,Uttar Pradesh,Kanpur,2025-03-25
3058,Aditya Mehta,Male,54,9241329205,Maharashtra,Pune,2024-02-07
3059,Neha Mehta,Female,39,9496535692,Delhi,New Delhi,2024-07-07
3060,Anjali Singh,Male,48,9153221629,Gujarat,Surat,2024-03-07
3061,Nisha Singh,Male,58,9357277549,Rajasthan,Kota,2025-04-23
3062,Nisha Jain,Male,19,9054848839,Karnataka,Bengaluru,2024-04-26
3063,Rohit Kumar,Female,49,9247454837,Maharashtra,Nagpur,2025-05-19
3064,Aman Patel,Female,46,9361016878,Delhi,New Delhi,2024-12-30
3065,Pooja Sharma,Male,49,9487500496,Maharashtra,Mumbai,2025-03-05
3066,Anjali Patel,Female,48,9288284279,Uttar Pradesh,Lucknow,2024-09-26
3067,Kavya Yadav,Male,42,9169078638,Maharashtra,Nagpur,2024-08-14
3068,Deepak Patel,Male,52,9889817206,Maharashtra,Nagpur,2024-01-24
3069,Pooja Kumar,Female,47,9479064840,Karnataka,Bengaluru,2024-11-13
3070,Nisha Singh,Female,20,9050144620,Uttar Pradesh,Lucknow,2025-01-27
3071,Karan Gupta,Male,22,9253124713,Karnataka,Mysuru,2024-10-21
3072,Rahul Mehta,Female,51,9625646278,Maharashtra,Mumbai,2024-10-31
3073,Aarav Joshi,Female,47,9784444370,Gujarat,Ahmedabad,2025-05-02
3074,Aman Jain,Male,32,9049266214,Maharashtra,Mumbai,2025-04-30
3075,Arjun Sharma,Female,56,9435145105,Rajasthan,Kota,2025-05-05
3076,Aisha Patel,Female,46,9958031668,Delhi,New Delhi,2024-12-30
3077,Aman Singh,Female,41,9557583119,Uttar Pradesh,Kanpur,2024-12-16
3078,Neha Jain,Female,51,9376357863,Uttar Pradesh,Kanpur,2024-03-11
3079,Nisha Mehta,Male,44,9743295497,Rajasthan,Jaipur,2025-01-09
3080,Karan Joshi,Male,47,9369654997,Karnataka,Bengaluru,2024-03-25
3081,Sneha Verma,Female,45,9778765055,Uttar Pradesh,Kanpur,2025-03-05
3082,Deepak Yadav,Male,54,9335626949,Uttar Pradesh,Noida,2025-06-14
3083,Vikas Mehta,Male,44,9860274747,Uttar Pradesh,Kanpur,2025-02-22
3084,Kavya Singh,Female,31,9071566744,Delhi,New Delhi,2024-01-04
3085,Rohit Singh,Female,59,9265967142,Delhi,New Delhi,2024-09-22
3086,Rohit Sharma,Male,55,9058542305,Gujarat,Rajkot,2025-02-26
3087,Deepak Verma,Female,20,9020394613,Rajasthan,Banswara,2024-10-24
3088,Vivaan Yadav,Male,35,9732522250,Maharashtra,Pune,2024-07-20
3089,Karan Singh,Female,32,9867098350,Delhi,New Delhi,2024-09-22
3090,Riya Verma,Male,18,9676126580,Maharashtra,Pune,2025-05-19
3091,Riya Gupta,Female,39,9767380622,Uttar Pradesh,Kanpur,2025-01-26
3092,Riya Verma,Male,47,9954933704,Rajasthan,Banswara,2025-01-07
3093,Pooja Verma,Female,30,9430379800,Uttar Pradesh,Kanpur,2024-10-11
3094,Riya Singh,Male,40,9848081291,Delhi,New Delhi,2025-01-04
3095,Pooja Joshi,Male,52,9901311419,Uttar Pradesh,Lucknow,2024-10-29
3096,Vikas Gupta,Male,27,9127216010,Rajasthan,Kota,2025-06-09
3097,Riya Kumar,Male,26,9950019588,Maharashtra,Mumbai,2025-02-13
3098,Aarav Joshi,Female,57,9616110502,Rajasthan,Banswara,2024-05-25
3099,Neha Mehta,Male,48,9107027901,Gujarat,Rajkot,2024-10-16
3100,Rohit Kumar,Female,33,9518490331,Karnataka,Bengaluru,2024-01-05
3101,Riya Kumar,Female,46,9891620626,Karnataka,Bengaluru,2024-01-08
3102,Sneha Singh,Male,48,9889798850,Maharashtra,Mumbai,2025-05-13
3103,Karan Kumar,Male,48,9765503416,Maharashtra,Pune,2024-08-20
3104,Sneha Jain,Male,43,9143925047,Delhi,New Delhi,2024-01-24
3105,Sneha Mehta,Female,39,9645978190,Maharashtra,Nagpur,2024-04-15
3106,Anjali Gupta,Female,48,9767904577,Maharashtra,Nagpur,2025-02-27
3107,Nisha Joshi,Female,53,9481735748,Delhi,New Delhi,2024-11-20
3108,Rahul Yadav,Female,22,9526716550,Karnataka,Mysuru,2024-03-01
3109,Aditya Joshi,Female,23,9228022761,Gujarat,Ahmedabad,2025-02-28
3110,Vikas Kumar,Male,54,9594483429,Gujarat,Surat,2024-02-22
3111,Priya Patel,Male,50,9980408966,Uttar Pradesh,Kanpur,2025-05-18
3112,Kavya Verma,Female,41,9822100210,Karnataka,Mysuru,2025-05-28
3113,Sakshi Yadav,Female,53,9762294715,Delhi,New Delhi,2024-09-10
3114,Sneha Gupta,Male,19,9625080650,Delhi,New Delhi,2024-03-04
3115,Anjali Patel,Female,34,9444484566,Karnataka,Bengaluru,2025-06-12
3116,Rohit Yadav,Female,49,9300602453,Uttar Pradesh,Noida,2025-02-18
3117,Rahul Sharma,Female,31,9484947550,Maharashtra,Nagpur,2024-08-12
3118,Sakshi Yadav,Male,60,9292308089,Maharashtra,Mumbai,2024-02-06
3119,Neha Mehta,Female,56,9460389082,Maharashtra,Mumbai,2025-05-04
3120,Kavya Gupta,Female,49,9970953946,Maharashtra,Mumbai,2024-05-03
3121,Anjali Jain,Male,32,9032466645,Maharashtra,Mumbai,2024-12-09
3122,Priya Gupta,Male,24,9728741260,Maharashtra,Nagpur,2024-11-28
3123,Rahul Sharma,Male,26,9180108254,Rajasthan,Jaipur,2024-07-15
3124,Vikas Gupta,Male,58,9464584523,Delhi,New Delhi,2025-01-13
3125,Vivaan Joshi,Female,39,9785564024,Delhi,New Delhi,2025-02-09
3126,Rohit Yadav,Male,27,9318051194,Gujarat,Ahmedabad,2024-03-12
3127,Neha Gupta,Female,24,9100852965,Uttar Pradesh,Lucknow,2024-08-16
3128,Aditya Sharma,Female,57,9848914543,Rajasthan,Udaipur,2024-06-24
3129,Priya Patel,Female,31,9118311428,Delhi,New Delhi,2024-07-04
3130,Neha Joshi,Female,30,9547394493,Rajasthan,Banswara,2024-01-18
3131,Aarav Singh,Female,56,9920545322,Delhi,New Delhi,2024-03-12
3132,Rohit Gupta,Male,23,9943667690,Karnataka,Mysuru,2024-06-30
3133,Aditya Yadav,Female,53,9147046986,Uttar Pradesh,Lucknow,2024-03-21
3134,Kavya Gupta,Female,39,9009861952,Rajasthan,Udaipur,2024-07-23
3135,Aisha Singh,Female,46,9460934575,Karnataka,Mysuru,2025-05-16
3136,Vivaan Gupta,Female,47,9054823706,Gujarat,Ahmedabad,2025-06-12
3137,Rahul Verma,Male,43,9468640875,Maharashtra,Mumbai,2024-12-08
3138,Aarav Patel,Male,35,9524818080,Maharashtra,Nagpur,2024-07-29
3139,Vikas Kumar,Female,52,9649238015,Rajasthan,Udaipur,2025-03-28
3140,Rohit Verma,Male,60,9926147946,Rajasthan,Kota,2024-07-22
3141,Deepak Verma,Male,56,9544155986,Karnataka,Mysuru,2024-12-20
3142,Karan Jain,Male,60,9284058962,Rajasthan,Jaipur,2025-01-08
3143,Sneha Jain,Female,50,9378285349,Karnataka,Mysuru,2024-08-28
3144,Kavya Singh,Female,34,9260899815,Gujarat,Surat,2025-06-16
3145,Rahul Kumar,Female,45,9901847642,Gujarat,Surat,2024-03-07
3146,Kavya Mehta,Male,50,9807252618,Rajasthan,Banswara,2024-03-12
3147,Aman Patel,Female,26,9411649465,Rajasthan,Udaipur,2024-02-10
3148,Anjali Sharma,Male,29,9243310814,Rajasthan,Udaipur,2024-08-22
3149,Riya Yadav,Female,22,9079722102,Uttar Pradesh,Kanpur,2024-07-07
3150,Neha Yadav,Female,24,9262786636,Karnataka,Mysuru,2025-04-16
3151,Rohit Sharma,Male,21,9547681673,Delhi,New Delhi,2024-06-25
3152,Priya Kumar,Male,33,9779833325,Rajasthan,Udaipur,2024-01-14
3153,Aditya Mehta,Female,40,9637938390,Delhi,New Delhi,2024-09-06
3154,Neha Gupta,Female,33,9292429078,Uttar Pradesh,Kanpur,2025-03-15
3155,Neha Patel,Male,42,9577305926,Rajasthan,Kota,2024-09-22
3156,Aarav Mehta,Female,47,9040581552,Karnataka,Mysuru,2025-05-17
3157,Nisha Mehta,Male,35,9835397650,Karnataka,Bengaluru,2024-04-18
3158,Anjali Singh,Female,38,9507441730,Maharashtra,Nagpur,2024-11-23
3159,Nisha Joshi,Female,48,9108230553,Delhi,New Delhi,2025-06-07
3160,Kavya Joshi,Male,21,9479473304,Rajasthan,Banswara,2024-04-25
3161,Priya Sharma,Female,40,9068122079,Uttar Pradesh,Kanpur,2024-11-20
3162,Kavya Singh,Male,19,9337777909,Delhi,New Delhi,2024-02-25
3163,Sakshi Mehta,Male,60,9847303345,Uttar Pradesh,Kanpur,2025-04-20
3164,Arjun Mehta,Female,30,9224934819,Uttar Pradesh,Noida,2024-10-28
3165,Pooja Jain,Male,25,9169288721,Delhi,New Delhi,2025-04-08
3166,Kavya Verma,Male,60,9375475702,Rajasthan,Udaipur,2025-04-26
3167,Neha Gupta,Male,42,9001981896,Rajasthan,Jaipur,2025-05-12
3168,Aisha Gupta,Male,32,9946924498,Karnataka,Mysuru,2024-12-21
3169,Aditya Mehta,Female,20,9226577123,Maharashtra,Pune,2024-06-17
3170,Deepak Sharma,Male,24,9562153884,Gujarat,Rajkot,2024-07-14
3171,Nisha Sharma,Female,35,9479066409,Rajasthan,Kota,2025-05-20
3172,Anjali Mehta,Female,19,9433489764,Uttar Pradesh,Kanpur,2025-02-12
3173,Aman Kumar,Male,48,9620228076,Rajasthan,Kota,2024-03-31
3174,Aman Verma,Male,45,9661091036,Rajasthan,Banswara,2024-03-03
3175,Nisha Jain,Female,55,9554294247,Delhi,New Delhi,2024-04-02
3176,Vikas Gupta,Female,48,9009682146,Karnataka,Bengaluru,2024-05-07
3177,Sneha Sharma,Male,26,9427860758,Gujarat,Rajkot,2024-01-19
3178,Rahul Verma,Male,25,9992879064,Karnataka,Mysuru,2025-04-12
3179,Arjun Sharma,Male,45,9130739502,Delhi,New Delhi,2024-10-15
3180,Rohit Joshi,Male,25,9355324751,Gujarat,Rajkot,2024-06-15
3181,Kavya Kumar,Male,20,9714784248,Uttar Pradesh,Kanpur,2025-06-05
3182,Nisha Jain,Male,45,9700428399,Delhi,New Delhi,2024-08-12
3183,Sakshi Patel,Female,19,9981973217,Karnataka,Mysuru,2024-11-04
3184,Deepak Joshi,Female,31,9407966346,Karnataka,Mysuru,2025-01-24
3185,Pooja Jain,Male,59,9300054269,Uttar Pradesh,Kanpur,2025-03-26
3186,Rohit Patel,Female,48,9849367169,Maharashtra,Mumbai,2024-01-01
3187,Aman Gupta,Male,57,9840624247,Karnataka,Mysuru,2025-05-09
3188,Sakshi Singh,Female,48,9798220289,Gujarat,Ahmedabad,2024-02-07
3189,Arjun Verma,Male,35,9691754312,Karnataka,Bengaluru,2024-04-23
3190,Sakshi Joshi,Male,46,9133000633,Delhi,New Delhi,2025-05-27
3191,Karan Verma,Female,53,9742648931,Uttar Pradesh,Lucknow,2025-06-18
3192,Kavya Verma,Female,55,9033408099,Gujarat,Rajkot,2025-05-01
3193,Vikas Patel,Male,51,9398797730,Gujarat,Ahmedabad,2025-02-14
3194,Nisha Gupta,Male,49,9788312715,Rajasthan,Udaipur,2024-09-13
3195,Aarav Patel,Male,51,9343966986,Karnataka,Bengaluru,2024-06-27
3196,Sneha Kumar,Female,27,9814946247,Rajasthan,Udaipur,2024-05-01
3197,Aman Sharma,Female,22,9596733373,Karnataka,Bengaluru,2024-01-14
3198,Aditya Yadav,Male,36,9524830842,Karnataka,Bengaluru,2024-01-08
3199,Nisha Kumar,Female,21,9909105290,Karnataka,Bengaluru,2024-12-15
3200,Vikas Patel,Male,55,9325415295,Gujarat,Surat,2024-11-06
3201,Aarav Patel,Female,45,9048953097,Delhi,New Delhi,2025-02-09
3202,Aman Jain,Female,29,9571442818,Maharashtra,Mumbai,2024-06-13
3203,Neha Yadav,Male,19,9620238392,Gujarat,Rajkot,2025-01-26
3204,Anjali Kumar,Female,44,9352288472,Maharashtra,Nagpur,2025-04-17
3205,Priya Verma,Male,48,9166545334,Gujarat,Ahmedabad,2024-12-05
3206,Neha Patel,Male,58,9064016888,Maharashtra,Nagpur,2024-11-13
3207,Riya Jain,Female,29,9132639193,Gujarat,Ahmedabad,2024-11-12
3208,Arjun Mehta,Male,29,9103788946,Rajasthan,Banswara,2024-05-06
3209,Karan Yadav,Male,53,9042382202,Karnataka,Mysuru,2024-10-17
3210,Vivaan Joshi,Male,46,9775371461,Uttar Pradesh,Lucknow,2025-03-19
3211,Rahul Singh,Female,36,9210786259,Maharashtra,Nagpur,2025-04-26
3212,Aman Gupta,Female,57,9801967468,Uttar Pradesh,Kanpur,2024-02-26
3213,Aarav Patel,Female,20,9814121133,Karnataka,Bengaluru,2024-07-05
3214,Pooja Jain,Female,40,9069141927,Rajasthan,Udaipur,2024-04-15
3215,Aditya Patel,Male,46,9419360640,Delhi,New Delhi,2024-09-23
3216,Kavya Gupta,Female,39,9213343966,Rajasthan,Udaipur,2024-09-02
3217,Aditya Patel,Female,35,9466154278,Gujarat,Ahmedabad,2025-04-12
3218,Aditya Patel,Female,30,9679514866,Karnataka,Mysuru,2024-09-30
3219,Sneha Verma,Female,26,9750193869,Gujarat,Rajkot,2024-06-30
3220,Kavya Kumar,Male,28,9821223222,Karnataka,Bengaluru,2024-10-08
3221,Aditya Verma,Female,30,9945711984,Karnataka,Bengaluru,2024-09-22
3222,Rahul Mehta,Male,33,9335916573,Rajasthan,Kota,2024-08-31
3223,Aarav Kumar,Male,27,9491457545,Rajasthan,Udaipur,2025-02-22
3224,Vivaan Jain,Female,48,9412470496,Delhi,New Delhi,2025-03-31
3225,Nisha Jain,Male,30,9056297754,Maharashtra,Mumbai,2025-03-27
3226,Vivaan Gupta,Female,53,9280705156,Gujarat,Rajkot,2024-03-22
3227,Aman Singh,Female,57,9641278677,Karnataka,Mysuru,2024-01-19
3228,Rahul Jain,Male,47,9127070784,Karnataka,Mysuru,2024-11-26
3229,Aman Yadav,Male,38,9844831384,Uttar Pradesh,Lucknow,2024-11-23
3230,Aman Joshi,Male,34,9447455456,Maharashtra,Nagpur,2024-07-06
3231,Karan Mehta,Female,44,9710628378,Uttar Pradesh,Kanpur,2024-10-12
3232,Riya Sharma,Male,54,9066816849,Maharashtra,Pune,2024-06-12
3233,Kavya Singh,Female,53,9217078509,Rajasthan,Jaipur,2024-12-18
3234,Deepak Kumar,Male,41,9115469250,Uttar Pradesh,Noida,2024-08-11
3235,Deepak Sharma,Female,50,9816264148,Uttar Pradesh,Kanpur,2025-04-02
3236,Nisha Gupta,Male,20,9351839426,Gujarat,Ahmedabad,2025-01-06
3237,Aman Yadav,Female,36,9507532863,Delhi,New Delhi,2024-08-16
3238,Sakshi Sharma,Male,18,9510028409,Maharashtra,Mumbai,2024-06-14
3239,Aditya Sharma,Female,39,9706572589,Uttar Pradesh,Lucknow,2025-06-08
3240,Pooja Mehta,Female,48,9226721774,Gujarat,Rajkot,2024-02-22
3241,Sakshi Yadav,Male,41,9595013751,Gujarat,Surat,2024-08-18
3242,Sneha Gupta,Male,60,9174404368,Delhi,New Delhi,2024-11-04
3243,Sneha Kumar,Male,57,9430304082,Gujarat,Rajkot,2024-01-10
3244,Priya Singh,Female,31,9949776509,Karnataka,Bengaluru,2024-11-02
3245,Vivaan Kumar,Female,31,9239594975,Maharashtra,Mumbai,2025-04-25
3246,Rahul Patel,Female,33,9155200682,Rajasthan,Jaipur,2025-05-30
3247,Arjun Jain,Female,51,9168737485,Rajasthan,Kota,2025-04-20
3248,Aarav Sharma,Male,53,9899631872,Rajasthan,Banswara,2025-01-16
3249,Deepak Mehta,Male,20,9443100897,Rajasthan,Kota,2024-12-27
3250,Aarav Sharma,Male,35,9911926085,Karnataka,Mysuru,2025-02-20
3251,Sakshi Kumar,Female,51,9318460794,Rajasthan,Udaipur,2024-05-31
3252,Riya Singh,Male,28,9829206292,Delhi,New Delhi,2024-04-15
3253,Rahul Singh,Female,35,9689437303,Gujarat,Surat,2025-04-24
3254,Aisha Singh,Male,22,9599844538,Gujarat,Surat,2025-06-03
3255,Sneha Sharma,Female,33,9899917032,Gujarat,Surat,2024-03-26
3256,Aisha Jain,Male,57,9258328945,Uttar Pradesh,Lucknow,2024-02-18
3257,Aisha Jain,Female,35,9731213142,Uttar Pradesh,Kanpur,2024-03-26
3258,Aarav Patel,Female,55,9954257310,Uttar Pradesh,Lucknow,2024-08-14
3259,Vivaan Verma,Female,31,9821503394,Rajasthan,Kota,2024-01-12
3260,Sneha Yadav,Female,34,9644976355,Karnataka,Bengaluru,2024-08-22
3261,Anjali Verma,Female,48,9746798017,Rajasthan,Jaipur,2024-03-04
3262,Rahul Mehta,Female,30,9453247113,Karnataka,Bengaluru,2024-09-16
3263,Sneha Kumar,Female,23,9948133097,Delhi,New Delhi,2024-02-06
3264,Aman Singh,Male,39,9740143205,Rajasthan,Jaipur,2024-02-19
3265,Vivaan Verma,Female,28,9529522004,Delhi,New Delhi,2024-05-12
3266,Kavya Gupta,Male,47,9998577525,Maharashtra,Nagpur,2024-07-17
3267,Aditya Singh,Female,19,9584560357,Maharashtra,Nagpur,2024-06-16
3268,Riya Kumar,Male,48,9955352411,Rajasthan,Udaipur,2025-03-01
3269,Vivaan Verma,Male,37,9467372444,Karnataka,Bengaluru,2024-03-03
3270,Aman Mehta,Female,24,9454558918,Uttar Pradesh,Noida,2024-04-18
3271,Vivaan Yadav,Female,35,9061168618,Gujarat,Ahmedabad,2024-01-13
3272,Aman Joshi,Male,26,9926367697,Karnataka,Bengaluru,2024-11-02
3273,Rohit Gupta,Male,23,9787929619,Rajasthan,Jaipur,2024-02-15
3274,Sneha Joshi,Male,47,9465507555,Rajasthan,Jaipur,2025-06-18
3275,Aarav Kumar,Female,31,9257291322,Maharashtra,Nagpur,2025-01-12
3276,Priya Gupta,Male,35,9021424127,Delhi,New Delhi,2025-02-24
3277,Deepak Yadav,Male,45,9627335898,Delhi,New Delhi,2024-01-22
3278,Aarav Joshi,Male,33,9199943125,Maharashtra,Mumbai,2024-11-27
3279,Aarav Sharma,Male,19,9327765353,Delhi,New Delhi,2024-04-07
3280,Rohit Sharma,Male,26,9072188399,Gujarat,Surat,2024-11-09
3281,Vivaan Kumar,Male,24,9253858840,Rajasthan,Kota,2024-04-06
3282,Aman Jain,Female,53,9624293884,Maharashtra,Mumbai,2024-08-25
3283,Aman Yadav,Female,48,9566808456,Maharashtra,Nagpur,2024-01-08
3284,Aisha Sharma,Female,25,9111511125,Maharashtra,Pune,2024-05-02
3285,Aarav Sharma,Male,22,9537802132,Uttar Pradesh,Noida,2024-07-17
3286,Vikas Gupta,Female,58,9690057990,Maharashtra,Pune,2025-01-13
3287,Aman Patel,Male,30,9375654511,Karnataka,Bengaluru,2024-07-17
3288,Pooja Mehta,Female,24,9680978227,Maharashtra,Pune,2024-08-26
3289,Anjali Kumar,Male,21,9202538689,Gujarat,Rajkot,2024-12-20
3290,Pooja Kumar,Male,58,9821281852,Rajasthan,Kota,2024-11-13
3291,Pooja Kumar,Female,40,9096739710,Rajasthan,Banswara,2024-05-03
3292,Rohit Patel,Female,54,9269341236,Rajasthan,Kota,2024-07-03
3293,Arjun Joshi,Female,19,9160652586,Uttar Pradesh,Kanpur,2024-10-02
3294,Sakshi Verma,Female,31,9376560992,Uttar Pradesh,Kanpur,2024-01-07
3295,Sakshi Mehta,Male,31,9510278870,Delhi,New Delhi,2024-01-19
3296,Karan Verma,Male,38,9482611951,Uttar Pradesh,Noida,2024-03-05
3297,Neha Joshi,Female,59,9645109809,Rajasthan,Jaipur,2024-05-27
3298,Anjali Mehta,Female,51,9050101648,Rajasthan,Udaipur,2024-02-14
3299,Aisha Jain,Male,46,9956093464,Delhi,New Delhi,2024-07-14
3300,Neha Kumar,Female,42,9913825635,Uttar Pradesh,Kanpur,2025-02-24
3301,Aditya Mehta,Male,50,9443278453,Gujarat,Ahmedabad,2024-11-03
3302,Pooja Verma,Female,42,9833481232,Delhi,New Delhi,2024-08-09
3303,Aditya Verma,Male,18,9555885477,Karnataka,Bengaluru,2024-12-07
3304,Priya Singh,Male,31,9915944754,Delhi,New Delhi,2024-04-23
3305,Rohit Gupta,Male,53,9801883309,Rajasthan,Jaipur,2025-02-04
3306,Aarav Sharma,Male,30,9805207104,Maharashtra,Nagpur,2024-07-23
3307,Kavya Gupta,Male,23,9876576398,Rajasthan,Banswara,2024-05-08
3308,Sneha Mehta,Female,28,9104535316,Rajasthan,Udaipur,2025-03-20
3309,Karan Sharma,Female,28,9353753827,Delhi,New Delhi,2024-02-18
3310,Aman Patel,Male,36,9986010344,Delhi,New Delhi,2025-05-20
3311,Aman Sharma,Female,46,9934623338,Karnataka,Mysuru,2025-06-14
3312,Aditya Sharma,Male,23,9957276501,Uttar Pradesh,Lucknow,2024-04-17
3313,Aarav Jain,Female,30,9250914744,Delhi,New Delhi,2024-01-19
3314,Sneha Patel,Female,58,9010229023,Rajasthan,Jaipur,2025-06-15
3315,Karan Joshi,Male,28,9333510771,Gujarat,Ahmedabad,2025-04-28
3316,Priya Verma,Male,58,9715663847,Maharashtra,Nagpur,2025-05-01
3317,Anjali Joshi,Male,35,9792631346,Karnataka,Bengaluru,2024-02-13
3318,Aman Patel,Male,52,9204359030,Gujarat,Rajkot,2024-04-19
3319,Karan Yadav,Male,41,9617694614,Delhi,New Delhi,2025-03-22
3320,Sneha Yadav,Female,56,9911358555,Rajasthan,Udaipur,2024-03-13
3321,Rahul Singh,Male,34,9909781612,Maharashtra,Nagpur,2024-01-18
3322,Nisha Joshi,Male,55,9494946612,Delhi,New Delhi,2025-06-06
3323,Aarav Verma,Male,27,9680606272,Maharashtra,Pune,2024-12-13
3324,Rahul Singh,Male,55,9531307800,Gujarat,Surat,2025-04-17
3325,Sneha Joshi,Male,58,9682444389,Uttar Pradesh,Kanpur,2024-10-03
3326,Vivaan Patel,Male,56,9308693436,Gujarat,Rajkot,2025-05-27
3327,Riya Yadav,Male,37,9626242205,Maharashtra,Mumbai,2025-02-03
3328,Rahul Kumar,Male,27,9839872767,Karnataka,Mysuru,2024-05-24
3329,Aman Sharma,Female,36,9485837111,Uttar Pradesh,Kanpur,2025-04-11
3330,Aisha Kumar,Female,21,9071789788,Uttar Pradesh,Kanpur,2024-05-08
3331,Anjali Kumar,Female,41,9583154760,Uttar Pradesh,Kanpur,2025-04-23
3332,Riya Mehta,Female,57,9303614776,Gujarat,Surat,2024-07-20
3333,Arjun Patel,Female,47,9809450539,Uttar Pradesh,Lucknow,2024-02-03
3334,Vivaan Kumar,Male,53,9351162675,Rajasthan,Udaipur,2024-11-14
3335,Vikas Singh,Female,31,9191362932,Gujarat,Rajkot,2025-06-21
3336,Priya Kumar,Male,53,9721282809,Uttar Pradesh,Lucknow,2025-06-08
3337,Arjun Gupta,Male,23,9414512944,Karnataka,Bengaluru,2024-06-25
3338,Priya Kumar,Male,38,9350546156,Karnataka,Mysuru,2024-01-11
3339,Rahul Singh,Male,29,9591730359,Delhi,New Delhi,2024-10-28
3340,Pooja Kumar,Female,53,9180482001,Uttar Pradesh,Noida,2025-01-25
3341,Aarav Patel,Male,53,9229713524,Rajasthan,Jaipur,2024-03-18
3342,Sneha Jain,Male,39,9655096767,Delhi,New Delhi,2025-02-09
3343,Nisha Mehta,Male,44,9576698513,Rajasthan,Banswara,2024-07-08
3344,Rahul Gupta,Male,21,9866364170,Rajasthan,Udaipur,2024-08-10
3345,Deepak Patel,Female,38,9360112761,Karnataka,Mysuru,2024-07-31
3346,Pooja Yadav,Female,25,9089838977,Karnataka,Bengaluru,2025-04-18
3347,Aditya Sharma,Female,38,9446874315,Uttar Pradesh,Noida,2024-06-21
3348,Nisha Verma,Male,35,9549857581,Rajasthan,Kota,2025-03-25
3349,Karan Yadav,Female,53,9413888852,Karnataka,Bengaluru,2025-03-04
3350,Rohit Sharma,Female,29,9076038375,Maharashtra,Nagpur,2024-02-20
3351,Neha Kumar,Female,55,9010330030,Gujarat,Rajkot,2025-02-06
3352,Aisha Joshi,Female,34,9413640767,Delhi,New Delhi,2024-02-07
3353,Rohit Joshi,Female,46,9855343609,Rajasthan,Udaipur,2024-06-13
3354,Arjun Jain,Male,47,9920532153,Karnataka,Bengaluru,2024-01-04
3355,Neha Joshi,Female,29,9012875455,Maharashtra,Mumbai,2025-01-10
3356,Karan Jain,Female,20,9991028755,Maharashtra,Mumbai,2025-03-04
3357,Anjali Sharma,Male,42,9264932310,Rajasthan,Jaipur,2024-11-16
3358,Nisha Verma,Female,25,9531181815,Rajasthan,Jaipur,2025-01-17
3359,Aditya Patel,Female,34,9387884773,Rajasthan,Jaipur,2024-11-24
3360,Aarav Mehta,Female,50,9399665283,Gujarat,Ahmedabad,2024-07-10
3361,Aisha Jain,Female,25,9795571349,Uttar Pradesh,Noida,2025-03-23
3362,Rahul Yadav,Female,32,9060492436,Rajasthan,Kota,2024-02-21
3363,Riya Kumar,Female,22,9495119393,Karnataka,Bengaluru,2025-01-04
3364,Vikas Singh,Female,25,9829036738,Delhi,New Delhi,2025-02-03
3365,Sakshi Yadav,Male,42,9169070607,Delhi,New Delhi,2024-02-09
3366,Karan Sharma,Male,42,9239103554,Karnataka,Mysuru,2024-01-19
3367,Neha Jain,Female,20,9189750260,Karnataka,Mysuru,2025-02-11
3368,Deepak Yadav,Male,49,9641893913,Karnataka,Bengaluru,2024-11-15
3369,Aditya Jain,Female,32,9449105544,Delhi,New Delhi,2024-09-11
3370,Anjali Verma,Female,20,9954893789,Maharashtra,Mumbai,2025-04-14
3371,Aditya Patel,Male,46,9156377513,Gujarat,Surat,2025-06-03
3372,Nisha Verma,Female,27,9563102862,Delhi,New Delhi,2024-01-10
3373,Sneha Patel,Male,58,9349983512,Delhi,New Delhi,2024-03-28
3374,Aarav Verma,Male,36,9683397217,Delhi,New Delhi,2024-10-11
3375,Karan Gupta,Male,20,9966592250,Uttar Pradesh,Noida,2024-10-06
3376,Karan Mehta,Male,28,9966680068,Delhi,New Delhi,2025-05-26
3377,Arjun Jain,Female,56,9395801167,Maharashtra,Nagpur,2024-04-09
3378,Aarav Yadav,Male,26,9509905622,Maharashtra,Nagpur,2025-04-08
3379,Kavya Singh,Male,57,9363514683,Maharashtra,Nagpur,2024-08-22
3380,Aditya Yadav,Female,18,9644987028,Rajasthan,Kota,2025-02-05
3381,Sneha Yadav,Male,27,9435191252,Gujarat,Surat,2024-09-29
3382,Nisha Gupta,Male,46,9325566147,Rajasthan,Udaipur,2024-04-19
3383,Karan Joshi,Male,43,9259735675,Rajasthan,Jaipur,2024-11-01
3384,Arjun Patel,Male,48,9329621075,Gujarat,Surat,2024-11-01
3385,Priya Singh,Female,43,9343426968,Uttar Pradesh,Kanpur,2024-08-22
3386,Neha Singh,Female,42,9983121045,Uttar Pradesh,Kanpur,2024-02-14
3387,Rahul Gupta,Female,57,9051981686,Uttar Pradesh,Lucknow,2024-10-18
3388,Neha Mehta,Male,51,9034609653,Maharashtra,Nagpur,2024-09-25
3389,Aisha Yadav,Male,48,9935004051,Maharashtra,Pune,2024-04-25
3390,Aisha Joshi,Male,38,9586811726,Karnataka,Bengaluru,2024-04-29
3391,Anjali Mehta,Male,44,9165805548,Delhi,New Delhi,2025-02-15
3392,Priya Sharma,Male,28,9466674052,Gujarat,Ahmedabad,2025-01-20
3393,Vivaan Singh,Male,57,9566827786,Rajasthan,Jaipur,2024-10-18
3394,Vikas Patel,Female,34,9279789166,Maharashtra,Mumbai,2024-02-01
3395,Anjali Jain,Female,54,9436975033,Delhi,New Delhi,2025-01-01
3396,Aisha Jain,Female,56,9776906318,Uttar Pradesh,Lucknow,2025-01-12
3397,Neha Kumar,Female,46,9759675701,Gujarat,Rajkot,2024-05-02
3398,Nisha Verma,Male,18,9102232282,Uttar Pradesh,Kanpur,2024-02-28
3399,Rahul Verma,Male,52,9010215505,Maharashtra,Nagpur,2024-04-06
3400,Pooja Gupta,Female,35,9851959806,Gujarat,Ahmedabad,2025-06-13
3401,Rohit Yadav,Female,49,9952834413,Karnataka,Mysuru,2025-03-27
3402,Sneha Gupta,Male,48,9287781037,Karnataka,Bengaluru,2025-01-31
3403,Vikas Sharma,Male,40,9919461634,Maharashtra,Nagpur,2024-10-20
3404,Deepak Joshi,Male,38,9923225586,Uttar Pradesh,Noida,2024-04-22
3405,Aarav Patel,Female,38,9546700511,Maharashtra,Mumbai,2025-04-20
3406,Neha Singh,Male,31,9330186197,Karnataka,Bengaluru,2024-02-09
3407,Aditya Kumar,Female,42,9631207048,Karnataka,Bengaluru,2024-12-26
3408,Karan Kumar,Female,21,9619006293,Uttar Pradesh,Noida,2025-02-24
3409,Pooja Verma,Female,42,9232816098,Karnataka,Mysuru,2024-01-26
3410,Priya Sharma,Female,54,9348946834,Maharashtra,Nagpur,2024-06-16
3411,Vikas Sharma,Female,25,9093461698,Maharashtra,Pune,2024-04-30
3412,Kavya Verma,Female,58,9924919401,Rajasthan,Udaipur,2024-12-23
3413,Neha Singh,Female,35,9401382633,Gujarat,Surat,2024-01-16
3414,Aman Patel,Male,41,9387756751,Uttar Pradesh,Kanpur,2024-08-28
3415,Rahul Joshi,Female,55,9098501138,Delhi,New Delhi,2024-01-04
3416,Riya Joshi,Male,59,9071264124,Rajasthan,Udaipur,2024-08-17
3417,Aditya Joshi,Male,56,9512591187,Uttar Pradesh,Kanpur,2025-01-31
3418,Rohit Sharma,Female,48,9741448033,Maharashtra,Pune,2025-04-01
3419,Karan Mehta,Male,60,9815877601,Karnataka,Mysuru,2024-06-21
3420,Aditya Kumar,Female,20,9555052451,Maharashtra,Pune,2024-08-27
3421,Rahul Verma,Female,26,9517752894,Gujarat,Surat,2024-02-23
3422,Aditya Kumar,Female,41,9626820217,Maharashtra,Mumbai,2025-03-17
3423,Sakshi Yadav,Female,60,9930826331,Rajasthan,Udaipur,2025-05-25
3424,Aisha Gupta,Male,60,9638408046,Delhi,New Delhi,2024-06-19
3425,Anjali Joshi,Female,33,9683184235,Maharashtra,Pune,2024-05-17
3426,Sneha Patel,Male,19,9226023373,Uttar Pradesh,Lucknow,2024-06-26
3427,Rahul Sharma,Male,23,9190512657,Karnataka,Bengaluru,2024-05-20
3428,Kavya Kumar,Male,37,9292115069,Gujarat,Ahmedabad,2024-12-06
3429,Aman Singh,Male,37,9660083679,Gujarat,Surat,2025-05-18
3430,Pooja Kumar,Female,52,9174054537,Rajasthan,Banswara,2024-04-05
3431,Aarav Verma,Female,39,9269714670,Delhi,New Delhi,2024-01-15
3432,Vivaan Yadav,Male,57,9219220233,Maharashtra,Nagpur,2024-12-11
3433,Rohit Yadav,Male,24,9131210162,Rajasthan,Banswara,2024-07-31
3434,Kavya Gupta,Male,40,9191563536,Gujarat,Ahmedabad,2024-10-03
3435,Arjun Gupta,Female,38,9138853631,Karnataka,Bengaluru,2024-06-19
3436,Aditya Yadav,Female,51,9325814853,Rajasthan,Jaipur,2025-01-30
3437,Rohit Yadav,Female,33,9899345711,Rajasthan,Banswara,2024-01-25
3438,Vivaan Jain,Female,42,9501971366,Uttar Pradesh,Kanpur,2024-09-11
3439,Arjun Joshi,Male,33,9569407210,Rajasthan,Kota,2024-07-25
3440,Rahul Kumar,Female,54,9383664334,Karnataka,Mysuru,2024-05-21
3441,Vivaan Yadav,Male,56,9938037045,Maharashtra,Pune,2025-05-21
3442,Anjali Singh,Female,50,9209713161,Rajasthan,Jaipur,2024-01-30
3443,Riya Sharma,Female,44,9826682889,Uttar Pradesh,Noida,2024-03-18
3444,Vivaan Jain,Female,23,9656243222,Gujarat,Surat,2024-07-16
3445,Arjun Verma,Male,22,9161280600,Maharashtra,Mumbai,2024-02-26
3446,Kavya Sharma,Male,52,9261314861,Karnataka,Bengaluru,2025-03-08
3447,Aman Gupta,Male,41,9199405364,Gujarat,Surat,2024-03-04
3448,Vikas Singh,Male,50,9561711359,Maharashtra,Mumbai,2025-04-18
3449,Rahul Kumar,Female,31,9430670464,Maharashtra,Pune,2024-06-05
3450,Sneha Patel,Female,25,9938097150,Maharashtra,Pune,2025-04-17
3451,Priya Singh,Female,32,9691846500,Rajasthan,Kota,2025-05-07
3452,Aman Kumar,Female,60,9464723743,Karnataka,Mysuru,2024-12-08
3453,Riya Verma,Female,51,9412348312,Karnataka,Mysuru,2024-02-01
3454,Vivaan Yadav,Male,56,9500806314,Delhi,New Delhi,2025-01-20
3455,Aman Patel,Male,60,9885619285,Maharashtra,Nagpur,2024-06-25
3456,Sneha Kumar,Female,29,9882502986,Rajasthan,Banswara,2024-11-30
3457,Pooja Verma,Female,32,9923121613,Rajasthan,Banswara,2025-01-27
3458,Arjun Mehta,Female,38,9746359772,Uttar Pradesh,Kanpur,2024-05-29
3459,Arjun Sharma,Female,22,9226329395,Uttar Pradesh,Kanpur,2025-05-10
3460,Riya Mehta,Female,39,9377540249,Gujarat,Surat,2024-06-16
3461,Sneha Patel,Male,22,9776730239,Delhi,New Delhi,2024-02-28
3462,Aditya Patel,Male,25,9167825796,Karnataka,Mysuru,2024-09-11
3463,Vivaan Verma,Female,30,9149784273,Delhi,New Delhi,2024-08-18
3464,Aditya Kumar,Female,56,9273611716,Maharashtra,Nagpur,2024-12-06
3465,Aarav Joshi,Male,40,9157907229,Karnataka,Bengaluru,2024-10-10
3466,Karan Patel,Female,45,9097431601,Karnataka,Mysuru,2024-07-02
3467,Aditya Singh,Male,60,9033158000,Delhi,New Delhi,2025-04-24
3468,Nisha Sharma,Female,20,9058834728,Rajasthan,Udaipur,2025-05-06
3469,Kavya Jain,Female,21,9665664334,Maharashtra,Mumbai,2024-10-25
3470,Sakshi Sharma,Female,40,9769064638,Delhi,New Delhi,2024-05-14
3471,Pooja Yadav,Female,32,9310440455,Karnataka,Bengaluru,2024-02-02
3472,Riya Verma,Male,43,9749503360,Gujarat,Rajkot,2024-05-27
3473,Deepak Kumar,Male,36,9907768931,Gujarat,Ahmedabad,2024-03-04
3474,Arjun Verma,Male,25,9444874048,Uttar Pradesh,Kanpur,2025-06-22
3475,Priya Singh,Female,42,9566299665,Gujarat,Rajkot,2024-10-13
3476,Rahul Yadav,Male,41,9397302068,Karnataka,Bengaluru,2024-02-04
3477,Priya Kumar,Male,49,9995093003,Uttar Pradesh,Kanpur,2024-08-08
3478,Rohit Mehta,Male,46,9511613627,Gujarat,Rajkot,2024-06-13
3479,Sakshi Joshi,Male,18,9064041656,Delhi,New Delhi,2024-10-28
3480,Vivaan Sharma,Male,40,9294161914,Maharashtra,Nagpur,2025-03-05
3481,Anjali Joshi,Male,59,9126053520,Rajasthan,Jaipur,2024-02-28
3482,Anjali Yadav,Female,19,9692234121,Gujarat,Surat,2024-09-02
3483,Karan Joshi,Male,27,9535546946,Maharashtra,Nagpur,2024-08-24
3484,Vikas Jain,Male,41,9122593808,Uttar Pradesh,Lucknow,2024-11-20
3485,Arjun Patel,Male,33,9438451003,Delhi,New Delhi,2025-04-24
3486,Rohit Gupta,Male,26,9219523862,Maharashtra,Mumbai,2024-01-27
3487,Vivaan Yadav,Male,37,9326015527,Rajasthan,Banswara,2025-05-15
3488,Aman Kumar,Male,37,9066171852,Uttar Pradesh,Kanpur,2024-10-10
3489,Aisha Mehta,Male,35,9451863441,Delhi,New Delhi,2025-02-28
3490,Nisha Gupta,Female,49,9017041250,Gujarat,Surat,2024-02-16
3491,Pooja Jain,Female,31,9994885386,Maharashtra,Nagpur,2024-02-28
3492,Aman Mehta,Female,39,9406671352,Delhi,New Delhi,2024-08-04
3493,Pooja Patel,Female,57,9190955556,Uttar Pradesh,Noida,2024-09-15
3494,Aisha Sharma,Male,50,9386086498,Karnataka,Mysuru,2024-04-30
3495,Aarav Patel,Male,20,9573772602,Rajasthan,Jaipur,2024-11-19
3496,Aarav Patel,Female,24,9675355226,Gujarat,Rajkot,2024-11-30
3497,Nisha Verma,Female,37,9329964846,Gujarat,Ahmedabad,2024-05-26
3498,Karan Joshi,Female,18,9765933772,Gujarat,Ahmedabad,2024-01-02
3499,Deepak Jain,Male,49,9120203536,Uttar Pradesh,Kanpur,2024-01-21
3500,Sneha Joshi,Female,37,9502040805,Gujarat,Surat,2025-06-07
3501,Pooja Patel,Male,56,9355642692,Maharashtra,Nagpur,2024-11-03
3502,Priya Verma,Female,53,9437486276,Gujarat,Surat,2024-07-14
3503,Aarav Jain,Male,51,9624928148,Gujarat,Surat,2024-12-17
3504,Aisha Kumar,Female,33,9582078526,Uttar Pradesh,Noida,2025-03-28
3505,Aarav Joshi,Male,34,9184029732,Gujarat,Ahmedabad,2024-06-07
3506,Aditya Singh,Male,38,9015139080,Maharashtra,Mumbai,2025-02-16
3507,Anjali Jain,Female,43,9291171223,Rajasthan,Udaipur,2024-10-27
3508,Vivaan Kumar,Female,58,9609967944,Gujarat,Ahmedabad,2024-10-31
3509,Rahul Yadav,Male,54,9482381459,Uttar Pradesh,Noida,2025-01-19
3510,Aman Sharma,Male,34,9166699201,Rajasthan,Kota,2024-05-07
3511,Rahul Mehta,Male,39,9891142852,Karnataka,Bengaluru,2025-05-22
3512,Nisha Gupta,Male,25,9922612245,Gujarat,Ahmedabad,2025-02-26
3513,Aman Joshi,Female,49,9612105758,Karnataka,Bengaluru,2024-06-21
3514,Aman Jain,Female,57,9248712875,Gujarat,Surat,2024-06-24
3515,Aditya Patel,Female,46,9522191016,Rajasthan,Kota,2024-03-25
3516,Neha Jain,Male,36,9406720029,Rajasthan,Udaipur,2025-03-05
3517,Aman Singh,Male,19,9929082177,Karnataka,Bengaluru,2024-09-24
3518,Nisha Mehta,Male,39,9636913572,Maharashtra,Mumbai,2024-08-21
3519,Arjun Sharma,Female,42,9476778590,Karnataka,Mysuru,2025-05-30
3520,Riya Jain,Female,35,9441658273,Karnataka,Mysuru,2025-02-13
3521,Anjali Mehta,Female,44,9617502798,Uttar Pradesh,Lucknow,2024-12-01
3522,Aisha Kumar,Female,59,9007157307,Delhi,New Delhi,2024-07-01
3523,Arjun Sharma,Female,34,9645807536,Rajasthan,Kota,2024-10-11
3524,Neha Verma,Male,44,9819315627,Gujarat,Surat,2025-01-07
3525,Nisha Singh,Female,21,9892020433,Gujarat,Ahmedabad,2024-05-19
3526,Priya Mehta,Female,42,9020135151,Rajasthan,Banswara,2024-07-24
3527,Anjali Mehta,Female,47,9334049776,Gujarat,Surat,2024-11-27
3528,Arjun Patel,Male,30,9613871416,Rajasthan,Jaipur,2025-02-10
3529,Pooja Sharma,Male,46,9015689669,Karnataka,Mysuru,2024-08-12
3530,Aarav Sharma,Male,57,9062440421,Rajasthan,Udaipur,2024-04-13
3531,Rohit Yadav,Female,26,9009339531,Uttar Pradesh,Kanpur,2024-09-22
3532,Karan Joshi,Female,25,9093685289,Rajasthan,Udaipur,2024-04-17
3533,Aisha Kumar,Male,58,9894888720,Uttar Pradesh,Noida,2024-11-06
3534,Aarav Joshi,Female,31,9661807820,Uttar Pradesh,Lucknow,2025-01-17
3535,Aarav Mehta,Male,20,9968029016,Delhi,New Delhi,2025-05-21
3536,Kavya Patel,Male,49,9787311101,Maharashtra,Pune,2024-09-10
3537,Riya Joshi,Male,54,9090417365,Karnataka,Bengaluru,2025-04-05
3538,Aisha Kumar,Male,31,9362700408,Maharashtra,Mumbai,2025-01-14
3539,Aditya Patel,Female,54,9209651430,Maharashtra,Nagpur,2024-03-21
3540,Karan Sharma,Female,60,9485008785,Gujarat,Rajkot,2025-02-20
3541,Rahul Kumar,Male,21,9819957546,Gujarat,Rajkot,2024-05-05
3542,Karan Joshi,Female,30,9268211610,Maharashtra,Pune,2024-05-25
3543,Vivaan Sharma,Female,51,9415969240,Gujarat,Rajkot,2024-10-15
3544,Riya Sharma,Male,26,9297547753,Maharashtra,Mumbai,2024-10-14
3545,Anjali Singh,Male,18,9344755340,Delhi,New Delhi,2025-03-29
3546,Pooja Joshi,Male,42,9986495935,Karnataka,Mysuru,2024-08-12
3547,Arjun Sharma,Male,41,9370411066,Gujarat,Surat,2024-10-19
3548,Neha Sharma,Male,20,9085770306,Uttar Pradesh,Lucknow,2025-02-04
3549,Kavya Singh,Female,57,9660280622,Maharashtra,Nagpur,2025-04-17
3550,Pooja Sharma,Female,38,9863519278,Uttar Pradesh,Noida,2024-03-13
3551,Riya Verma,Male,24,9092370114,Delhi,New Delhi,2025-03-22
3552,Arjun Jain,Male,58,9785711500,Gujarat,Surat,2024-11-13
3553,Pooja Sharma,Female,20,9915466812,Uttar Pradesh,Noida,2024-11-12
3554,Kavya Patel,Male,60,9314233895,Delhi,New Delhi,2024-10-09
3555,Vikas Verma,Female,39,9189270450,Gujarat,Rajkot,2024-07-06
3556,Karan Yadav,Female,31,9182582342,Gujarat,Surat,2024-10-28
3557,Vivaan Patel,Female,27,9253957640,Gujarat,Rajkot,2024-03-25
3558,Aman Joshi,Female,31,9796448040,Maharashtra,Pune,2024-03-06
3559,Anjali Singh,Male,31,9423797914,Rajasthan,Banswara,2025-01-15
3560,Rohit Yadav,Male,31,9512212247,Gujarat,Ahmedabad,2025-03-31
3561,Arjun Gupta,Male,32,9040823594,Uttar Pradesh,Noida,2025-05-24
3562,Karan Patel,Female,41,9288698936,Karnataka,Mysuru,2025-06-09
3563,Priya Kumar,Male,35,9981905175,Delhi,New Delhi,2025-06-22
3564,Kavya Patel,Female,50,9145561706,Maharashtra,Mumbai,2024-11-18
3565,Aman Yadav,Female,21,9600770385,Gujarat,Ahmedabad,2025-01-28
3566,Rahul Singh,Female,37,9601323282,Delhi,New Delhi,2024-03-17
3567,Kavya Gupta,Male,23,9855508624,Delhi,New Delhi,2025-06-11
3568,Priya Joshi,Male,58,9068685545,Maharashtra,Pune,2024-04-07
3569,Anjali Sharma,Female,27,9630804564,Gujarat,Ahmedabad,2025-05-06
3570,Kavya Patel,Female,30,9544485202,Gujarat,Ahmedabad,2024-05-23
3571,Aarav Yadav,Female,58,9091238574,Uttar Pradesh,Kanpur,2024-05-08
3572,Rohit Jain,Female,30,9911872615,Karnataka,Bengaluru,2024-02-29
3573,Deepak Gupta,Female,31,9221855695,Uttar Pradesh,Noida,2025-02-02
3574,Rahul Singh,Male,26,9355082790,Gujarat,Surat,2024-05-04
3575,Aisha Mehta,Female,59,9542336158,Gujarat,Rajkot,2025-05-06
3576,Riya Gupta,Female,36,9381676580,Maharashtra,Pune,2025-03-01
3577,Arjun Verma,Female,25,9784788193,Maharashtra,Mumbai,2024-01-02
3578,Deepak Yadav,Male,57,9418379967,Uttar Pradesh,Lucknow,2025-05-17
3579,Kavya Mehta,Male,45,9415498769,Maharashtra,Mumbai,2024-06-23
3580,Arjun Verma,Male,46,9628708454,Rajasthan,Jaipur,2025-02-04
3581,Karan Yadav,Male,26,9249989646,Gujarat,Ahmedabad,2024-08-09
3582,Sneha Jain,Male,42,9351773304,Gujarat,Surat,2024-11-11
3583,Sneha Jain,Male,36,9313359576,Rajasthan,Jaipur,2024-04-15
3584,Pooja Kumar,Female,19,9022946014,Uttar Pradesh,Lucknow,2024-05-08
3585,Pooja Mehta,Male,43,9044378698,Delhi,New Delhi,2025-05-20
3586,Deepak Kumar,Female,55,9774453961,Maharashtra,Pune,2024-09-25
3587,Anjali Mehta,Male,32,9531060514,Rajasthan,Kota,2024-04-01
3588,Karan Verma,Male,34,9406382113,Delhi,New Delhi,2025-03-31
3589,Rohit Sharma,Male,48,9444129034,Rajasthan,Udaipur,2025-04-23
3590,Arjun Joshi,Male,37,9090191090,Gujarat,Ahmedabad,2025-06-17
3591,Sakshi Patel,Male,22,9971499821,Karnataka,Mysuru,2024-06-26
3592,Pooja Verma,Male,21,9218038331,Delhi,New Delhi,2024-10-14
3593,Vivaan Verma,Male,31,9514814858,Rajasthan,Udaipur,2024-11-20
3594,Aditya Verma,Female,60,9867869431,Uttar Pradesh,Noida,2024-04-05
3595,Aisha Sharma,Male,39,9078468666,Delhi,New Delhi,2024-11-20
3596,Deepak Joshi,Female,47,9655544854,Rajasthan,Banswara,2024-12-11
3597,Kavya Verma,Male,30,9436948654,Delhi,New Delhi,2025-01-17
3598,Sakshi Mehta,Male,26,9169700824,Karnataka,Bengaluru,2025-01-12
3599,Deepak Gupta,Female,49,9145507064,Maharashtra,Pune,2024-01-10
3600,Vikas Verma,Male,27,9771061695,Uttar Pradesh,Noida,2024-01-28
3601,Anjali Gupta,Male,55,9718159558,Gujarat,Surat,2024-04-30
3602,Riya Singh,Male,60,9760701788,Maharashtra,Mumbai,2024-12-15
3603,Sakshi Sharma,Female,23,9881500866,Karnataka,Bengaluru,2025-05-04
3604,Vivaan Yadav,Male,53,9622611424,Karnataka,Mysuru,2025-05-10
3605,Vikas Joshi,Female,43,9471656638,Gujarat,Ahmedabad,2025-02-18
3606,Aisha Patel,Male,41,9513415824,Gujarat,Ahmedabad,2024-10-21
3607,Karan Joshi,Male,18,9363166884,Maharashtra,Mumbai,2024-12-05
3608,Aman Joshi,Male,26,9979541186,Rajasthan,Udaipur,2024-09-08
3609,Rohit Jain,Female,47,9703534250,Rajasthan,Udaipur,2024-05-18
3610,Neha Sharma,Female,35,9579056022,Delhi,New Delhi,2024-03-14
3611,Aman Yadav,Male,44,9482815615,Maharashtra,Mumbai,2024-07-12
3612,Vikas Verma,Female,38,9766801844,Gujarat,Rajkot,2024-05-07
3613,Sakshi Mehta,Female,20,9014143479,Karnataka,Mysuru,2025-02-14
3614,Priya Gupta,Male,21,9327471637,Gujarat,Ahmedabad,2024-07-01
3615,Aisha Joshi,Female,37,9113267482,Delhi,New Delhi,2024-05-26
3616,Pooja Sharma,Female,40,9099116375,Maharashtra,Mumbai,2024-05-02
3617,Sneha Patel,Female,25,9942656741,Uttar Pradesh,Noida,2025-01-25
3618,Aisha Kumar,Female,35,9185483161,Maharashtra,Pune,2025-05-14
3619,Vivaan Mehta,Male,47,9831239697,Delhi,New Delhi,2024-12-28
3620,Aditya Singh,Male,44,9374629147,Karnataka,Bengaluru,2025-06-22
3621,Karan Jain,Male,39,9868195056,Rajasthan,Banswara,2024-03-27
3622,Aman Gupta,Male,28,9143853673,Gujarat,Surat,2024-08-20
3623,Rahul Joshi,Female,51,9447670476,Rajasthan,Jaipur,2024-01-20
3624,Priya Gupta,Female,25,9990073709,Delhi,New Delhi,2024-05-18
3625,Priya Jain,Male,31,9369543132,Maharashtra,Nagpur,2024-03-09
3626,Aman Kumar,Female,20,9586130794,Rajasthan,Kota,2025-03-02
3627,Kavya Jain,Male,54,9972259979,Karnataka,Bengaluru,2024-05-14
3628,Nisha Verma,Female,23,9757529719,Maharashtra,Nagpur,2024-01-01
3629,Priya Gupta,Male,24,9225321079,Karnataka,Bengaluru,2024-12-30
3630,Aarav Mehta,Male,18,9117337790,Delhi,New Delhi,2024-04-18
3631,Priya Joshi,Male,19,9836986862,Rajasthan,Jaipur,2024-10-26
3632,Anjali Singh,Male,36,9154480250,Gujarat,Surat,2024-01-31
3633,Nisha Patel,Male,50,9948328581,Uttar Pradesh,Noida,2024-01-18
3634,Vivaan Sharma,Female,45,9916672803,Gujarat,Rajkot,2024-02-03
3635,Kavya Joshi,Female,28,9460150534,Uttar Pradesh,Lucknow,2024-06-21
3636,Sakshi Sharma,Female,52,9981984367,Maharashtra,Nagpur,2024-03-06
3637,Sneha Verma,Female,47,9435467294,Rajasthan,Udaipur,2025-04-20
3638,Nisha Verma,Female,55,9259813913,Karnataka,Bengaluru,2024-05-10
3639,Vikas Jain,Male,28,9490935821,Gujarat,Surat,2025-05-31
3640,Neha Gupta,Female,47,9375733880,Uttar Pradesh,Noida,2024-09-26
3641,Nisha Yadav,Female,42,9185664481,Gujarat,Rajkot,2024-04-24
3642,Riya Kumar,Male,38,9657465098,Gujarat,Ahmedabad,2024-11-03
3643,Karan Mehta,Male,25,9025912475,Rajasthan,Banswara,2024-08-25
3644,Vivaan Jain,Male,47,9024973384,Rajasthan,Udaipur,2025-05-12
3645,Anjali Sharma,Female,60,9157260899,Delhi,New Delhi,2024-09-28
3646,Anjali Jain,Male,51,9678812870,Gujarat,Ahmedabad,2024-12-17
3647,Aman Yadav,Male,37,9583658173,Uttar Pradesh,Noida,2024-08-17
3648,Deepak Verma,Male,38,9086912554,Rajasthan,Jaipur,2024-05-05
3649,Vikas Joshi,Female,31,9605036926,Karnataka,Bengaluru,2024-04-03
3650,Anjali Joshi,Male,49,9637548526,Uttar Pradesh,Kanpur,2024-05-05
3651,Neha Patel,Male,58,9222129414,Karnataka,Bengaluru,2024-04-29
3652,Sakshi Sharma,Male,49,9336255601,Maharashtra,Nagpur,2024-05-20
3653,Vikas Verma,Male,34,9848008266,Karnataka,Mysuru,2024-05-23
3654,Aditya Verma,Male,26,9018278901,Gujarat,Ahmedabad,2024-05-31
3655,Aisha Kumar,Male,29,9006847017,Gujarat,Rajkot,2025-01-31
3656,Nisha Jain,Male,53,9409970326,Gujarat,Surat,2024-10-09
3657,Vivaan Sharma,Male,24,9157888775,Maharashtra,Pune,2024-12-22
3658,Neha Verma,Female,53,9140312213,Gujarat,Ahmedabad,2025-05-27
3659,Neha Joshi,Female,30,9223255744,Maharashtra,Nagpur,2024-07-20
3660,Nisha Yadav,Female,35,9536301173,Karnataka,Mysuru,2025-01-15
3661,Vivaan Jain,Female,38,9597861259,Uttar Pradesh,Lucknow,2024-02-14
3662,Aditya Sharma,Male,27,9465572934,Gujarat,Ahmedabad,2024-10-14
3663,Aman Kumar,Male,45,9793123771,Delhi,New Delhi,2024-10-01
3664,Aisha Kumar,Male,56,9180100852,Uttar Pradesh,Noida,2025-03-19
3665,Pooja Kumar,Male,20,9995679094,Delhi,New Delhi,2024-07-05
3666,Aisha Sharma,Female,42,9450657259,Karnataka,Bengaluru,2024-01-15
3667,Aarav Gupta,Male,43,9749682378,Delhi,New Delhi,2024-08-26
3668,Aditya Sharma,Female,35,9182908593,Gujarat,Ahmedabad,2025-03-10
3669,Aditya Kumar,Male,19,9192720664,Gujarat,Surat,2025-05-19
3670,Arjun Mehta,Male,52,9150585827,Maharashtra,Nagpur,2025-01-27
3671,Sakshi Jain,Male,36,9540688462,Maharashtra,Mumbai,2024-01-23
3672,Aisha Verma,Female,35,9964929479,Uttar Pradesh,Lucknow,2024-06-29
3673,Pooja Yadav,Female,22,9843818904,Rajasthan,Udaipur,2025-03-29
3674,Sneha Singh,Female,56,9326072210,Rajasthan,Banswara,2025-05-15
3675,Kavya Patel,Female,32,9489633109,Karnataka,Bengaluru,2025-01-07
3676,Rohit Sharma,Male,46,9005602255,Uttar Pradesh,Kanpur,2025-02-28
3677,Priya Yadav,Male,54,9827916281,Uttar Pradesh,Noida,2024-09-16
3678,Pooja Kumar,Male,31,9506865906,Maharashtra,Mumbai,2025-05-17
3679,Vivaan Jain,Female,37,9603219068,Maharashtra,Pune,2024-04-15
3680,Karan Mehta,Male,59,9528960348,Maharashtra,Pune,2025-04-03
3681,Priya Sharma,Male,20,9865559016,Maharashtra,Nagpur,2024-03-13
3682,Neha Kumar,Male,32,9002224870,Gujarat,Ahmedabad,2025-02-25
3683,Pooja Jain,Male,55,9567544617,Maharashtra,Nagpur,2024-03-30
3684,Rahul Mehta,Male,45,9067503597,Gujarat,Surat,2025-01-29
3685,Anjali Yadav,Female,48,9773940237,Maharashtra,Mumbai,2025-03-05
3686,Aman Kumar,Female,20,9888361076,Uttar Pradesh,Noida,2024-11-05
3687,Deepak Patel,Female,22,9852400079,Rajasthan,Banswara,2024-05-25
3688,Rohit Singh,Male,40,9956743029,Maharashtra,Nagpur,2024-11-25
3689,Aman Patel,Male,21,9023226988,Gujarat,Surat,2025-04-21
3690,Sakshi Patel,Male,37,9246389441,Gujarat,Ahmedabad,2024-07-13
3691,Rohit Kumar,Female,21,9646629194,Rajasthan,Udaipur,2024-08-28
3692,Vivaan Verma,Male,35,9655609454,Uttar Pradesh,Noida,2024-07-12
3693,Priya Jain,Female,20,9036738681,Maharashtra,Nagpur,2024-07-03
3694,Neha Verma,Male,31,9868257225,Rajasthan,Jaipur,2024-04-01
3695,Aman Singh,Female,32,9882077402,Gujarat,Ahmedabad,2024-08-10
3696,Pooja Patel,Female,41,9509509641,Maharashtra,Mumbai,2024-02-27
3697,Arjun Gupta,Female,33,9574957247,Maharashtra,Nagpur,2024-04-10
3698,Riya Mehta,Male,42,9105762630,Karnataka,Bengaluru,2024-04-13
3699,Vikas Jain,Male,51,9898362494,Karnataka,Mysuru,2025-06-24
3700,Aisha Gupta,Female,59,9087972287,Rajasthan,Udaipur,2024-12-15
3701,Anjali Kumar,Female,53,9226886318,Rajasthan,Jaipur,2024-09-22
3702,Vikas Patel,Female,57,9658335012,Gujarat,Rajkot,2024-07-06
3703,Sakshi Jain,Female,24,9075938302,Delhi,New Delhi,2024-09-04
3704,Riya Singh,Male,50,9991608651,Uttar Pradesh,Kanpur,2024-07-14
3705,Aditya Kumar,Male,55,9283018210,Maharashtra,Pune,2024-08-13
3706,Sakshi Sharma,Female,33,9775477998,Rajasthan,Banswara,2025-01-02
3707,Vikas Patel,Male,60,9537659408,Rajasthan,Kota,2024-09-09
3708,Karan Kumar,Male,24,9748861269,Gujarat,Surat,2024-08-15
3709,Riya Sharma,Female,30,9169956863,Uttar Pradesh,Kanpur,2024-01-30
3710,Riya Joshi,Female,39,9120756077,Rajasthan,Udaipur,2024-09-10
3711,Riya Yadav,Female,29,9500495383,Karnataka,Mysuru,2025-05-31
3712,Rohit Gupta,Male,58,9173020430,Maharashtra,Mumbai,2024-07-01
3713,Vivaan Joshi,Female,21,9720649918,Uttar Pradesh,Lucknow,2025-03-15
3714,Aisha Patel,Female,37,9096177354,Karnataka,Mysuru,2024-10-28
3715,Priya Sharma,Female,56,9944963316,Uttar Pradesh,Noida,2024-07-06
3716,Sneha Mehta,Female,23,9336397857,Rajasthan,Udaipur,2024-12-28
3717,Aman Verma,Female,60,9165359300,Rajasthan,Jaipur,2024-09-20
3718,Karan Yadav,Male,31,9777509233,Karnataka,Bengaluru,2025-03-31
3719,Neha Verma,Female,25,9972495480,Gujarat,Surat,2024-02-22
3720,Aisha Verma,Female,18,9345206864,Rajasthan,Banswara,2024-09-28
3721,Vikas Gupta,Male,51,9303218396,Maharashtra,Nagpur,2024-01-24
3722,Rahul Yadav,Male,33,9645723239,Delhi,New Delhi,2024-08-08
3723,Aarav Joshi,Female,52,9191753342,Karnataka,Mysuru,2025-04-14
3724,Deepak Yadav,Female,53,9758638610,Karnataka,Bengaluru,2024-03-09
3725,Aditya Kumar,Female,28,9650330356,Karnataka,Bengaluru,2025-06-11
3726,Vivaan Gupta,Male,44,9181945281,Gujarat,Ahmedabad,2024-06-28
3727,Kavya Verma,Male,31,9126173231,Rajasthan,Banswara,2025-05-07
3728,Deepak Sharma,Female,43,9168876199,Uttar Pradesh,Kanpur,2024-01-27
3729,Aisha Yadav,Male,50,9388739094,Uttar Pradesh,Lucknow,2025-03-21
3730,Vivaan Mehta,Male,39,9754265286,Uttar Pradesh,Lucknow,2024-09-21
3731,Neha Singh,Male,18,9139648557,Karnataka,Mysuru,2024-09-14
3732,Rahul Gupta,Male,48,9299740496,Karnataka,Mysuru,2024-04-19
3733,Aarav Yadav,Female,40,9722889630,Delhi,New Delhi,2025-01-28
3734,Rohit Jain,Female,26,9134075688,Uttar Pradesh,Noida,2024-03-16
3735,Rahul Patel,Female,51,9118459470,Maharashtra,Pune,2024-02-16
3736,Rohit Jain,Male,51,9478709848,Delhi,New Delhi,2025-01-09
3737,Anjali Kumar,Male,41,9315138869,Rajasthan,Banswara,2024-02-18
3738,Aarav Joshi,Male,25,9800417264,Gujarat,Surat,2024-02-27
3739,Priya Gupta,Female,33,9164720258,Uttar Pradesh,Kanpur,2025-05-29
3740,Karan Singh,Male,52,9044532394,Maharashtra,Mumbai,2025-01-20
3741,Sakshi Verma,Female,46,9982824467,Delhi,New Delhi,2025-06-24
3742,Karan Gupta,Male,52,9339474889,Maharashtra,Nagpur,2024-04-03
3743,Rohit Mehta,Male,46,9942669426,Maharashtra,Pune,2024-10-19
3744,Vikas Kumar,Female,45,9972976681,Rajasthan,Kota,2024-10-03
3745,Nisha Singh,Female,44,9130126604,Gujarat,Rajkot,2025-04-19
3746,Vivaan Mehta,Female,46,9989484502,Delhi,New Delhi,2025-02-23
3747,Riya Kumar,Female,52,9504874919,Maharashtra,Pune,2025-03-07
3748,Vikas Joshi,Female,49,9062802602,Karnataka,Mysuru,2024-01-03
3749,Aman Mehta,Female,21,9864960634,Karnataka,Mysuru,2024-12-09
3750,Karan Mehta,Female,35,9495506305,Rajasthan,Udaipur,2024-04-19
3751,Deepak Sharma,Female,34,9646978983,Maharashtra,Pune,2024-05-30
3752,Priya Joshi,Male,24,9541082454,Uttar Pradesh,Lucknow,2024-04-06
3753,Sakshi Mehta,Male,23,9478049750,Gujarat,Surat,2024-08-16
3754,Sneha Sharma,Male,39,9745145646,Rajasthan,Jaipur,2024-08-14
3755,Pooja Verma,Female,19,9751253480,Rajasthan,Banswara,2025-04-03
3756,Sakshi Patel,Male,38,9978704842,Gujarat,Rajkot,2025-02-25
3757,Nisha Patel,Male,24,9941365400,Rajasthan,Banswara,2024-11-10
3758,Sneha Mehta,Male,47,9266854095,Uttar Pradesh,Noida,2025-05-22
3759,Karan Mehta,Male,58,9168213148,Rajasthan,Banswara,2024-08-28
3760,Sneha Kumar,Female,28,9466428840,Rajasthan,Udaipur,2025-05-14
3761,Aman Jain,Male,44,9954473263,Gujarat,Rajkot,2024-07-10
3762,Priya Gupta,Female,41,9749686949,Karnataka,Mysuru,2024-07-19
3763,Rohit Yadav,Male,43,9229892453,Gujarat,Ahmedabad,2025-05-11
3764,Aman Singh,Female,60,9406076880,Gujarat,Ahmedabad,2025-03-19
3765,Riya Gupta,Female,34,9443298386,Rajasthan,Jaipur,2024-11-09
3766,Rohit Yadav,Female,43,9262316065,Delhi,New Delhi,2025-02-20
3767,Aisha Singh,Female,20,9572327333,Gujarat,Surat,2024-05-23
3768,Deepak Sharma,Male,23,9615444081,Karnataka,Bengaluru,2024-12-13
3769,Karan Sharma,Female,54,9167853746,Uttar Pradesh,Lucknow,2024-12-01
3770,Anjali Jain,Male,25,9248385071,Delhi,New Delhi,2024-03-02
3771,Sakshi Verma,Female,22,9094743844,Gujarat,Surat,2024-10-03
3772,Nisha Jain,Male,58,9634332317,Rajasthan,Banswara,2024-05-29
3773,Aisha Jain,Male,24,9875789212,Delhi,New Delhi,2024-02-05
3774,Sneha Verma,Female,41,9797201659,Delhi,New Delhi,2024-02-16
3775,Vikas Verma,Female,22,9500643263,Gujarat,Surat,2024-11-20
3776,Pooja Kumar,Female,36,9123672233,Gujarat,Ahmedabad,2025-02-14
3777,Rahul Joshi,Female,57,9789933620,Karnataka,Mysuru,2024-08-08
3778,Deepak Joshi,Male,49,9914102412,Delhi,New Delhi,2024-02-14
3779,Kavya Singh,Female,35,9710423537,Delhi,New Delhi,2024-03-02
3780,Vikas Gupta,Female,38,9491855904,Gujarat,Ahmedabad,2024-09-16
3781,Deepak Jain,Female,34,9148530473,Uttar Pradesh,Kanpur,2024-01-31
3782,Aditya Joshi,Male,40,9244001552,Delhi,New Delhi,2024-04-10
3783,Riya Joshi,Female,59,9942548094,Uttar Pradesh,Lucknow,2024-11-06
3784,Sakshi Kumar,Female,30,9563133068,Gujarat,Rajkot,2025-06-13
3785,Sakshi Gupta,Female,55,9173328778,Karnataka,Mysuru,2025-02-26
3786,Sakshi Gupta,Female,41,9109071860,Rajasthan,Jaipur,2024-09-09
3787,Aman Gupta,Female,56,9308003274,Gujarat,Rajkot,2024-06-08
3788,Aisha Mehta,Male,51,9421304418,Uttar Pradesh,Noida,2024-03-27
3789,Deepak Yadav,Male,57,9333259997,Uttar Pradesh,Noida,2024-12-13
3790,Sneha Sharma,Male,29,9646748679,Uttar Pradesh,Kanpur,2024-04-28
3791,Nisha Sharma,Female,58,9742886210,Karnataka,Bengaluru,2024-10-25
3792,Karan Jain,Male,55,9513913606,Rajasthan,Udaipur,2024-09-01
3793,Riya Jain,Male,39,9497284259,Gujarat,Ahmedabad,2024-11-20
3794,Vikas Gupta,Female,20,9614011132,Karnataka,Mysuru,2025-01-16
3795,Anjali Jain,Female,30,9168812703,Rajasthan,Jaipur,2024-11-12
3796,Aman Singh,Male,48,9592650408,Karnataka,Mysuru,2025-05-03
3797,Nisha Patel,Female,38,9907209027,Gujarat,Rajkot,2025-05-29
3798,Deepak Yadav,Male,20,9370503351,Uttar Pradesh,Kanpur,2024-03-09
3799,Anjali Verma,Male,22,9215462378,Gujarat,Rajkot,2025-02-06
3800,Aarav Mehta,Female,30,9533371581,Rajasthan,Banswara,2024-06-04
3801,Aman Gupta,Female,21,9520750474,Rajasthan,Kota,2024-10-29
3802,Aman Patel,Male,36,9074431181,Delhi,New Delhi,2025-02-21
3803,Rohit Verma,Female,25,9408899789,Rajasthan,Udaipur,2024-01-07
3804,Karan Joshi,Female,38,9412585678,Uttar Pradesh,Kanpur,2024-07-07
3805,Aarav Gupta,Male,26,9996325513,Uttar Pradesh,Kanpur,2024-07-08
3806,Riya Gupta,Female,57,9130402015,Delhi,New Delhi,2025-04-17
3807,Vikas Joshi,Female,46,9114728446,Rajasthan,Udaipur,2024-07-29
3808,Aarav Yadav,Female,47,9259374454,Karnataka,Mysuru,2025-03-13
3809,Kavya Jain,Male,47,9950875282,Gujarat,Rajkot,2025-04-29
3810,Sakshi Mehta,Female,27,9201288000,Gujarat,Ahmedabad,2024-02-05
3811,Sneha Yadav,Female,50,9786214090,Maharashtra,Nagpur,2024-12-29
3812,Aditya Patel,Female,49,9145543949,Rajasthan,Banswara,2025-04-12
3813,Neha Singh,Male,18,9060528915,Karnataka,Bengaluru,2024-12-27
3814,Anjali Verma,Female,55,9919428699,Uttar Pradesh,Lucknow,2024-11-22
3815,Aisha Gupta,Female,44,9708372112,Gujarat,Rajkot,2025-03-17
3816,Arjun Jain,Female,38,9198726854,Uttar Pradesh,Lucknow,2024-12-25
3817,Vikas Verma,Female,57,9565720064,Maharashtra,Mumbai,2024-09-28
3818,Rohit Gupta,Female,24,9559717896,Delhi,New Delhi,2025-05-14
3819,Deepak Singh,Male,52,9280284206,Gujarat,Ahmedabad,2025-02-05
3820,Riya Gupta,Female,36,9723363191,Maharashtra,Nagpur,2024-01-24
3821,Aisha Singh,Male,30,9632692274,Delhi,New Delhi,2025-05-02
3822,Sakshi Yadav,Female,22,9672813705,Uttar Pradesh,Noida,2024-10-22
3823,Vikas Mehta,Female,21,9767911664,Rajasthan,Kota,2024-05-30
3824,Aarav Singh,Male,43,9583592998,Karnataka,Bengaluru,2024-06-08
3825,Karan Joshi,Male,25,9606087394,Uttar Pradesh,Noida,2025-01-29
3826,Sakshi Patel,Male,30,9516340575,Maharashtra,Nagpur,2024-06-05
3827,Nisha Yadav,Female,37,9678161034,Maharashtra,Nagpur,2024-08-28
3828,Sneha Singh,Male,23,9880838339,Gujarat,Rajkot,2025-03-21
3829,Arjun Patel,Female,36,9144876943,Karnataka,Bengaluru,2024-11-28
3830,Arjun Sharma,Male,42,9829293084,Karnataka,Bengaluru,2024-01-14
3831,Neha Yadav,Male,35,9114044004,Delhi,New Delhi,2024-11-11
3832,Sneha Yadav,Female,52,9772548006,Uttar Pradesh,Noida,2025-01-15
3833,Neha Sharma,Female,23,9259922818,Rajasthan,Kota,2024-05-12
3834,Karan Mehta,Male,38,9086791219,Delhi,New Delhi,2025-04-26
3835,Anjali Singh,Male,23,9098628746,Karnataka,Mysuru,2024-05-16
3836,Priya Jain,Female,38,9105602253,Delhi,New Delhi,2024-03-23
3837,Kavya Patel,Female,59,9910607601,Gujarat,Ahmedabad,2024-11-14
3838,Rohit Singh,Male,43,9087273087,Maharashtra,Nagpur,2024-10-18
3839,Pooja Mehta,Female,24,9291423547,Maharashtra,Nagpur,2025-03-11
3840,Neha Joshi,Male,27,9836472089,Rajasthan,Kota,2024-08-22
3841,Karan Singh,Male,31,9936395590,Delhi,New Delhi,2024-02-10
3842,Kavya Sharma,Male,28,9033135786,Maharashtra,Nagpur,2024-05-16
3843,Arjun Jain,Male,25,9183312832,Delhi,New Delhi,2024-07-08
3844,Aarav Yadav,Female,60,9496713262,Gujarat,Rajkot,2025-03-12
3845,Rahul Verma,Male,40,9109624236,Karnataka,Bengaluru,2024-10-24
3846,Aisha Kumar,Female,32,9825798952,Rajasthan,Jaipur,2025-03-03
3847,Rahul Verma,Male,46,9465898131,Uttar Pradesh,Kanpur,2024-05-12
3848,Aarav Kumar,Female,26,9838431508,Uttar Pradesh,Kanpur,2025-06-13
3849,Vivaan Yadav,Male,30,9810342416,Uttar Pradesh,Lucknow,2024-01-19
3850,Aisha Verma,Female,42,9027742285,Delhi,New Delhi,2025-02-21
3851,Pooja Verma,Female,36,9419174561,Rajasthan,Udaipur,2025-01-16
3852,Vikas Singh,Male,27,9654344941,Maharashtra,Pune,2024-11-23
3853,Aman Kumar,Male,38,9447115575,Maharashtra,Pune,2024-08-06
3854,Nisha Sharma,Male,24,9540729349,Uttar Pradesh,Lucknow,2024-11-15
3855,Anjali Gupta,Male,30,9845952345,Karnataka,Bengaluru,2024-09-30
3856,Vikas Joshi,Male,25,9041630687,Uttar Pradesh,Lucknow,2025-01-20
3857,Arjun Gupta,Female,35,9673323876,Delhi,New Delhi,2024-11-29
3858,Pooja Singh,Male,55,9780318575,Gujarat,Rajkot,2024-02-13
3859,Rahul Mehta,Female,53,9141472195,Delhi,New Delhi,2024-10-15
3860,Neha Yadav,Male,35,9260783228,Rajasthan,Banswara,2024-09-03
3861,Neha Kumar,Male,26,9706469804,Uttar Pradesh,Kanpur,2024-05-05
3862,Rahul Joshi,Male,45,9829249770,Karnataka,Mysuru,2024-06-04
3863,Vivaan Gupta,Female,52,9446315202,Maharashtra,Mumbai,2024-06-07
3864,Karan Sharma,Female,26,9580351685,Uttar Pradesh,Noida,2025-04-03
3865,Sakshi Singh,Female,30,9583626884,Delhi,New Delhi,2024-02-07
3866,Anjali Gupta,Female,37,9495932734,Gujarat,Rajkot,2024-08-24
3867,Sakshi Mehta,Male,26,9945673744,Delhi,New Delhi,2024-11-19
3868,Rahul Jain,Female,45,9074319897,Karnataka,Mysuru,2024-02-04
3869,Pooja Verma,Male,54,9588353443,Uttar Pradesh,Lucknow,2025-02-20
3870,Aarav Patel,Female,36,9075109183,Rajasthan,Banswara,2024-06-21
3871,Rohit Singh,Male,48,9798603451,Rajasthan,Jaipur,2024-05-17
3872,Deepak Patel,Female,42,9649950403,Uttar Pradesh,Kanpur,2025-05-07
3873,Neha Mehta,Female,43,9119245444,Karnataka,Mysuru,2025-02-28
3874,Pooja Yadav,Female,34,9596972908,Gujarat,Rajkot,2024-02-11
3875,Aman Joshi,Male,31,9281183691,Rajasthan,Jaipur,2024-09-22
3876,Aisha Sharma,Male,50,9447047442,Uttar Pradesh,Noida,2024-09-12
3877,Aman Patel,Female,48,9413197558,Rajasthan,Jaipur,2025-06-15
3878,Rahul Mehta,Male,57,9926853705,Gujarat,Surat,2024-06-01
3879,Aarav Gupta,Male,54,9318474066,Uttar Pradesh,Kanpur,2025-03-02
3880,Aisha Joshi,Female,44,9518487913,Uttar Pradesh,Lucknow,2024-12-21
3881,Karan Jain,Male,22,9510431020,Gujarat,Rajkot,2025-04-24
3882,Aisha Patel,Male,38,9982741858,Gujarat,Rajkot,2025-03-02
3883,Kavya Singh,Male,47,9457529435,Gujarat,Surat,2024-01-28
3884,Riya Gupta,Female,33,9163741754,Uttar Pradesh,Kanpur,2025-02-05
3885,Rohit Jain,Male,21,9017427964,Delhi,New Delhi,2025-02-25
3886,Karan Jain,Female,29,9845986104,Uttar Pradesh,Noida,2024-01-04
3887,Rahul Sharma,Male,55,9809278717,Uttar Pradesh,Kanpur,2024-11-28
3888,Aarav Patel,Male,34,9365903457,Delhi,New Delhi,2025-05-22
3889,Sneha Gupta,Female,21,9170150107,Uttar Pradesh,Lucknow,2024-07-25
3890,Riya Singh,Female,60,9267056526,Delhi,New Delhi,2024-11-07
3891,Karan Sharma,Male,35,9170006638,Gujarat,Rajkot,2024-05-20
3892,Aarav Sharma,Male,57,9983460396,Gujarat,Ahmedabad,2025-04-17
3893,Riya Sharma,Male,52,9289117903,Rajasthan,Kota,2024-08-09
3894,Sakshi Verma,Female,40,9101078620,Delhi,New Delhi,2025-05-23
3895,Rohit Yadav,Male,36,9533487128,Uttar Pradesh,Noida,2025-04-21
3896,Aarav Yadav,Male,47,9672495936,Rajasthan,Jaipur,2024-02-04
3897,Pooja Singh,Female,59,9906593271,Delhi,New Delhi,2024-09-23
3898,Nisha Kumar,Male,59,9963834587,Uttar Pradesh,Noida,2024-06-10
3899,Arjun Kumar,Female,51,9750928971,Rajasthan,Kota,2025-05-25
3900,Pooja Singh,Female,28,9968836974,Rajasthan,Jaipur,2024-09-26
3901,Karan Jain,Female,23,9658106032,Maharashtra,Pune,2025-03-10
3902,Sakshi Singh,Male,35,9579834408,Uttar Pradesh,Lucknow,2024-01-21
3903,Karan Mehta,Male,30,9441792693,Uttar Pradesh,Noida,2025-06-21
3904,Priya Kumar,Female,42,9260026373,Delhi,New Delhi,2024-04-19
3905,Aman Sharma,Female,48,9862765934,Rajasthan,Jaipur,2024-10-13
3906,Deepak Mehta,Female,41,9575420786,Karnataka,Mysuru,2025-05-05
3907,Riya Mehta,Female,47,9272103874,Gujarat,Rajkot,2024-06-21
3908,Arjun Jain,Male,23,9168486546,Maharashtra,Mumbai,2025-05-07
3909,Pooja Mehta,Male,33,9606657523,Karnataka,Bengaluru,2025-05-15
3910,Pooja Patel,Male,56,9782537879,Rajasthan,Udaipur,2024-03-23
3911,Anjali Patel,Female,31,9377581717,Uttar Pradesh,Noida,2024-04-10
3912,Deepak Sharma,Female,35,9377839458,Gujarat,Ahmedabad,2024-10-13
3913,Deepak Kumar,Male,33,9794405874,Delhi,New Delhi,2024-01-26
3914,Kavya Sharma,Female,29,9410751696,Karnataka,Mysuru,2024-02-14
3915,Aarav Patel,Female,53,9863736072,Uttar Pradesh,Kanpur,2025-01-17
3916,Anjali Jain,Male,26,9012146416,Delhi,New Delhi,2025-03-25
3917,Vivaan Mehta,Male,23,9507852338,Karnataka,Mysuru,2024-04-16
3918,Aman Singh,Male,27,9476498437,Maharashtra,Mumbai,2025-03-31
3919,Pooja Jain,Female,41,9123678022,Karnataka,Mysuru,2025-01-25
3920,Rahul Yadav,Male,35,9922255703,Uttar Pradesh,Lucknow,2024-08-19
3921,Arjun Sharma,Female,31,9830217604,Karnataka,Bengaluru,2024-07-25
3922,Rahul Patel,Female,52,9277636277,Karnataka,Bengaluru,2024-12-28
3923,Deepak Jain,Male,50,9354021524,Maharashtra,Nagpur,2024-09-09
3924,Nisha Joshi,Female,46,9839357035,Delhi,New Delhi,2025-06-10
3925,Pooja Joshi,Male,41,9747526260,Delhi,New Delhi,2024-10-25
3926,Vikas Kumar,Female,52,9100746214,Uttar Pradesh,Noida,2024-10-18
3927,Neha Jain,Female,58,9906364984,Rajasthan,Banswara,2024-04-18
3928,Kavya Sharma,Female,26,9985663737,Uttar Pradesh,Kanpur,2025-01-06
3929,Priya Gupta,Female,60,9919701392,Rajasthan,Udaipur,2025-03-21
3930,Aditya Gupta,Male,46,9750664304,Uttar Pradesh,Kanpur,2025-06-04
3931,Nisha Gupta,Female,27,9895776942,Karnataka,Bengaluru,2024-08-03
3932,Rohit Jain,Female,18,9600032573,Uttar Pradesh,Kanpur,2024-07-03
3933,Sakshi Verma,Female,49,9637009587,Maharashtra,Mumbai,2024-03-05
3934,Aditya Verma,Male,39,9681138421,Maharashtra,Mumbai,2025-06-14
3935,Priya Singh,Male,42,9041840825,Delhi,New Delhi,2025-05-07
3936,Vikas Singh,Female,29,9368485727,Maharashtra,Pune,2024-09-19
3937,Sneha Sharma,Female,50,9141123998,Delhi,New Delhi,2025-03-28
3938,Kavya Singh,Male,44,9018485731,Karnataka,Bengaluru,2024-01-05
3939,Pooja Yadav,Female,43,9021704647,Rajasthan,Udaipur,2024-02-09
3940,Karan Sharma,Male,28,9356621868,Karnataka,Mysuru,2024-11-21
3941,Deepak Patel,Female,40,9559520070,Karnataka,Mysuru,2025-03-11
3942,Aisha Yadav,Male,40,9651671313,Uttar Pradesh,Lucknow,2024-08-19
3943,Sneha Mehta,Female,28,9256556015,Karnataka,Mysuru,2024-08-06
3944,Sneha Singh,Male,40,9703579783,Gujarat,Ahmedabad,2024-11-27
3945,Sneha Sharma,Female,30,9155371544,Rajasthan,Jaipur,2024-01-15
3946,Riya Gupta,Male,22,9728771705,Karnataka,Bengaluru,2024-06-18
3947,Vivaan Kumar,Female,36,9912594381,Rajasthan,Jaipur,2025-04-21
3948,Rahul Kumar,Male,43,9679833942,Rajasthan,Banswara,2024-11-16
3949,Aditya Yadav,Male,25,9525434909,Karnataka,Bengaluru,2025-04-10
3950,Aditya Joshi,Male,41,9904806077,Karnataka,Bengaluru,2024-09-05
3951,Aisha Gupta,Female,38,9219166361,Delhi,New Delhi,2024-05-31
3952,Pooja Kumar,Female,23,9521913125,Delhi,New Delhi,2024-10-14
3953,Vivaan Patel,Female,21,9463031226,Delhi,New Delhi,2024-02-03
3954,Sneha Kumar,Female,34,9359871416,Rajasthan,Jaipur,2025-01-06
3955,Vivaan Patel,Female,52,9793630470,Rajasthan,Jaipur,2024-01-05
3956,Aarav Mehta,Male,23,9986686522,Gujarat,Ahmedabad,2025-03-24
3957,Anjali Joshi,Male,60,9797075119,Maharashtra,Mumbai,2024-10-17
3958,Neha Singh,Female,48,9345558655,Uttar Pradesh,Noida,2025-03-14
3959,Pooja Yadav,Female,39,9036559062,Uttar Pradesh,Lucknow,2025-06-18
3960,Deepak Mehta,Male,43,9712877934,Uttar Pradesh,Noida,2024-07-09
3961,Kavya Joshi,Female,30,9832561236,Delhi,New Delhi,2024-04-08
3962,Rahul Jain,Male,34,9372384612,Gujarat,Rajkot,2024-05-24
3963,Aisha Sharma,Female,40,9213182887,Uttar Pradesh,Lucknow,2024-04-16
3964,Rahul Sharma,Female,29,9010779060,Gujarat,Surat,2024-05-27
3965,Sakshi Mehta,Female,48,9589492622,Gujarat,Surat,2024-08-22
3966,Anjali Gupta,Male,27,9348741558,Gujarat,Surat,2024-11-07
3967,Sneha Gupta,Female,33,9681401508,Rajasthan,Jaipur,2024-11-10
3968,Neha Joshi,Female,46,9869811556,Maharashtra,Nagpur,2024-02-25
3969,Aman Kumar,Female,49,9001121532,Delhi,New Delhi,2024-05-15
3970,Priya Singh,Female,56,9638754915,Delhi,New Delhi,2024-08-12
3971,Neha Patel,Female,47,9963249688,Gujarat,Rajkot,2025-04-21
3972,Vivaan Jain,Male,56,9896675236,Maharashtra,Pune,2025-05-26
3973,Neha Patel,Female,19,9264394057,Karnataka,Mysuru,2025-02-19
3974,Aarav Sharma,Male,37,9957283441,Uttar Pradesh,Lucknow,2024-09-27
3975,Rohit Sharma,Female,44,9361712722,Maharashtra,Nagpur,2024-10-16
3976,Aman Kumar,Male,32,9864985563,Delhi,New Delhi,2024-06-04
3977,Aisha Joshi,Male,58,9270732455,Gujarat,Ahmedabad,2024-06-04
3978,Anjali Sharma,Male,22,9708045837,Maharashtra,Mumbai,2024-09-22
3979,Aisha Sharma,Female,49,9701294578,Rajasthan,Banswara,2025-02-28
3980,Deepak Verma,Male,52,9629113759,Maharashtra,Pune,2025-03-16
3981,Sakshi Patel,Female,60,9739776789,Karnataka,Bengaluru,2025-05-29
3982,Arjun Sharma,Female,49,9077203389,Gujarat,Rajkot,2025-04-19
3983,Aman Singh,Female,46,9017503461,Karnataka,Mysuru,2025-05-28
3984,Pooja Gupta,Female,30,9831004385,Uttar Pradesh,Lucknow,2024-02-03
3985,Aarav Yadav,Female,60,9714392528,Gujarat,Surat,2025-05-16
3986,Arjun Jain,Female,45,9158260238,Delhi,New Delhi,2024-10-11
3987,Priya Verma,Female,31,9368128332,Rajasthan,Udaipur,2024-10-07
3988,Vikas Yadav,Male,19,9332185431,Rajasthan,Kota,2024-01-13
3989,Aisha Gupta,Female,55,9893418646,Delhi,New Delhi,2024-10-16
3990,Deepak Singh,Female,49,9835605153,Rajasthan,Banswara,2025-03-16
3991,Pooja Singh,Female,48,9856328743,Rajasthan,Kota,2024-08-12
3992,Vivaan Jain,Female,34,9647882802,Maharashtra,Mumbai,2024-08-07
3993,Priya Sharma,Female,47,9844583416,Karnataka,Bengaluru,2025-04-16
3994,Aman Sharma,Female,30,9407321650,Gujarat,Surat,2024-07-23
3995,Pooja Yadav,Female,22,9011534928,Gujarat,Ahmedabad,2024-02-06
3996,Rahul Yadav,Female,33,9128282815,Maharashtra,Pune,2025-04-17
3997,Riya Kumar,Female,44,9882024117,Maharashtra,Mumbai,2024-12-13
3998,Vivaan Sharma,Female,55,9391234756,Uttar Pradesh,Noida,2024-07-29
3999,Kavya Gupta,Male,23,9491522016,Delhi,New Delhi,2024-03-16
4000,Deepak Verma,Male,27,9543177825,Gujarat,Rajkot,2024-11-23
4001,Aditya Gupta,Male,46,9365910715,Uttar Pradesh,Noida,2024-06-19
4002,Anjali Mehta,Female,44,9738930789,Gujarat,Rajkot,2025-04-07
4003,Vivaan Patel,Male,49,9015196706,Uttar Pradesh,Kanpur,2024-01-20
4004,Aarav Yadav,Male,28,9999579342,Karnataka,Mysuru,2024-11-10
4005,Rahul Gupta,Female,32,9646203621,Rajasthan,Udaipur,2024-11-02
4006,Pooja Gupta,Female,29,9847799346,Gujarat,Rajkot,2025-05-01
4007,Kavya Verma,Female,52,9479012675,Karnataka,Bengaluru,2024-06-09
4008,Aisha Mehta,Female,45,9170920215,Uttar Pradesh,Kanpur,2025-02-24
4009,Vivaan Patel,Male,52,9920567930,Karnataka,Bengaluru,2025-05-20
4010,Anjali Singh,Male,28,9830806732,Delhi,New Delhi,2024-02-28
4011,Aman Jain,Male,60,9077094770,Delhi,New Delhi,2024-10-02
4012,Neha Sharma,Male,35,9367863325,Karnataka,Bengaluru,2025-03-23
4013,Riya Singh,Female,48,9300511604,Rajasthan,Udaipur,2024-08-07
4014,Riya Mehta,Male,39,9226020343,Maharashtra,Mumbai,2024-01-11
4015,Rohit Mehta,Male,59,9624632499,Rajasthan,Banswara,2024-02-01
4016,Aarav Jain,Male,29,9533308785,Gujarat,Surat,2025-05-10
4017,Priya Patel,Female,33,9849510967,Uttar Pradesh,Noida,2024-01-15
4018,Karan Yadav,Female,40,9507409120,Delhi,New Delhi,2024-05-19
4019,Priya Patel,Male,43,9443711830,Uttar Pradesh,Kanpur,2025-05-01
4020,Aman Singh,Female,43,9309665847,Delhi,New Delhi,2025-01-10
4021,Aditya Verma,Male,18,9713603015,Karnataka,Mysuru,2024-08-02
4022,Arjun Sharma,Male,43,9688064271,Karnataka,Bengaluru,2024-09-05
4023,Vikas Kumar,Female,47,9321550391,Karnataka,Bengaluru,2025-03-09
4024,Aditya Jain,Male,39,9926649291,Karnataka,Mysuru,2024-10-28
4025,Vivaan Gupta,Male,58,9455825079,Karnataka,Bengaluru,2025-01-12
4026,Anjali Yadav,Male,24,9816356346,Gujarat,Surat,2025-05-21
4027,Vikas Jain,Female,23,9549832499,Uttar Pradesh,Noida,2025-04-20
4028,Vikas Patel,Male,22,9935070888,Maharashtra,Mumbai,2024-03-03
4029,Nisha Kumar,Female,40,9142960815,Karnataka,Mysuru,2025-03-28
4030,Aisha Joshi,Female,21,9820098002,Delhi,New Delhi,2024-01-05
4031,Priya Gupta,Female,54,9901766661,Delhi,New Delhi,2024-05-19
4032,Rahul Sharma,Male,36,9691359825,Delhi,New Delhi,2024-04-06
4033,Aisha Kumar,Male,60,9477603438,Gujarat,Surat,2024-07-13
4034,Priya Singh,Female,35,9497808953,Karnataka,Mysuru,2024-01-10
4035,Pooja Patel,Female,60,9892174499,Delhi,New Delhi,2024-04-13
4036,Rahul Sharma,Male,60,9850613820,Uttar Pradesh,Kanpur,2024-12-31
4037,Vikas Patel,Male,50,9447604906,Maharashtra,Mumbai,2024-06-11
4038,Aarav Kumar,Female,40,9772220968,Karnataka,Bengaluru,2025-05-03
4039,Aisha Verma,Female,53,9933889027,Maharashtra,Pune,2024-10-12
4040,Aisha Joshi,Female,52,9963263848,Rajasthan,Kota,2024-10-02
4041,Sneha Patel,Female,60,9355554591,Delhi,New Delhi,2025-05-24
4042,Sakshi Patel,Male,50,9084753313,Maharashtra,Mumbai,2025-02-12
4043,Nisha Patel,Male,19,9885736958,Rajasthan,Banswara,2024-05-01
4044,Arjun Mehta,Male,42,9858023539,Delhi,New Delhi,2024-05-05
4045,Pooja Verma,Female,49,9426975996,Uttar Pradesh,Kanpur,2024-08-21
4046,Sakshi Patel,Female,25,9901833669,Karnataka,Mysuru,2025-04-09
4047,Aman Gupta,Male,53,9690142161,Karnataka,Mysuru,2024-11-10
4048,Neha Joshi,Male,56,9122235482,Maharashtra,Pune,2024-03-24
4049,Aisha Kumar,Female,27,9360660055,Gujarat,Surat,2024-12-01
4050,Aditya Verma,Male,42,9694933287,Delhi,New Delhi,2024-11-26
4051,Pooja Kumar,Female,48,9824519850,Delhi,New Delhi,2025-04-22
4052,Sneha Singh,Female,60,9664760284,Delhi,New Delhi,2024-11-07
4053,Priya Jain,Female,41,9759126185,Rajasthan,Udaipur,2024-09-20
4054,Priya Mehta,Male,24,9598190972,Gujarat,Ahmedabad,2025-02-06
4055,Sakshi Jain,Female,22,9407278759,Delhi,New Delhi,2024-04-21
4056,Sakshi Yadav,Female,26,9247102909,Delhi,New Delhi,2024-09-08
4057,Kavya Joshi,Female,33,9853374696,Delhi,New Delhi,2024-04-20
4058,Vivaan Patel,Female,28,9134586312,Gujarat,Surat,2024-06-19
4059,Rahul Verma,Male,30,9294709859,Delhi,New Delhi,2024-04-02
4060,Nisha Patel,Female,21,9685257758,Maharashtra,Pune,2025-02-16
4061,Pooja Gupta,Female,34,9333664235,Rajasthan,Udaipur,2024-10-30
4062,Aarav Verma,Male,31,9397423921,Uttar Pradesh,Lucknow,2025-02-07
4063,Rahul Jain,Male,20,9879943189,Karnataka,Mysuru,2024-01-17
4064,Sakshi Verma,Male,48,9006121778,Rajasthan,Udaipur,2024-12-07
4065,Aisha Mehta,Female,52,9811511561,Uttar Pradesh,Lucknow,2025-02-16
4066,Neha Joshi,Female,46,9871884319,Gujarat,Ahmedabad,2024-06-23
4067,Riya Sharma,Female,56,9028337358,Uttar Pradesh,Lucknow,2024-03-04
4068,Arjun Kumar,Female,21,9215034776,Karnataka,Bengaluru,2024-11-17
4069,Aarav Joshi,Male,52,9834915922,Delhi,New Delhi,2024-02-04
4070,Aisha Joshi,Female,34,9456547133,Delhi,New Delhi,2025-01-04
4071,Kavya Patel,Female,22,9908466002,Uttar Pradesh,Noida,2024-07-04
4072,Aditya Patel,Female,31,9025640047,Delhi,New Delhi,2024-06-23
4073,Riya Singh,Female,59,9074524501,Karnataka,Mysuru,2024-07-01
4074,Kavya Patel,Female,27,9581380708,Maharashtra,Mumbai,2024-04-27
4075,Anjali Patel,Male,37,9033374023,Uttar Pradesh,Noida,2024-01-25
4076,Sakshi Singh,Female,34,9194553737,Rajasthan,Udaipur,2025-04-10
4077,Rohit Patel,Male,29,9898817076,Karnataka,Bengaluru,2025-05-07
4078,Karan Jain,Female,55,9344862746,Delhi,New Delhi,2024-10-13
4079,Riya Patel,Male,20,9889433082,Gujarat,Ahmedabad,2025-06-16
4080,Karan Jain,Male,46,9461309915,Uttar Pradesh,Lucknow,2024-12-05
4081,Rohit Sharma,Female,18,9990924716,Maharashtra,Pune,2024-06-02
4082,Aman Mehta,Female,34,9812159086,Karnataka,Mysuru,2025-06-20
4083,Anjali Yadav,Female,60,9523372274,Delhi,New Delhi,2025-02-10
4084,Priya Kumar,Female,45,9113899376,Rajasthan,Kota,2024-03-08
4085,Anjali Kumar,Male,34,9580591379,Uttar Pradesh,Lucknow,2024-08-02
4086,Aman Jain,Female,40,9021675210,Uttar Pradesh,Noida,2024-11-07
4087,Nisha Verma,Male,28,9262885893,Rajasthan,Udaipur,2025-06-15
4088,Aisha Verma,Female,39,9527174184,Karnataka,Mysuru,2024-11-02
4089,Kavya Sharma,Male,18,9434461215,Delhi,New Delhi,2024-02-21
4090,Sneha Kumar,Male,22,9035703963,Delhi,New Delhi,2024-01-11
4091,Aman Patel,Male,58,9569610909,Uttar Pradesh,Lucknow,2024-08-23
4092,Aditya Singh,Male,46,9725841554,Rajasthan,Udaipur,2024-03-28
4093,Sneha Gupta,Female,50,9059933626,Maharashtra,Mumbai,2024-06-13
4094,Vikas Singh,Male,22,9756907366,Karnataka,Bengaluru,2024-12-06
4095,Sakshi Kumar,Male,40,9803630965,Uttar Pradesh,Noida,2024-12-23
4096,Anjali Singh,Male,29,9334204731,Uttar Pradesh,Kanpur,2024-12-11
4097,Vikas Yadav,Female,53,9645257016,Karnataka,Mysuru,2024-05-19
4098,Aditya Kumar,Male,38,9263075255,Gujarat,Surat,2024-08-07
4099,Vivaan Singh,Male,56,9420625073,Maharashtra,Nagpur,2025-01-30
4100,Anjali Sharma,Female,52,9614468987,Uttar Pradesh,Noida,2024-01-25
4101,Aman Yadav,Female,47,9305192873,Gujarat,Rajkot,2024-02-25
4102,Pooja Verma,Female,53,9815343065,Rajasthan,Jaipur,2024-12-22
4103,Aarav Verma,Male,41,9411306963,Delhi,New Delhi,2024-08-28
4104,Kavya Kumar,Male,56,9677579256,Gujarat,Rajkot,2024-03-30
4105,Pooja Verma,Female,48,9669432339,Rajasthan,Banswara,2025-02-24
4106,Karan Kumar,Female,45,9668034549,Uttar Pradesh,Lucknow,2024-04-12
4107,Sneha Gupta,Female,45,9974577667,Gujarat,Surat,2024-08-09
4108,Priya Joshi,Female,18,9956218165,Maharashtra,Mumbai,2025-04-11
4109,Neha Joshi,Male,21,9234243674,Gujarat,Ahmedabad,2025-01-26
4110,Rahul Yadav,Female,58,9342241639,Delhi,New Delhi,2024-07-19
4111,Riya Patel,Male,19,9939609378,Delhi,New Delhi,2025-05-27
4112,Karan Kumar,Female,31,9161628539,Karnataka,Bengaluru,2024-12-16
4113,Sakshi Sharma,Male,18,9793324503,Uttar Pradesh,Noida,2024-02-13
4114,Sneha Jain,Female,34,9584704608,Karnataka,Mysuru,2024-12-22
4115,Neha Sharma,Male,20,9982636518,Gujarat,Surat,2024-09-21
4116,Priya Patel,Female,28,9239661684,Gujarat,Rajkot,2024-12-31
4117,Arjun Gupta,Male,53,9246516945,Karnataka,Mysuru,2024-09-02
4118,Aarav Mehta,Female,60,9573736529,Uttar Pradesh,Kanpur,2025-02-15
4119,Deepak Yadav,Male,33,9841603321,Uttar Pradesh,Kanpur,2025-04-20
4120,Aarav Sharma,Female,46,9349949903,Rajasthan,Jaipur,2024-05-25
4121,Anjali Verma,Female,39,9426664594,Maharashtra,Mumbai,2024-04-25
4122,Aisha Joshi,Female,47,9699787039,Gujarat,Ahmedabad,2024-01-18
4123,Neha Gupta,Male,50,9154815559,Rajasthan,Udaipur,2024-08-28
4124,Nisha Yadav,Male,22,9327621787,Gujarat,Surat,2024-07-10
4125,Deepak Joshi,Male,28,9686526081,Maharashtra,Nagpur,2025-01-30
4126,Aisha Yadav,Male,46,9508400711,Delhi,New Delhi,2024-12-14
4127,Priya Patel,Female,49,9727179614,Karnataka,Mysuru,2024-10-08
4128,Deepak Patel,Female,56,9343599980,Delhi,New Delhi,2024-11-06
4129,Rohit Yadav,Female,57,9105381005,Maharashtra,Nagpur,2024-11-27
4130,Vikas Gupta,Female,20,9611173451,Karnataka,Mysuru,2025-04-26
4131,Nisha Mehta,Female,27,9728918768,Rajasthan,Udaipur,2024-08-17
4132,Aditya Sharma,Male,44,9261773756,Maharashtra,Pune,2024-03-29
4133,Deepak Joshi,Female,58,9732428501,Rajasthan,Kota,2025-03-22
4134,Sneha Mehta,Male,39,9540111227,Rajasthan,Kota,2024-01-30
4135,Rahul Verma,Female,53,9518879298,Delhi,New Delhi,2025-04-01
4136,Aman Mehta,Female,26,9780982877,Karnataka,Bengaluru,2024-01-30
4137,Deepak Kumar,Female,29,9313260972,Karnataka,Mysuru,2024-02-15
4138,Deepak Gupta,Female,31,9373416830,Maharashtra,Nagpur,2024-05-15
4139,Arjun Joshi,Female,58,9033961705,Delhi,New Delhi,2025-05-16
4140,Anjali Patel,Male,58,9653354021,Uttar Pradesh,Lucknow,2024-03-12
4141,Aditya Patel,Male,59,9500951211,Gujarat,Ahmedabad,2024-05-26
4142,Aman Joshi,Male,19,9456345756,Gujarat,Ahmedabad,2024-12-04
4143,Aditya Yadav,Male,24,9006829394,Karnataka,Mysuru,2024-05-24
4144,Vikas Kumar,Male,60,9240761536,Maharashtra,Mumbai,2024-07-20
4145,Karan Singh,Male,38,9156066904,Rajasthan,Kota,2024-02-17
4146,Pooja Singh,Male,26,9374317044,Karnataka,Bengaluru,2024-02-01
4147,Neha Patel,Male,58,9256313194,Delhi,New Delhi,2025-04-03
4148,Riya Joshi,Male,38,9979760396,Delhi,New Delhi,2024-01-15
4149,Priya Kumar,Male,37,9903462735,Gujarat,Ahmedabad,2024-04-22
4150,Kavya Jain,Female,22,9588691241,Gujarat,Ahmedabad,2024-11-30
4151,Pooja Jain,Female,34,9102618798,Karnataka,Bengaluru,2024-12-19
4152,Deepak Patel,Male,48,9472452086,Rajasthan,Jaipur,2024-10-24
4153,Rahul Kumar,Male,29,9674178484,Uttar Pradesh,Lucknow,2024-11-24
4154,Arjun Verma,Female,57,9384739836,Rajasthan,Jaipur,2025-03-18
4155,Aditya Yadav,Female,38,9325688087,Rajasthan,Kota,2024-10-12
4156,Aarav Singh,Male,31,9207455402,Uttar Pradesh,Lucknow,2025-05-12
4157,Aditya Gupta,Male,30,9858573356,Karnataka,Bengaluru,2025-04-14
4158,Aditya Mehta,Male,26,9001288614,Delhi,New Delhi,2024-11-27
4159,Nisha Jain,Female,38,9965630973,Delhi,New Delhi,2024-11-29
4160,Vikas Kumar,Female,39,9271324226,Rajasthan,Udaipur,2024-04-03
4161,Aarav Jain,Male,42,9048313470,Delhi,New Delhi,2024-03-03
4162,Deepak Jain,Female,23,9750178071,Maharashtra,Mumbai,2024-08-15
4163,Vivaan Yadav,Male,48,9518389318,Rajasthan,Jaipur,2025-02-05
4164,Karan Joshi,Male,26,9402715346,Uttar Pradesh,Kanpur,2024-04-04
4165,Priya Singh,Male,18,9711593220,Gujarat,Ahmedabad,2024-04-05
4166,Priya Gupta,Female,32,9241831442,Uttar Pradesh,Lucknow,2025-06-20
4167,Sneha Verma,Male,45,9070573300,Gujarat,Rajkot,2024-10-05
4168,Karan Gupta,Male,24,9787839996,Gujarat,Rajkot,2024-08-13
4169,Priya Sharma,Male,49,9985836752,Rajasthan,Kota,2024-07-31
4170,Vivaan Singh,Male,36,9268980608,Gujarat,Surat,2025-03-10
4171,Aisha Gupta,Male,27,9554155252,Karnataka,Bengaluru,2024-02-22
4172,Neha Kumar,Male,40,9624232890,Karnataka,Mysuru,2024-08-01
4173,Vivaan Jain,Male,26,9929429305,Rajasthan,Kota,2024-06-12
4174,Rohit Jain,Female,43,9947745859,Delhi,New Delhi,2025-01-26
4175,Kavya Joshi,Male,20,9529109551,Uttar Pradesh,Noida,2025-04-12
4176,Kavya Sharma,Male,50,9340304494,Rajasthan,Jaipur,2025-06-13
4177,Vivaan Mehta,Male,19,9870101906,Uttar Pradesh,Kanpur,2024-11-06
4178,Sneha Patel,Female,24,9414386983,Delhi,New Delhi,2025-04-01
4179,Aarav Gupta,Male,25,9998431549,Delhi,New Delhi,2024-11-28
4180,Anjali Jain,Male,49,9199468933,Uttar Pradesh,Kanpur,2025-05-20
4181,Nisha Joshi,Female,47,9394972437,Rajasthan,Udaipur,2025-01-24
4182,Rohit Sharma,Male,43,9128162188,Gujarat,Rajkot,2024-11-22
4183,Kavya Gupta,Female,20,9920467559,Maharashtra,Mumbai,2025-01-22
4184,Aarav Sharma,Female,48,9468046577,Rajasthan,Kota,2025-05-28
4185,Kavya Joshi,Female,51,9031025899,Uttar Pradesh,Noida,2025-01-16
4186,Nisha Gupta,Male,39,9705201860,Delhi,New Delhi,2024-08-21
4187,Deepak Patel,Male,35,9801469252,Karnataka,Bengaluru,2024-12-05
4188,Riya Joshi,Male,34,9528970211,Uttar Pradesh,Lucknow,2024-07-27
4189,Deepak Kumar,Male,22,9695375252,Gujarat,Rajkot,2025-04-05
4190,Priya Sharma,Male,33,9947496864,Maharashtra,Nagpur,2024-04-21
4191,Aisha Mehta,Female,40,9892929694,Maharashtra,Pune,2024-09-27
4192,Kavya Patel,Female,26,9513338728,Maharashtra,Nagpur,2025-03-02
4193,Nisha Singh,Female,33,9977817631,Delhi,New Delhi,2025-05-07
4194,Vivaan Gupta,Female,31,9237074612,Gujarat,Ahmedabad,2025-05-03
4195,Deepak Jain,Female,45,9872988724,Uttar Pradesh,Noida,2024-06-07
4196,Aarav Sharma,Female,43,9511354142,Uttar Pradesh,Noida,2024-04-09
4197,Neha Gupta,Female,52,9583378184,Maharashtra,Pune,2024-01-01
4198,Anjali Singh,Female,38,9772817479,Karnataka,Mysuru,2024-01-29
4199,Neha Verma,Male,23,9204761111,Delhi,New Delhi,2024-09-26
4200,Riya Jain,Female,24,9594688787,Gujarat,Surat,2024-01-02
4201,Vivaan Gupta,Female,25,9912510560,Uttar Pradesh,Lucknow,2024-12-31
4202,Aarav Kumar,Female,21,9007177257,Uttar Pradesh,Noida,2024-12-30
4203,Rohit Gupta,Female,20,9587803192,Uttar Pradesh,Noida,2024-02-27
4204,Neha Patel,Male,44,9437260324,Karnataka,Bengaluru,2024-04-21
4205,Neha Kumar,Male,55,9587228597,Rajasthan,Jaipur,2024-10-01
4206,Aisha Singh,Male,33,9852607397,Rajasthan,Udaipur,2024-10-14
4207,Arjun Patel,Female,57,9220247576,Karnataka,Mysuru,2024-10-01
4208,Vivaan Kumar,Male,58,9736158041,Gujarat,Rajkot,2024-03-28
4209,Kavya Singh,Female,21,9593371258,Gujarat,Rajkot,2024-03-15
4210,Sneha Kumar,Female,59,9352351203,Delhi,New Delhi,2024-06-11
4211,Rahul Mehta,Male,27,9199356297,Maharashtra,Pune,2024-04-19
4212,Vivaan Sharma,Male,49,9897462383,Gujarat,Ahmedabad,2024-10-20
4213,Aarav Yadav,Male,48,9786921890,Delhi,New Delhi,2024-10-25
4214,Anjali Verma,Female,23,9343270569,Delhi,New Delhi,2024-06-24
4215,Nisha Singh,Male,53,9657830371,Delhi,New Delhi,2024-09-21
4216,Priya Kumar,Female,41,9835603016,Maharashtra,Nagpur,2024-04-07
4217,Aman Mehta,Male,33,9321631409,Maharashtra,Mumbai,2024-07-06
4218,Vikas Mehta,Female,23,9461535999,Uttar Pradesh,Kanpur,2024-03-28
4219,Sneha Joshi,Female,40,9341167223,Delhi,New Delhi,2024-06-22
4220,Nisha Joshi,Male,29,9999755916,Gujarat,Surat,2025-01-25
4221,Neha Patel,Male,18,9008021941,Uttar Pradesh,Noida,2025-02-11
4222,Arjun Gupta,Female,28,9603687059,Gujarat,Rajkot,2024-03-18
4223,Neha Jain,Female,49,9988398134,Rajasthan,Banswara,2024-09-15
4224,Pooja Mehta,Male,36,9048482399,Delhi,New Delhi,2024-10-02
4225,Vivaan Verma,Male,53,9389818948,Maharashtra,Nagpur,2024-10-29
4226,Karan Patel,Female,28,9159826925,Maharashtra,Mumbai,2025-03-31
4227,Aarav Singh,Female,19,9398473793,Maharashtra,Pune,2025-02-20
4228,Aisha Yadav,Male,35,9536242790,Maharashtra,Mumbai,2024-03-18
4229,Rahul Jain,Male,40,9848731343,Delhi,New Delhi,2024-04-24
4230,Aman Joshi,Female,40,9678729806,Uttar Pradesh,Kanpur,2024-03-12
4231,Vikas Patel,Male,56,9030188915,Karnataka,Bengaluru,2024-08-01
4232,Aarav Yadav,Male,33,9876651743,Maharashtra,Pune,2025-05-07
4233,Rahul Verma,Female,32,9512696358,Maharashtra,Nagpur,2025-06-24
4234,Vivaan Gupta,Female,29,9707082759,Uttar Pradesh,Noida,2024-08-12
4235,Vikas Verma,Female,52,9453570093,Karnataka,Bengaluru,2024-12-23
4236,Priya Sharma,Male,38,9270415635,Karnataka,Mysuru,2025-03-06
4237,Sneha Verma,Male,47,9330766142,Delhi,New Delhi,2024-05-09
4238,Karan Singh,Female,42,9167455148,Karnataka,Mysuru,2025-01-19
4239,Pooja Patel,Female,27,9354224786,Maharashtra,Pune,2024-05-10
4240,Priya Mehta,Male,51,9823298276,Gujarat,Ahmedabad,2024-01-04
4241,Vikas Gupta,Male,37,9959789903,Karnataka,Bengaluru,2024-04-20
4242,Aditya Verma,Male,30,9056051872,Gujarat,Rajkot,2024-04-21
4243,Neha Patel,Male,42,9614232547,Maharashtra,Mumbai,2025-03-30
4244,Aisha Mehta,Female,31,9520646854,Uttar Pradesh,Noida,2024-05-30
4245,Aditya Singh,Male,55,9759571978,Rajasthan,Jaipur,2025-02-27
4246,Kavya Singh,Male,41,9936304512,Karnataka,Bengaluru,2024-02-25
4247,Sakshi Mehta,Male,41,9207925332,Maharashtra,Mumbai,2025-03-24
4248,Karan Joshi,Male,55,9305724154,Delhi,New Delhi,2024-07-13
4249,Aditya Patel,Male,41,9101851825,Karnataka,Mysuru,2024-10-05
4250,Aditya Singh,Male,32,9010503475,Maharashtra,Pune,2025-04-16
4251,Nisha Mehta,Male,43,9773437036,Maharashtra,Nagpur,2025-04-10
4252,Rohit Mehta,Female,47,9007630498,Delhi,New Delhi,2024-02-12
4253,Karan Patel,Male,58,9030740971,Rajasthan,Banswara,2024-10-15
4254,Aman Patel,Female,20,9044119342,Delhi,New Delhi,2025-04-14
4255,Deepak Gupta,Female,21,9066108557,Uttar Pradesh,Kanpur,2025-02-27
4256,Vikas Sharma,Male,25,9674600253,Rajasthan,Banswara,2025-01-15
4257,Rahul Singh,Female,59,9338958671,Karnataka,Mysuru,2025-02-24
4258,Nisha Verma,Female,36,9190175435,Rajasthan,Jaipur,2024-06-06
4259,Sakshi Joshi,Female,31,9389858800,Karnataka,Bengaluru,2024-01-21
4260,Vikas Mehta,Female,52,9166960121,Maharashtra,Nagpur,2024-07-14
4261,Aisha Kumar,Male,52,9321282684,Rajasthan,Banswara,2025-02-27
4262,Sneha Jain,Female,56,9892210570,Delhi,New Delhi,2024-04-23
4263,Riya Mehta,Female,45,9018287439,Gujarat,Rajkot,2024-04-12
4264,Vikas Kumar,Female,33,9245490320,Rajasthan,Kota,2024-10-16
4265,Nisha Kumar,Female,39,9786381650,Uttar Pradesh,Lucknow,2024-06-20
4266,Priya Singh,Female,21,9175936994,Gujarat,Rajkot,2024-11-09
4267,Kavya Singh,Male,47,9062284419,Maharashtra,Mumbai,2024-06-20
4268,Pooja Joshi,Male,53,9963136769,Uttar Pradesh,Noida,2024-01-31
4269,Deepak Joshi,Male,23,9050606112,Karnataka,Mysuru,2025-02-20
4270,Priya Verma,Female,51,9164198512,Karnataka,Bengaluru,2024-11-02
4271,Riya Singh,Female,36,9475197180,Delhi,New Delhi,2025-06-04
4272,Kavya Sharma,Male,24,9803729907,Uttar Pradesh,Lucknow,2024-09-05
4273,Nisha Gupta,Female,35,9470085556,Delhi,New Delhi,2025-01-16
4274,Aman Mehta,Male,32,9112984981,Uttar Pradesh,Noida,2024-11-12
4275,Sakshi Singh,Female,60,9760018917,Delhi,New Delhi,2024-06-14
4276,Kavya Joshi,Male,20,9343483267,Uttar Pradesh,Noida,2024-06-12
4277,Neha Kumar,Female,60,9928591513,Gujarat,Rajkot,2025-02-10
4278,Aarav Yadav,Male,24,9085785550,Karnataka,Bengaluru,2024-07-28
4279,Sneha Kumar,Female,51,9454240615,Uttar Pradesh,Lucknow,2024-01-13
4280,Rohit Verma,Male,24,9485374695,Delhi,New Delhi,2024-09-29
4281,Riya Mehta,Male,49,9423582842,Delhi,New Delhi,2024-08-16
4282,Vivaan Joshi,Female,36,9701129738,Karnataka,Mysuru,2024-06-22
4283,Aditya Kumar,Male,38,9131916055,Karnataka,Bengaluru,2024-02-14
4284,Pooja Jain,Male,27,9596056462,Karnataka,Bengaluru,2025-03-22
4285,Rohit Joshi,Male,19,9991468495,Delhi,New Delhi,2025-01-09
4286,Pooja Sharma,Male,58,9942733746,Delhi,New Delhi,2025-03-28
4287,Vikas Kumar,Male,28,9181374497,Maharashtra,Pune,2024-06-12
4288,Deepak Mehta,Male,27,9192988231,Delhi,New Delhi,2024-03-23
4289,Rahul Verma,Female,25,9459745431,Gujarat,Surat,2024-04-26
4290,Pooja Kumar,Male,19,9552307077,Gujarat,Ahmedabad,2025-04-02
4291,Vivaan Joshi,Female,24,9791380129,Rajasthan,Jaipur,2024-08-06
4292,Karan Singh,Female,40,9740207312,Gujarat,Surat,2024-07-28
4293,Aisha Mehta,Male,42,9805182619,Maharashtra,Mumbai,2024-05-09
4294,Rahul Jain,Female,33,9013056048,Uttar Pradesh,Noida,2024-11-05
4295,Aarav Singh,Male,45,9610703622,Uttar Pradesh,Lucknow,2025-01-24
4296,Sakshi Sharma,Male,39,9915309434,Uttar Pradesh,Lucknow,2025-01-17
4297,Deepak Jain,Male,51,9048753989,Gujarat,Ahmedabad,2024-04-03
4298,Anjali Joshi,Female,40,9477298426,Karnataka,Mysuru,2024-08-07
4299,Arjun Sharma,Male,30,9313207115,Rajasthan,Jaipur,2024-10-21
4300,Rohit Jain,Female,48,9553310023,Maharashtra,Pune,2024-11-18
4301,Pooja Singh,Female,52,9026390898,Maharashtra,Nagpur,2024-09-27
4302,Riya Sharma,Male,33,9426210172,Karnataka,Mysuru,2024-07-19
4303,Nisha Mehta,Female,36,9514299879,Rajasthan,Jaipur,2025-01-24
4304,Rohit Patel,Female,44,9965343118,Delhi,New Delhi,2025-02-26
4305,Aditya Joshi,Male,50,9885791969,Karnataka,Mysuru,2025-02-14
4306,Deepak Singh,Female,53,9511050113,Maharashtra,Nagpur,2024-04-15
4307,Aman Patel,Male,36,9464958926,Uttar Pradesh,Noida,2025-03-12
4308,Vikas Patel,Male,38,9289690002,Delhi,New Delhi,2024-04-23
4309,Rahul Yadav,Female,40,9648704441,Karnataka,Mysuru,2025-04-14
4310,Aisha Jain,Female,41,9532677556,Maharashtra,Nagpur,2024-12-13
4311,Arjun Joshi,Male,42,9528186787,Maharashtra,Mumbai,2025-02-12
4312,Rahul Sharma,Female,23,9851862292,Gujarat,Surat,2025-01-20
4313,Aisha Mehta,Male,31,9382678938,Maharashtra,Nagpur,2025-01-07
4314,Nisha Joshi,Male,43,9716425440,Gujarat,Surat,2025-02-01
4315,Vikas Gupta,Female,20,9314331088,Karnataka,Mysuru,2024-07-18
4316,Kavya Yadav,Male,54,9812616475,Uttar Pradesh,Lucknow,2025-03-08
4317,Priya Yadav,Male,24,9400702674,Maharashtra,Pune,2024-05-25
4318,Pooja Gupta,Female,22,9035037208,Rajasthan,Kota,2024-12-01
4319,Rahul Joshi,Male,26,9383368351,Rajasthan,Udaipur,2024-08-05
4320,Aditya Sharma,Male,55,9093142191,Maharashtra,Mumbai,2024-01-14
4321,Karan Sharma,Female,34,9083481434,Uttar Pradesh,Kanpur,2024-05-17
4322,Rohit Sharma,Male,28,9256738270,Karnataka,Mysuru,2025-02-17
4323,Deepak Sharma,Female,55,9793526043,Delhi,New Delhi,2024-07-09
4324,Vivaan Jain,Male,22,9311930407,Rajasthan,Kota,2025-02-14
4325,Pooja Gupta,Female,22,9612127601,Rajasthan,Banswara,2024-07-29
4326,Rahul Yadav,Female,35,9507211756,Rajasthan,Kota,2024-10-15
4327,Vivaan Yadav,Male,20,9135393540,Rajasthan,Jaipur,2024-05-02
4328,Aarav Jain,Female,36,9495863678,Uttar Pradesh,Lucknow,2025-06-16
4329,Rahul Yadav,Female,60,9245986739,Uttar Pradesh,Noida,2024-07-18
4330,Riya Joshi,Male,57,9961505720,Uttar Pradesh,Noida,2025-04-19
4331,Nisha Kumar,Male,54,9373135411,Gujarat,Rajkot,2024-05-09
4332,Rahul Verma,Male,53,9299240453,Uttar Pradesh,Kanpur,2024-01-23
4333,Priya Sharma,Male,46,9684564689,Rajasthan,Banswara,2024-04-27
4334,Rohit Jain,Female,39,9784617436,Karnataka,Mysuru,2024-02-25
4335,Kavya Jain,Female,42,9510772868,Karnataka,Mysuru,2024-01-03
4336,Nisha Kumar,Male,51,9585092415,Gujarat,Surat,2024-12-09
4337,Vivaan Kumar,Male,37,9667426069,Karnataka,Mysuru,2024-11-14
4338,Sakshi Gupta,Female,39,9823373555,Rajasthan,Jaipur,2024-05-09
4339,Rahul Patel,Male,38,9779545778,Rajasthan,Jaipur,2024-08-07
4340,Aman Kumar,Male,46,9381437472,Karnataka,Bengaluru,2024-07-13
4341,Neha Yadav,Male,27,9994396221,Karnataka,Mysuru,2025-04-10
4342,Nisha Gupta,Female,45,9511683636,Rajasthan,Kota,2025-05-04
4343,Kavya Patel,Male,57,9520170374,Maharashtra,Mumbai,2025-03-31
4344,Rahul Kumar,Male,31,9434552238,Delhi,New Delhi,2024-12-13
4345,Rahul Jain,Female,18,9421422110,Gujarat,Surat,2024-06-26
4346,Anjali Sharma,Male,40,9850917261,Rajasthan,Jaipur,2025-04-15
4347,Neha Mehta,Male,26,9758049379,Delhi,New Delhi,2024-10-09
4348,Pooja Gupta,Male,36,9474671686,Maharashtra,Pune,2024-08-04
4349,Kavya Mehta,Male,44,9321711043,Delhi,New Delhi,2024-10-04
4350,Rohit Jain,Female,59,9793280210,Uttar Pradesh,Noida,2024-02-23
4351,Neha Verma,Female,58,9822082146,Gujarat,Ahmedabad,2025-03-19
4352,Karan Gupta,Female,60,9270758385,Rajasthan,Kota,2024-07-03
4353,Riya Joshi,Female,54,9892413318,Karnataka,Bengaluru,2024-11-16
4354,Vivaan Joshi,Female,44,9377977168,Rajasthan,Kota,2024-02-22
4355,Rahul Joshi,Male,59,9118152356,Rajasthan,Banswara,2024-07-30
4356,Arjun Verma,Female,22,9228311989,Maharashtra,Pune,2024-08-26
4357,Riya Kumar,Male,58,9968600698,Uttar Pradesh,Lucknow,2025-04-26
4358,Aditya Kumar,Male,43,9965651254,Uttar Pradesh,Noida,2025-01-01
4359,Rohit Verma,Female,53,9142487019,Rajasthan,Banswara,2025-04-18
4360,Aarav Mehta,Male,47,9587221280,Gujarat,Rajkot,2025-02-09
4361,Kavya Verma,Female,18,9709270158,Gujarat,Ahmedabad,2024-02-08
4362,Riya Sharma,Male,36,9226956166,Maharashtra,Nagpur,2024-02-19
4363,Neha Mehta,Male,18,9029256254,Delhi,New Delhi,2024-08-01
4364,Vikas Mehta,Male,22,9259859478,Rajasthan,Banswara,2024-08-05
4365,Rohit Sharma,Male,34,9945331123,Delhi,New Delhi,2024-10-31
4366,Pooja Yadav,Female,54,9665204821,Rajasthan,Banswara,2025-01-28
4367,Arjun Kumar,Male,49,9625696228,Karnataka,Mysuru,2024-03-07
4368,Aisha Mehta,Female,25,9998981045,Gujarat,Rajkot,2025-04-14
4369,Aarav Jain,Male,41,9950432051,Gujarat,Ahmedabad,2025-06-15
4370,Arjun Sharma,Male,55,9875604902,Rajasthan,Udaipur,2024-03-17
4371,Pooja Sharma,Female,33,9663942275,Rajasthan,Kota,2024-01-04
4372,Nisha Gupta,Male,47,9849406605,Uttar Pradesh,Noida,2024-03-21
4373,Rohit Jain,Female,60,9037370268,Maharashtra,Nagpur,2024-04-01
4374,Aarav Joshi,Male,39,9010043728,Maharashtra,Pune,2024-05-17
4375,Nisha Patel,Male,41,9506643529,Uttar Pradesh,Kanpur,2024-12-14
4376,Sneha Sharma,Male,50,9355056056,Gujarat,Rajkot,2024-02-27
4377,Kavya Sharma,Female,37,9199190826,Karnataka,Mysuru,2024-07-13
4378,Sakshi Yadav,Female,60,9403994095,Uttar Pradesh,Noida,2024-04-09
4379,Aarav Jain,Female,50,9373864112,Uttar Pradesh,Kanpur,2024-01-22
4380,Aisha Patel,Male,28,9304117841,Rajasthan,Kota,2024-09-08
4381,Neha Kumar,Male,22,9654445181,Rajasthan,Kota,2025-06-13
4382,Sneha Verma,Male,22,9849241149,Rajasthan,Jaipur,2024-10-25
4383,Riya Sharma,Male,47,9634486815,Delhi,New Delhi,2024-12-09
4384,Neha Mehta,Male,34,9177559030,Uttar Pradesh,Lucknow,2024-03-08
4385,Neha Joshi,Male,24,9206305607,Karnataka,Mysuru,2024-03-29
4386,Vikas Kumar,Female,43,9197000120,Karnataka,Mysuru,2024-08-10
4387,Rohit Jain,Male,39,9397228325,Gujarat,Ahmedabad,2024-03-22
4388,Rohit Jain,Male,37,9670068235,Delhi,New Delhi,2024-05-01
4389,Deepak Patel,Male,36,9778981589,Gujarat,Ahmedabad,2024-12-10
4390,Anjali Patel,Male,36,9557956598,Uttar Pradesh,Noida,2024-07-12
4391,Aisha Mehta,Male,22,9299476534,Rajasthan,Kota,2025-01-17
4392,Kavya Mehta,Female,58,9821581887,Gujarat,Ahmedabad,2024-05-13
4393,Aditya Sharma,Female,55,9500166887,Delhi,New Delhi,2024-10-14
4394,Karan Patel,Male,21,9582576517,Maharashtra,Pune,2024-04-18
4395,Sneha Mehta,Male,53,9817348221,Maharashtra,Nagpur,2024-09-08
4396,Sakshi Kumar,Female,27,9115020271,Gujarat,Rajkot,2025-02-06
4397,Neha Kumar,Male,54,9216201067,Uttar Pradesh,Kanpur,2024-08-03
4398,Deepak Verma,Female,46,9069643403,Rajasthan,Udaipur,2025-06-13
4399,Riya Mehta,Male,22,9299838151,Rajasthan,Jaipur,2025-02-24
4400,Neha Sharma,Male,46,9307389215,Rajasthan,Banswara,2024-07-07
4401,Rahul Kumar,Male,38,9948980807,Maharashtra,Mumbai,2025-01-30
4402,Neha Patel,Female,26,9826493169,Maharashtra,Pune,2024-08-26
4403,Vikas Verma,Male,50,9273619116,Maharashtra,Nagpur,2025-01-14
4404,Deepak Gupta,Female,34,9727454402,Karnataka,Bengaluru,2024-09-05
4405,Karan Patel,Male,25,9872280902,Karnataka,Mysuru,2025-06-05
4406,Arjun Yadav,Female,39,9427931567,Gujarat,Rajkot,2024-02-26
4407,Aarav Kumar,Male,32,9871435038,Rajasthan,Udaipur,2024-03-25
4408,Anjali Sharma,Female,25,9318822769,Karnataka,Mysuru,2024-12-18
4409,Aditya Gupta,Female,22,9036639939,Rajasthan,Banswara,2024-07-23
4410,Aman Sharma,Male,26,9256260642,Uttar Pradesh,Kanpur,2025-04-14
4411,Pooja Jain,Female,33,9549691370,Delhi,New Delhi,2025-04-22
4412,Priya Kumar,Female,60,9884700807,Uttar Pradesh,Noida,2025-05-30
4413,Aman Yadav,Male,48,9358847168,Gujarat,Rajkot,2024-08-30
4414,Sakshi Sharma,Male,51,9688013740,Delhi,New Delhi,2024-06-23
4415,Kavya Singh,Male,57,9192739749,Rajasthan,Banswara,2025-01-27
4416,Aman Mehta,Female,45,9351783748,Maharashtra,Nagpur,2024-05-22
4417,Sneha Gupta,Male,58,9782089769,Karnataka,Mysuru,2024-02-18
4418,Aisha Jain,Male,37,9177285678,Karnataka,Bengaluru,2024-04-11
4419,Rohit Mehta,Male,26,9844471556,Karnataka,Mysuru,2024-12-24
4420,Aditya Yadav,Female,36,9128085682,Maharashtra,Mumbai,2024-01-24
4421,Aditya Yadav,Female,31,9217031162,Rajasthan,Kota,2025-04-02
4422,Pooja Patel,Male,41,9337853263,Maharashtra,Pune,2024-03-21
4423,Anjali Patel,Female,31,9262624097,Rajasthan,Udaipur,2024-09-09
4424,Deepak Patel,Female,30,9945767476,Gujarat,Surat,2024-08-10
4425,Aisha Gupta,Male,56,9775617760,Gujarat,Surat,2025-03-30
4426,Aman Verma,Male,38,9884126563,Delhi,New Delhi,2025-05-08
4427,Rohit Kumar,Male,27,9759562313,Delhi,New Delhi,2024-11-27
4428,Riya Mehta,Female,41,9260274971,Uttar Pradesh,Noida,2024-11-20
4429,Nisha Singh,Female,23,9972572097,Delhi,New Delhi,2024-12-19
4430,Vivaan Patel,Female,37,9861816053,Maharashtra,Pune,2024-06-15
4431,Pooja Joshi,Male,47,9035609084,Rajasthan,Udaipur,2024-05-26
4432,Priya Mehta,Female,46,9055548105,Maharashtra,Nagpur,2025-05-15
4433,Aisha Yadav,Female,35,9597864974,Maharashtra,Nagpur,2025-03-17
4434,Aman Patel,Male,34,9436525396,Karnataka,Mysuru,2024-06-04
4435,Nisha Yadav,Male,41,9468166737,Maharashtra,Mumbai,2025-02-05
4436,Rohit Verma,Female,46,9167837745,Gujarat,Ahmedabad,2024-12-07
4437,Deepak Jain,Female,37,9497532364,Uttar Pradesh,Noida,2024-05-24
4438,Kavya Sharma,Female,36,9392556785,Delhi,New Delhi,2025-05-14
4439,Kavya Yadav,Female,55,9303638480,Maharashtra,Nagpur,2024-10-09
4440,Aarav Joshi,Female,46,9342648690,Uttar Pradesh,Kanpur,2025-05-25
4441,Vikas Singh,Female,27,9916503401,Karnataka,Mysuru,2024-11-29
4442,Sneha Mehta,Male,55,9775567344,Uttar Pradesh,Noida,2024-02-15
4443,Aditya Singh,Male,42,9808735576,Rajasthan,Jaipur,2024-10-05
4444,Vivaan Joshi,Male,32,9698829317,Rajasthan,Banswara,2024-07-26
4445,Pooja Singh,Male,53,9978739325,Maharashtra,Pune,2025-04-25
4446,Vikas Mehta,Female,57,9494182393,Uttar Pradesh,Lucknow,2025-05-31
4447,Riya Yadav,Male,60,9604914078,Karnataka,Mysuru,2024-02-07
4448,Aditya Joshi,Male,21,9733715772,Delhi,New Delhi,2024-09-20
4449,Priya Gupta,Female,40,9911157553,Uttar Pradesh,Lucknow,2024-05-07
4450,Rohit Kumar,Female,50,9917162088,Rajasthan,Banswara,2024-07-12
4451,Aarav Gupta,Male,24,9734346882,Gujarat,Surat,2024-01-18
4452,Neha Sharma,Female,31,9563625379,Delhi,New Delhi,2025-01-31
4453,Anjali Yadav,Male,30,9311071702,Rajasthan,Jaipur,2025-03-26
4454,Vivaan Singh,Male,55,9903796222,Gujarat,Rajkot,2025-06-17
4455,Deepak Kumar,Female,35,9922400216,Maharashtra,Nagpur,2024-12-15
4456,Aditya Singh,Female,45,9847761864,Uttar Pradesh,Lucknow,2024-06-29
4457,Aisha Gupta,Female,25,9966214834,Karnataka,Bengaluru,2024-01-26
4458,Deepak Patel,Male,37,9337271508,Uttar Pradesh,Kanpur,2024-11-06
4459,Karan Kumar,Male,31,9666627564,Delhi,New Delhi,2024-11-13
4460,Sakshi Kumar,Female,24,9353363039,Maharashtra,Mumbai,2024-09-22
4461,Aman Mehta,Male,35,9367313767,Uttar Pradesh,Kanpur,2025-05-24
4462,Pooja Singh,Female,58,9607693893,Uttar Pradesh,Noida,2024-11-05
4463,Aisha Mehta,Female,32,9755854152,Karnataka,Bengaluru,2024-11-26
4464,Aisha Gupta,Female,54,9705649359,Maharashtra,Mumbai,2025-06-18
4465,Nisha Patel,Female,44,9310423400,Karnataka,Bengaluru,2025-05-13
4466,Sakshi Yadav,Female,24,9606807419,Uttar Pradesh,Kanpur,2024-02-11
4467,Sakshi Joshi,Male,58,9145331511,Rajasthan,Udaipur,2025-06-21
4468,Aisha Sharma,Female,37,9300957103,Karnataka,Mysuru,2025-06-04
4469,Pooja Gupta,Male,46,9150795481,Maharashtra,Nagpur,2024-07-16
4470,Anjali Sharma,Female,27,9447960000,Uttar Pradesh,Lucknow,2024-12-04
4471,Vivaan Joshi,Male,44,9341746016,Maharashtra,Nagpur,2024-09-28
4472,Aisha Kumar,Male,33,9799008785,Rajasthan,Kota,2025-06-17
4473,Deepak Patel,Male,29,9351459277,Delhi,New Delhi,2024-03-14
4474,Vikas Jain,Male,55,9538219901,Karnataka,Bengaluru,2024-07-30
4475,Riya Kumar,Male,29,9293606134,Maharashtra,Nagpur,2025-05-11
4476,Arjun Singh,Female,44,9277351397,Uttar Pradesh,Lucknow,2024-07-12
4477,Arjun Verma,Male,35,9721761929,Uttar Pradesh,Noida,2025-01-25
4478,Karan Sharma,Female,34,9743156472,Uttar Pradesh,Noida,2025-04-19
4479,Aman Verma,Male,33,9347354206,Gujarat,Ahmedabad,2024-09-29
4480,Pooja Mehta,Female,56,9114279462,Delhi,New Delhi,2024-02-07
4481,Sneha Gupta,Female,29,9156271662,Uttar Pradesh,Lucknow,2024-08-04
4482,Aman Sharma,Female,32,9061414669,Gujarat,Ahmedabad,2024-11-01
4483,Nisha Verma,Male,43,9322522635,Karnataka,Mysuru,2025-03-07
4484,Neha Singh,Male,51,9593023973,Rajasthan,Kota,2024-10-17
4485,Karan Sharma,Male,47,9964022464,Gujarat,Ahmedabad,2024-03-06
4486,Aarav Singh,Male,54,9162815585,Karnataka,Bengaluru,2025-05-05
4487,Sneha Verma,Male,40,9182598707,Maharashtra,Nagpur,2024-11-26
4488,Vivaan Jain,Male,54,9720709931,Gujarat,Ahmedabad,2024-05-09
4489,Rahul Mehta,Female,41,9117988718,Maharashtra,Mumbai,2024-06-19
4490,Nisha Mehta,Female,43,9552230746,Uttar Pradesh,Lucknow,2024-04-14
4491,Sneha Joshi,Female,22,9129242058,Gujarat,Surat,2025-02-18
4492,Aman Sharma,Male,45,9104198474,Gujarat,Surat,2024-10-21
4493,Aman Patel,Male,38,9471477540,Karnataka,Bengaluru,2024-12-19
4494,Pooja Patel,Male,47,9080442735,Delhi,New Delhi,2024-04-09
4495,Sneha Yadav,Female,24,9490597323,Maharashtra,Pune,2024-04-26
4496,Arjun Mehta,Female,54,9060649277,Karnataka,Bengaluru,2024-05-03
4497,Sakshi Gupta,Male,59,9480973565,Karnataka,Bengaluru,2024-12-08
4498,Rohit Sharma,Male,30,9991058970,Maharashtra,Nagpur,2024-09-16
4499,Vikas Verma,Female,27,9864650259,Gujarat,Ahmedabad,2024-06-17
4500,Deepak Jain,Male,39,9555022423,Karnataka,Bengaluru,2025-04-04
4501,Sakshi Jain,Female,59,9291583122,Karnataka,Mysuru,2024-12-01
4502,Aditya Gupta,Male,21,9275604332,Rajasthan,Banswara,2024-01-17
4503,Pooja Singh,Male,56,9196132448,Maharashtra,Pune,2024-03-25
4504,Riya Jain,Female,19,9866558496,Uttar Pradesh,Lucknow,2025-03-30
4505,Neha Joshi,Male,58,9809429163,Gujarat,Surat,2024-04-06
4506,Kavya Jain,Male,29,9054677903,Delhi,New Delhi,2024-04-19
4507,Anjali Gupta,Male,54,9426104262,Maharashtra,Nagpur,2025-06-17
4508,Anjali Joshi,Female,49,9887683782,Delhi,New Delhi,2025-04-16
4509,Kavya Verma,Male,50,9775006359,Karnataka,Bengaluru,2024-10-22
4510,Rohit Joshi,Male,47,9865727074,Karnataka,Bengaluru,2024-07-18
4511,Rahul Joshi,Male,56,9904081575,Delhi,New Delhi,2024-07-23
4512,Aisha Mehta,Male,36,9195458838,Gujarat,Surat,2025-04-10
4513,Aisha Verma,Female,38,9383799670,Delhi,New Delhi,2024-01-11
4514,Deepak Mehta,Female,41,9430979033,Uttar Pradesh,Noida,2024-11-29
4515,Vikas Sharma,Female,42,9012654163,Karnataka,Mysuru,2024-02-29
4516,Kavya Gupta,Male,48,9337764657,Maharashtra,Nagpur,2024-06-01
4517,Rahul Joshi,Female,56,9060419857,Gujarat,Surat,2025-04-12
4518,Nisha Gupta,Female,24,9230484561,Rajasthan,Jaipur,2024-10-26
4519,Pooja Patel,Male,39,9543591980,Maharashtra,Nagpur,2025-01-26
4520,Karan Yadav,Male,30,9556068248,Karnataka,Bengaluru,2024-10-10
4521,Pooja Yadav,Male,29,9613172949,Maharashtra,Mumbai,2024-08-18
4522,Sakshi Verma,Female,53,9230518378,Maharashtra,Mumbai,2024-09-12
4523,Aman Mehta,Female,44,9078371216,Delhi,New Delhi,2025-03-19
4524,Deepak Gupta,Female,18,9289097172,Maharashtra,Mumbai,2024-12-28
4525,Kavya Joshi,Male,53,9378751651,Rajasthan,Jaipur,2024-06-14
4526,Kavya Singh,Male,29,9195006395,Gujarat,Rajkot,2024-08-05
4527,Sneha Mehta,Male,30,9626955745,Uttar Pradesh,Lucknow,2024-01-24
4528,Rohit Mehta,Male,46,9506193871,Delhi,New Delhi,2025-03-23
4529,Anjali Yadav,Female,38,9129323911,Gujarat,Ahmedabad,2025-05-21
4530,Nisha Jain,Female,42,9603572773,Uttar Pradesh,Kanpur,2025-01-10
4531,Vivaan Patel,Male,37,9276836319,Rajasthan,Banswara,2024-08-06
4532,Deepak Joshi,Female,22,9184968134,Gujarat,Ahmedabad,2024-11-29
4533,Arjun Joshi,Male,22,9172129037,Delhi,New Delhi,2024-02-09
4534,Rohit Joshi,Male,50,9062990210,Delhi,New Delhi,2024-08-26
4535,Vivaan Yadav,Male,26,9690878499,Karnataka,Bengaluru,2024-03-17
4536,Rahul Kumar,Female,20,9862059166,Gujarat,Rajkot,2024-12-21
4537,Rahul Jain,Male,59,9733721256,Karnataka,Mysuru,2025-03-31
4538,Karan Singh,Female,31,9730148919,Maharashtra,Nagpur,2024-04-27
4539,Nisha Mehta,Female,57,9410100777,Uttar Pradesh,Kanpur,2024-06-10
4540,Anjali Joshi,Male,30,9506434258,Rajasthan,Kota,2025-05-13
4541,Riya Gupta,Male,33,9300428854,Uttar Pradesh,Noida,2025-02-10
4542,Aisha Verma,Female,53,9430786434,Maharashtra,Pune,2025-05-11
4543,Deepak Joshi,Male,50,9947676957,Karnataka,Bengaluru,2024-04-06
4544,Pooja Gupta,Male,32,9117946565,Maharashtra,Mumbai,2025-01-15
4545,Vikas Patel,Female,24,9109951481,Rajasthan,Jaipur,2025-05-02
4546,Pooja Mehta,Male,49,9009658187,Uttar Pradesh,Noida,2025-01-09
4547,Nisha Joshi,Male,39,9732223974,Uttar Pradesh,Kanpur,2025-04-22
4548,Arjun Kumar,Female,26,9480255974,Rajasthan,Kota,2024-04-21
4549,Sakshi Kumar,Female,21,9017237924,Uttar Pradesh,Lucknow,2025-04-14
4550,Priya Singh,Female,21,9198817191,Maharashtra,Mumbai,2024-04-16
4551,Kavya Mehta,Female,53,9213225198,Karnataka,Mysuru,2024-11-12
4552,Sakshi Kumar,Female,20,9184661572,Uttar Pradesh,Lucknow,2024-07-30
4553,Deepak Yadav,Female,26,9200111088,Karnataka,Bengaluru,2024-11-01
4554,Aisha Yadav,Male,19,9057783559,Gujarat,Rajkot,2024-02-15
4555,Sneha Patel,Female,49,9166723100,Karnataka,Mysuru,2024-05-18
4556,Neha Joshi,Female,45,9188949157,Maharashtra,Mumbai,2024-12-20
4557,Vivaan Verma,Male,46,9757017651,Uttar Pradesh,Lucknow,2025-05-07
4558,Rohit Patel,Female,26,9374246126,Maharashtra,Pune,2024-03-18
4559,Deepak Mehta,Male,32,9422919120,Maharashtra,Pune,2024-11-23
4560,Rohit Gupta,Female,24,9667068677,Gujarat,Surat,2024-07-28
4561,Rahul Verma,Female,55,9145030701,Maharashtra,Mumbai,2024-05-29
4562,Rohit Gupta,Male,19,9226301746,Gujarat,Rajkot,2025-02-22
4563,Aisha Sharma,Male,46,9125920245,Maharashtra,Mumbai,2024-09-21
4564,Karan Kumar,Male,28,9758560992,Maharashtra,Nagpur,2024-06-27
4565,Arjun Gupta,Male,55,9578452170,Gujarat,Rajkot,2024-06-02
4566,Aditya Yadav,Male,41,9082721062,Gujarat,Rajkot,2025-02-19
4567,Rohit Kumar,Male,48,9139985432,Maharashtra,Mumbai,2024-04-08
4568,Vikas Verma,Female,26,9404476615,Uttar Pradesh,Lucknow,2025-06-05
4569,Aarav Gupta,Female,60,9388624056,Gujarat,Rajkot,2024-12-08
4570,Rohit Patel,Male,53,9520731711,Rajasthan,Jaipur,2024-09-15
4571,Aditya Singh,Male,21,9632129728,Karnataka,Mysuru,2025-06-05
4572,Aisha Jain,Female,43,9507505898,Rajasthan,Jaipur,2024-03-16
4573,Arjun Joshi,Male,26,9090694006,Karnataka,Mysuru,2024-04-21
4574,Aman Mehta,Female,19,9916919371,Maharashtra,Mumbai,2024-08-01
4575,Aditya Singh,Male,48,9095477430,Rajasthan,Kota,2024-02-21
4576,Priya Jain,Male,55,9736357563,Delhi,New Delhi,2025-02-03
4577,Aarav Mehta,Male,21,9613688812,Delhi,New Delhi,2024-10-20
4578,Nisha Gupta,Female,43,9696436211,Karnataka,Mysuru,2024-02-03
4579,Aisha Kumar,Female,51,9676451230,Uttar Pradesh,Lucknow,2024-12-06
4580,Neha Mehta,Male,21,9679981133,Karnataka,Mysuru,2024-09-08
4581,Vikas Yadav,Male,38,9239954519,Delhi,New Delhi,2024-07-18
4582,Arjun Joshi,Male,58,9856114165,Uttar Pradesh,Kanpur,2025-03-01
4583,Aarav Patel,Male,23,9104452786,Uttar Pradesh,Kanpur,2024-10-04
4584,Rohit Patel,Male,23,9382933363,Rajasthan,Udaipur,2024-08-07
4585,Sneha Jain,Male,35,9349092387,Rajasthan,Kota,2024-06-26
4586,Karan Yadav,Male,20,9964309511,Rajasthan,Banswara,2025-03-12
4587,Vivaan Mehta,Female,54,9224908277,Maharashtra,Nagpur,2024-05-10
4588,Aman Joshi,Female,24,9210910761,Karnataka,Mysuru,2024-08-02
4589,Aisha Sharma,Male,25,9987546414,Uttar Pradesh,Lucknow,2024-12-26
4590,Sakshi Patel,Male,52,9015013233,Karnataka,Mysuru,2024-04-30
4591,Priya Verma,Female,30,9351061733,Delhi,New Delhi,2024-04-10
4592,Vikas Patel,Male,22,9951596290,Karnataka,Bengaluru,2024-07-04
4593,Priya Gupta,Female,47,9398859736,Rajasthan,Udaipur,2024-04-07
4594,Rohit Sharma,Female,52,9922605839,Uttar Pradesh,Noida,2024-10-26
4595,Aarav Gupta,Male,57,9068426558,Delhi,New Delhi,2024-02-29
4596,Kavya Jain,Female,50,9250413070,Rajasthan,Kota,2024-03-17
4597,Vivaan Gupta,Female,40,9354221226,Rajasthan,Kota,2024-12-13
4598,Aman Yadav,Female,28,9139763899,Karnataka,Bengaluru,2024-11-10
4599,Anjali Kumar,Female,30,9646514078,Delhi,New Delhi,2025-06-09
4600,Arjun Singh,Female,34,9470424159,Maharashtra,Pune,2024-05-16
4601,Aisha Singh,Female,50,9131322508,Uttar Pradesh,Kanpur,2024-12-24
4602,Aman Jain,Female,44,9980346136,Uttar Pradesh,Noida,2025-02-26
4603,Aditya Kumar,Male,33,9713291121,Rajasthan,Udaipur,2024-12-01
4604,Neha Joshi,Male,26,9696523998,Rajasthan,Jaipur,2025-02-15
4605,Deepak Mehta,Female,19,9179056767,Gujarat,Ahmedabad,2025-05-01
4606,Sneha Singh,Male,30,9532652342,Rajasthan,Jaipur,2024-11-15
4607,Anjali Kumar,Male,19,9283770503,Delhi,New Delhi,2025-04-17
4608,Aarav Kumar,Male,52,9003925085,Maharashtra,Mumbai,2024-05-31
4609,Neha Yadav,Female,22,9943090593,Maharashtra,Mumbai,2025-06-21
4610,Riya Jain,Male,38,9394964271,Gujarat,Rajkot,2025-01-04
4611,Neha Mehta,Male,30,9519933852,Karnataka,Mysuru,2024-01-25
4612,Sneha Sharma,Female,35,9790466033,Gujarat,Ahmedabad,2025-01-07
4613,Aisha Kumar,Female,32,9216336948,Karnataka,Mysuru,2024-01-20
4614,Sneha Singh,Female,37,9995913918,Uttar Pradesh,Kanpur,2025-05-01
4615,Nisha Kumar,Male,43,9395886938,Delhi,New Delhi,2024-12-17
4616,Rohit Yadav,Male,41,9521393629,Maharashtra,Nagpur,2024-03-20
4617,Nisha Verma,Female,20,9839129996,Karnataka,Bengaluru,2025-04-07
4618,Pooja Mehta,Female,29,9722188024,Rajasthan,Jaipur,2024-11-18
4619,Neha Gupta,Female,29,9693113163,Delhi,New Delhi,2025-06-03
4620,Sakshi Verma,Female,59,9701749426,Gujarat,Rajkot,2025-06-10
4621,Neha Gupta,Male,34,9999316166,Rajasthan,Jaipur,2024-10-07
4622,Aditya Singh,Male,52,9040560666,Maharashtra,Nagpur,2025-04-24
4623,Sakshi Gupta,Male,20,9216217889,Maharashtra,Pune,2024-06-14
4624,Priya Singh,Female,30,9258601965,Delhi,New Delhi,2025-01-26
4625,Riya Joshi,Male,46,9685232526,Maharashtra,Mumbai,2024-02-03
4626,Nisha Yadav,Female,36,9115383036,Karnataka,Mysuru,2024-05-18
4627,Priya Patel,Male,22,9963421172,Karnataka,Mysuru,2024-07-13
4628,Aarav Joshi,Male,37,9049112416,Delhi,New Delhi,2024-08-25
4629,Rohit Gupta,Male,20,9389175020,Rajasthan,Banswara,2025-06-05
4630,Aisha Verma,Male,40,9355147143,Rajasthan,Udaipur,2025-01-10
4631,Pooja Verma,Male,52,9359228905,Delhi,New Delhi,2025-03-29
4632,Nisha Yadav,Male,45,9818715241,Delhi,New Delhi,2024-12-10
4633,Sakshi Jain,Female,60,9511576391,Delhi,New Delhi,2025-04-26
4634,Karan Joshi,Male,57,9277731745,Karnataka,Mysuru,2024-01-13
4635,Kavya Jain,Male,39,9781282087,Karnataka,Bengaluru,2025-03-27
4636,Aisha Singh,Female,36,9449144444,Rajasthan,Banswara,2024-06-18
4637,Sakshi Gupta,Male,21,9346944765,Maharashtra,Pune,2024-06-03
4638,Rahul Mehta,Male,31,9550707255,Rajasthan,Banswara,2025-05-10
4639,Sneha Gupta,Male,41,9100988797,Uttar Pradesh,Lucknow,2024-06-23
4640,Vikas Sharma,Female,39,9765353831,Maharashtra,Pune,2024-01-02
4641,Vikas Joshi,Male,28,9931306256,Delhi,New Delhi,2024-03-30
4642,Rohit Kumar,Male,54,9960633711,Karnataka,Bengaluru,2024-09-21
4643,Sneha Sharma,Female,35,9445975576,Gujarat,Surat,2024-11-23
4644,Riya Sharma,Female,46,9315449244,Karnataka,Mysuru,2024-09-05
4645,Sakshi Verma,Male,37,9866033564,Karnataka,Mysuru,2025-04-02
4646,Sneha Singh,Male,42,9878865337,Uttar Pradesh,Kanpur,2024-04-04
4647,Riya Mehta,Male,23,9158920120,Karnataka,Mysuru,2025-05-11
4648,Nisha Sharma,Female,19,9030839179,Delhi,New Delhi,2025-06-09
4649,Vivaan Mehta,Female,36,9011125161,Rajasthan,Banswara,2024-07-06
4650,Anjali Yadav,Female,23,9113253713,Gujarat,Surat,2024-08-25
4651,Priya Singh,Male,37,9987569152,Maharashtra,Nagpur,2024-05-13
4652,Aisha Singh,Male,49,9837820607,Delhi,New Delhi,2025-03-10
4653,Karan Kumar,Male,29,9785422494,Delhi,New Delhi,2024-06-25
4654,Sakshi Sharma,Male,25,9673836714,Delhi,New Delhi,2024-06-04
4655,Aman Yadav,Female,38,9965724977,Gujarat,Ahmedabad,2024-09-02
4656,Arjun Yadav,Male,39,9186721152,Gujarat,Ahmedabad,2024-05-16
4657,Rohit Patel,Male,48,9067730675,Karnataka,Bengaluru,2024-08-28
4658,Arjun Kumar,Female,48,9822110313,Maharashtra,Nagpur,2025-05-09
4659,Rohit Singh,Female,28,9793436505,Gujarat,Ahmedabad,2025-02-08
4660,Vivaan Kumar,Male,55,9507246803,Gujarat,Ahmedabad,2024-04-16
4661,Neha Joshi,Female,25,9949116448,Delhi,New Delhi,2024-09-02
4662,Aditya Jain,Female,39,9714470623,Maharashtra,Mumbai,2024-10-21
4663,Rahul Verma,Male,33,9732270046,Delhi,New Delhi,2024-09-26
4664,Kavya Gupta,Male,50,9533564788,Maharashtra,Pune,2024-09-13
4665,Aisha Jain,Male,22,9742641233,Gujarat,Surat,2024-09-03
4666,Aman Jain,Female,18,9068258325,Karnataka,Mysuru,2024-10-08
4667,Deepak Mehta,Female,43,9629239699,Gujarat,Surat,2025-04-17
4668,Anjali Sharma,Male,52,9960627609,Rajasthan,Kota,2024-12-30
4669,Aarav Yadav,Male,57,9259425507,Maharashtra,Mumbai,2024-05-23
4670,Aditya Jain,Female,45,9033363922,Karnataka,Bengaluru,2024-10-27
4671,Neha Kumar,Female,18,9936957834,Karnataka,Mysuru,2024-03-21
4672,Nisha Singh,Female,20,9180362997,Maharashtra,Pune,2025-01-22
4673,Neha Sharma,Female,47,9288923303,Karnataka,Bengaluru,2024-01-30
4674,Aarav Gupta,Male,55,9197462680,Rajasthan,Jaipur,2025-03-23
4675,Sakshi Verma,Female,21,9468751640,Rajasthan,Kota,2024-12-24
4676,Rahul Verma,Female,36,9836309476,Maharashtra,Mumbai,2024-02-03
4677,Vikas Kumar,Female,58,9247242406,Karnataka,Bengaluru,2025-03-01
4678,Sakshi Joshi,Female,45,9797242751,Delhi,New Delhi,2025-01-14
4679,Priya Singh,Female,30,9107084422,Rajasthan,Udaipur,2025-02-04
4680,Deepak Yadav,Female,20,9511088556,Maharashtra,Pune,2025-05-22
4681,Anjali Joshi,Male,26,9449759257,Karnataka,Bengaluru,2024-04-15
4682,Priya Jain,Male,49,9565779796,Rajasthan,Kota,2024-01-30
4683,Rohit Singh,Female,23,9581075015,Gujarat,Surat,2025-05-25
4684,Sakshi Gupta,Male,22,9782209283,Karnataka,Bengaluru,2024-06-14
4685,Neha Patel,Female,32,9516763022,Karnataka,Bengaluru,2025-02-07
4686,Karan Mehta,Male,18,9575143869,Uttar Pradesh,Noida,2024-10-05
4687,Rohit Joshi,Male,36,9285305591,Rajasthan,Udaipur,2025-01-16
4688,Vikas Kumar,Male,47,9489010571,Karnataka,Bengaluru,2025-04-10
4689,Priya Mehta,Male,59,9462746129,Uttar Pradesh,Noida,2024-10-09
4690,Sakshi Jain,Male,34,9815206195,Maharashtra,Mumbai,2024-12-18
4691,Deepak Sharma,Female,27,9382409879,Rajasthan,Kota,2024-04-28
4692,Aman Gupta,Female,32,9607362479,Uttar Pradesh,Lucknow,2024-12-20
4693,Sakshi Gupta,Female,33,9962022983,Rajasthan,Udaipur,2024-12-17
4694,Neha Mehta,Male,38,9779234923,Rajasthan,Banswara,2024-06-09
4695,Anjali Yadav,Male,44,9946773182,Maharashtra,Nagpur,2025-05-17
4696,Kavya Mehta,Male,52,9593018355,Gujarat,Ahmedabad,2025-02-02
4697,Aditya Joshi,Female,51,9012612481,Karnataka,Bengaluru,2025-04-08
4698,Arjun Verma,Female,53,9382714494,Delhi,New Delhi,2024-01-22
4699,Aman Patel,Female,46,9191207392,Maharashtra,Mumbai,2025-01-30
4700,Aditya Mehta,Female,30,9394506204,Rajasthan,Udaipur,2024-02-20
4701,Karan Singh,Male,22,9912599893,Rajasthan,Jaipur,2025-01-22
4702,Aman Patel,Male,49,9306341921,Gujarat,Rajkot,2024-03-12
4703,Aisha Gupta,Male,28,9043310276,Rajasthan,Banswara,2025-06-08
4704,Priya Kumar,Male,19,9526008355,Karnataka,Mysuru,2024-09-01
4705,Arjun Mehta,Female,19,9876953273,Rajasthan,Jaipur,2024-03-20
4706,Anjali Joshi,Female,48,9651614778,Delhi,New Delhi,2025-02-13
4707,Vikas Sharma,Female,51,9167573204,Uttar Pradesh,Noida,2024-03-16
4708,Sakshi Gupta,Male,57,9070862752,Rajasthan,Jaipur,2024-07-21
4709,Rohit Joshi,Female,41,9973126045,Delhi,New Delhi,2025-01-08
4710,Anjali Verma,Male,52,9682189109,Gujarat,Ahmedabad,2024-07-17
4711,Vivaan Singh,Female,30,9109123068,Gujarat,Surat,2024-07-11
4712,Vivaan Patel,Female,32,9270744874,Rajasthan,Kota,2025-05-26
4713,Deepak Mehta,Female,26,9077948931,Gujarat,Ahmedabad,2024-05-11
4714,Pooja Patel,Female,60,9696441433,Delhi,New Delhi,2025-03-22
4715,Neha Joshi,Male,43,9103250439,Uttar Pradesh,Lucknow,2024-06-15
4716,Vivaan Verma,Female,52,9970048549,Rajasthan,Kota,2024-09-13
4717,Aarav Yadav,Female,35,9972395186,Delhi,New Delhi,2024-03-05
4718,Sneha Yadav,Female,25,9348664128,Karnataka,Bengaluru,2024-03-28
4719,Rahul Patel,Male,55,9524764351,Maharashtra,Nagpur,2025-02-19
4720,Rahul Jain,Female,50,9054023595,Delhi,New Delhi,2025-05-06
4721,Aditya Yadav,Female,33,9450250801,Delhi,New Delhi,2024-05-28
4722,Neha Joshi,Female,19,9802365398,Karnataka,Bengaluru,2024-12-17
4723,Aisha Patel,Female,19,9153225870,Gujarat,Rajkot,2024-02-22
4724,Rohit Mehta,Female,53,9560142847,Karnataka,Bengaluru,2024-02-14
4725,Rahul Verma,Male,27,9699381175,Karnataka,Bengaluru,2025-03-06
4726,Aarav Mehta,Male,59,9586188389,Rajasthan,Udaipur,2024-08-14
4727,Aditya Kumar,Male,36,9474633707,Uttar Pradesh,Kanpur,2025-01-04
4728,Vivaan Joshi,Male,45,9442203560,Maharashtra,Mumbai,2024-11-25
4729,Sneha Sharma,Female,44,9721057444,Rajasthan,Kota,2024-09-27
4730,Deepak Yadav,Female,36,9354129401,Rajasthan,Jaipur,2025-02-17
4731,Anjali Verma,Male,42,9697463554,Rajasthan,Banswara,2025-04-05
4732,Nisha Singh,Male,19,9454178593,Rajasthan,Kota,2025-04-13
4733,Vikas Mehta,Female,50,9758747442,Karnataka,Mysuru,2024-02-04
4734,Kavya Mehta,Female,48,9936524455,Rajasthan,Jaipur,2024-08-18
4735,Kavya Jain,Female,26,9869686875,Karnataka,Bengaluru,2024-04-10
4736,Aisha Yadav,Female,58,9563784633,Karnataka,Bengaluru,2025-02-14
4737,Kavya Verma,Female,49,9349996256,Rajasthan,Jaipur,2025-06-24
4738,Sakshi Singh,Female,42,9089899459,Karnataka,Bengaluru,2024-05-04
4739,Vivaan Mehta,Male,28,9133141663,Maharashtra,Mumbai,2024-12-03
4740,Vikas Joshi,Male,30,9947296418,Karnataka,Mysuru,2024-04-26
4741,Aarav Singh,Female,45,9683574199,Karnataka,Mysuru,2024-03-22
4742,Aman Sharma,Male,54,9051300661,Maharashtra,Mumbai,2025-03-22
4743,Neha Mehta,Male,25,9750307507,Maharashtra,Mumbai,2024-02-26
4744,Rahul Jain,Male,56,9151791497,Uttar Pradesh,Noida,2024-03-07
4745,Aman Mehta,Male,42,9405008355,Gujarat,Ahmedabad,2024-05-27
4746,Priya Patel,Female,49,9994310745,Rajasthan,Udaipur,2024-10-08
4747,Rahul Kumar,Male,41,9340033860,Maharashtra,Pune,2024-06-21
4748,Sneha Patel,Female,47,9612133909,Maharashtra,Pune,2024-03-16
4749,Anjali Singh,Male,23,9251038666,Delhi,New Delhi,2025-04-08
4750,Sneha Jain,Male,53,9086075040,Maharashtra,Nagpur,2024-07-02
4751,Vikas Yadav,Male,35,9920299847,Rajasthan,Banswara,2025-01-18
4752,Rohit Singh,Male,42,9176793693,Karnataka,Bengaluru,2024-06-01
4753,Deepak Gupta,Male,41,9764758053,Maharashtra,Pune,2024-01-11
4754,Aman Kumar,Female,19,9602700291,Karnataka,Bengaluru,2024-10-30
4755,Deepak Kumar,Male,39,9174597003,Gujarat,Surat,2024-05-24
4756,Aarav Verma,Male,36,9430418563,Maharashtra,Nagpur,2024-02-02
4757,Vikas Patel,Male,49,9141490555,Rajasthan,Udaipur,2025-02-27
4758,Anjali Jain,Female,51,9510739487,Karnataka,Mysuru,2025-03-13
4759,Anjali Sharma,Female,58,9299380383,Rajasthan,Jaipur,2024-01-03
4760,Aditya Jain,Male,60,9866139817,Gujarat,Surat,2024-11-25
4761,Nisha Kumar,Female,31,9207044986,Rajasthan,Kota,2024-06-04
4762,Kavya Mehta,Female,27,9295902136,Uttar Pradesh,Kanpur,2025-01-15
4763,Aarav Kumar,Male,31,9001532321,Rajasthan,Banswara,2024-06-28
4764,Kavya Jain,Male,19,9923436373,Gujarat,Ahmedabad,2024-11-13
4765,Aarav Gupta,Female,24,9170208044,Rajasthan,Kota,2024-06-12
4766,Kavya Patel,Male,53,9083189487,Karnataka,Bengaluru,2025-03-16
4767,Kavya Yadav,Male,45,9902993839,Maharashtra,Mumbai,2024-12-02
4768,Aarav Kumar,Female,34,9911454233,Rajasthan,Kota,2025-04-25
4769,Sakshi Joshi,Male,20,9079861863,Gujarat,Ahmedabad,2024-03-08
4770,Kavya Patel,Male,37,9936124751,Uttar Pradesh,Noida,2024-09-20
4771,Sneha Singh,Female,43,9117391876,Uttar Pradesh,Lucknow,2024-09-15
4772,Aarav Singh,Male,26,9659992191,Uttar Pradesh,Noida,2024-08-01
4773,Vikas Gupta,Female,46,9052920536,Delhi,New Delhi,2024-01-14
4774,Vivaan Kumar,Male,48,9083551387,Maharashtra,Mumbai,2024-03-18
4775,Aarav Singh,Female,35,9541645506,Delhi,New Delhi,2024-10-11
4776,Neha Gupta,Female,39,9394732253,Delhi,New Delhi,2025-01-30
4777,Rahul Gupta,Female,23,9522846442,Karnataka,Bengaluru,2024-06-14
4778,Rohit Verma,Male,52,9870044520,Karnataka,Bengaluru,2025-02-09
4779,Sneha Yadav,Male,48,9923540540,Delhi,New Delhi,2024-09-12
4780,Riya Gupta,Female,32,9098933935,Uttar Pradesh,Lucknow,2024-06-18
4781,Rohit Mehta,Female,56,9128113485,Maharashtra,Nagpur,2024-09-17
4782,Aditya Jain,Female,42,9073990122,Gujarat,Ahmedabad,2024-06-24
4783,Aisha Sharma,Male,40,9278587586,Rajasthan,Banswara,2024-07-26
4784,Sneha Joshi,Male,41,9579467479,Maharashtra,Mumbai,2024-09-30
4785,Aarav Singh,Male,47,9305790655,Karnataka,Mysuru,2024-02-19
4786,Deepak Singh,Male,32,9133430921,Delhi,New Delhi,2024-08-18
4787,Neha Patel,Female,25,9415908878,Rajasthan,Banswara,2024-06-09
4788,Aisha Patel,Male,33,9955670124,Delhi,New Delhi,2024-09-30
4789,Sneha Verma,Female,48,9757320577,Delhi,New Delhi,2025-04-14
4790,Nisha Singh,Female,53,9445147497,Gujarat,Surat,2024-10-21
4791,Aarav Jain,Male,36,9703687445,Uttar Pradesh,Noida,2025-06-05
4792,Neha Mehta,Female,57,9935258599,Maharashtra,Mumbai,2024-08-14
4793,Anjali Verma,Male,46,9213199684,Rajasthan,Jaipur,2024-03-17
4794,Aditya Singh,Male,54,9874642090,Uttar Pradesh,Kanpur,2024-08-10
4795,Riya Patel,Male,37,9666451617,Uttar Pradesh,Kanpur,2024-03-05
4796,Arjun Singh,Female,24,9345979340,Uttar Pradesh,Kanpur,2024-11-19
4797,Rahul Patel,Female,60,9882938649,Rajasthan,Udaipur,2024-06-04
4798,Pooja Patel,Female,35,9210613349,Karnataka,Mysuru,2025-05-16
4799,Neha Verma,Male,21,9333897003,Gujarat,Rajkot,2024-03-21
4800,Aarav Joshi,Male,31,9640716796,Rajasthan,Kota,2024-05-01
4801,Aisha Gupta,Female,52,9920681536,Uttar Pradesh,Lucknow,2024-08-04
4802,Karan Jain,Female,28,9090647913,Gujarat,Ahmedabad,2025-03-27
4803,Riya Patel,Female,54,9175922744,Uttar Pradesh,Noida,2024-11-23
4804,Vikas Verma,Female,34,9571794542,Uttar Pradesh,Lucknow,2024-08-27
4805,Rahul Verma,Female,33,9806755996,Karnataka,Bengaluru,2025-06-11
4806,Priya Verma,Female,57,9637412567,Karnataka,Bengaluru,2024-06-23
4807,Anjali Verma,Female,47,9168114853,Rajasthan,Banswara,2024-08-20
4808,Anjali Yadav,Female,33,9355065594,Karnataka,Bengaluru,2024-03-13
4809,Aman Yadav,Male,28,9714184150,Gujarat,Ahmedabad,2025-05-20
4810,Nisha Verma,Female,47,9217852589,Uttar Pradesh,Noida,2024-08-28
4811,Sneha Jain,Female,48,9692687884,Uttar Pradesh,Lucknow,2025-02-16
4812,Arjun Verma,Male,46,9405781339,Maharashtra,Mumbai,2025-06-14
4813,Vivaan Mehta,Male,49,9881545847,Rajasthan,Banswara,2024-09-02
4814,Pooja Singh,Female,38,9919156837,Uttar Pradesh,Kanpur,2024-12-09
4815,Aisha Kumar,Male,31,9767624066,Karnataka,Bengaluru,2024-07-14
4816,Rahul Gupta,Male,52,9380644163,Maharashtra,Pune,2024-09-30
4817,Pooja Kumar,Female,19,9995990609,Uttar Pradesh,Kanpur,2024-03-17
4818,Aarav Jain,Male,21,9424865650,Maharashtra,Nagpur,2024-01-04
4819,Vivaan Patel,Male,43,9943978011,Maharashtra,Pune,2025-02-04
4820,Aditya Singh,Male,36,9302960810,Delhi,New Delhi,2024-02-29
4821,Karan Jain,Female,34,9674218862,Karnataka,Bengaluru,2024-03-11
4822,Vikas Yadav,Female,25,9000735048,Gujarat,Surat,2025-05-04
4823,Karan Singh,Male,52,9783663577,Uttar Pradesh,Lucknow,2024-01-24
4824,Rohit Patel,Male,46,9752748355,Delhi,New Delhi,2025-06-15
4825,Priya Verma,Female,51,9773349449,Maharashtra,Mumbai,2024-10-30
4826,Kavya Yadav,Male,36,9854869670,Uttar Pradesh,Kanpur,2024-01-15
4827,Pooja Singh,Male,36,9647797561,Karnataka,Bengaluru,2024-01-10
4828,Aisha Verma,Male,41,9700356305,Maharashtra,Nagpur,2025-01-15
4829,Sakshi Jain,Male,56,9875056795,Delhi,New Delhi,2024-06-03
4830,Rahul Mehta,Female,51,9283838191,Maharashtra,Nagpur,2024-03-16
4831,Vikas Joshi,Male,49,9578972781,Maharashtra,Mumbai,2025-01-13
4832,Vivaan Patel,Female,46,9257600284,Uttar Pradesh,Kanpur,2025-03-16
4833,Rahul Singh,Female,29,9202341227,Gujarat,Rajkot,2025-01-21
4834,Riya Mehta,Male,53,9552786240,Uttar Pradesh,Noida,2025-05-30
4835,Aman Jain,Male,46,9915823790,Uttar Pradesh,Kanpur,2024-01-09
4836,Sneha Singh,Female,18,9026309317,Karnataka,Mysuru,2024-04-11
4837,Aisha Gupta,Male,41,9104915379,Delhi,New Delhi,2025-05-04
4838,Sakshi Joshi,Female,55,9081215850,Delhi,New Delhi,2025-04-02
4839,Aditya Singh,Female,33,9451570580,Rajasthan,Udaipur,2024-01-03
4840,Nisha Mehta,Male,32,9579294861,Gujarat,Surat,2025-05-24
4841,Riya Mehta,Male,36,9623722255,Rajasthan,Udaipur,2024-04-22
4842,Arjun Singh,Female,58,9173267681,Karnataka,Mysuru,2024-09-17
4843,Aarav Singh,Male,26,9353837628,Delhi,New Delhi,2025-01-17
4844,Pooja Singh,Female,19,9066988662,Rajasthan,Banswara,2025-01-07
4845,Kavya Joshi,Female,38,9579475023,Gujarat,Ahmedabad,2025-05-20
4846,Aman Gupta,Female,39,9652832046,Maharashtra,Nagpur,2024-09-03
4847,Neha Sharma,Male,60,9276710216,Maharashtra,Mumbai,2024-03-21
4848,Anjali Sharma,Male,49,9722679596,Rajasthan,Kota,2025-03-10
4849,Aman Singh,Female,54,9974149487,Rajasthan,Jaipur,2024-06-22
4850,Karan Jain,Male,29,9311315216,Rajasthan,Kota,2024-05-31
4851,Arjun Mehta,Male,43,9221028437,Rajasthan,Kota,2024-03-22
4852,Riya Kumar,Female,52,9515177610,Uttar Pradesh,Kanpur,2024-05-16
4853,Vivaan Gupta,Female,51,9641268819,Karnataka,Mysuru,2024-02-25
4854,Aisha Verma,Male,51,9178097035,Karnataka,Bengaluru,2024-04-03
4855,Vivaan Mehta,Male,28,9946938983,Maharashtra,Pune,2025-03-21
4856,Vikas Gupta,Female,43,9068487266,Maharashtra,Mumbai,2025-02-21
4857,Rohit Patel,Male,29,9744813306,Rajasthan,Jaipur,2024-07-12
4858,Aman Singh,Female,49,9187796742,Delhi,New Delhi,2024-07-24
4859,Deepak Sharma,Male,49,9062056247,Delhi,New Delhi,2024-01-30
4860,Riya Verma,Male,27,9742757035,Uttar Pradesh,Kanpur,2025-01-05
4861,Aisha Gupta,Female,49,9230352746,Gujarat,Rajkot,2024-04-27
4862,Priya Mehta,Male,48,9133310874,Maharashtra,Nagpur,2025-06-11
4863,Pooja Sharma,Male,25,9814432017,Rajasthan,Banswara,2024-11-16
4864,Rahul Sharma,Female,21,9095565551,Karnataka,Bengaluru,2024-06-17
4865,Vivaan Verma,Female,52,9216881336,Delhi,New Delhi,2024-03-06
4866,Kavya Jain,Male,50,9429475624,Maharashtra,Mumbai,2024-09-11
4867,Pooja Jain,Female,31,9374633870,Delhi,New Delhi,2024-10-25
4868,Deepak Kumar,Male,51,9995465613,Delhi,New Delhi,2025-01-29
4869,Rohit Joshi,Female,60,9223131414,Uttar Pradesh,Kanpur,2024-10-12
4870,Vivaan Kumar,Male,19,9368261733,Gujarat,Surat,2024-06-03
4871,Vikas Patel,Female,41,9274272957,Gujarat,Rajkot,2025-06-19
4872,Aisha Sharma,Female,41,9465491621,Gujarat,Ahmedabad,2024-05-31
4873,Sakshi Kumar,Female,36,9025923764,Karnataka,Mysuru,2024-08-31
4874,Aman Singh,Male,44,9591660761,Uttar Pradesh,Noida,2024-03-08
4875,Arjun Singh,Female,39,9427044728,Uttar Pradesh,Kanpur,2024-12-03
4876,Rohit Verma,Male,26,9460175195,Gujarat,Surat,2024-03-17
4877,Sneha Patel,Female,41,9999467221,Delhi,New Delhi,2025-02-22
4878,Sakshi Kumar,Female,51,9906519694,Rajasthan,Jaipur,2024-07-12
4879,Sneha Sharma,Male,26,9296975733,Delhi,New Delhi,2025-03-31
4880,Vikas Patel,Female,40,9938238104,Maharashtra,Nagpur,2025-06-21
4881,Rahul Verma,Female,22,9482478078,Gujarat,Ahmedabad,2024-06-11
4882,Riya Yadav,Male,21,9813933240,Delhi,New Delhi,2024-09-15
4883,Deepak Mehta,Female,47,9469354317,Uttar Pradesh,Lucknow,2025-02-25
4884,Rohit Jain,Female,39,9827869300,Karnataka,Mysuru,2024-10-17
4885,Riya Joshi,Male,55,9628760390,Delhi,New Delhi,2024-05-16
4886,Deepak Kumar,Male,48,9745331761,Uttar Pradesh,Noida,2025-03-03
4887,Kavya Joshi,Male,37,9573203725,Maharashtra,Nagpur,2024-10-30
4888,Kavya Joshi,Male,38,9432639384,Gujarat,Rajkot,2024-01-01
4889,Vikas Sharma,Female,32,9726121745,Maharashtra,Mumbai,2024-12-21
4890,Kavya Kumar,Female,41,9123003423,Rajasthan,Banswara,2024-03-14
4891,Priya Kumar,Male,50,9282625586,Uttar Pradesh,Lucknow,2024-05-01
4892,Kavya Kumar,Female,32,9095216732,Karnataka,Mysuru,2024-03-29
4893,Aman Kumar,Female,18,9880836181,Rajasthan,Jaipur,2025-04-01
4894,Priya Kumar,Male,18,9966574981,Delhi,New Delhi,2024-05-30
4895,Priya Patel,Male,19,9007768973,Delhi,New Delhi,2025-01-10
4896,Sakshi Mehta,Female,36,9908145506,Gujarat,Rajkot,2024-04-18
4897,Vikas Kumar,Male,20,9763555981,Rajasthan,Kota,2024-03-16
4898,Sakshi Yadav,Female,36,9299350441,Maharashtra,Mumbai,2024-04-25
4899,Pooja Sharma,Female,22,9370026192,Maharashtra,Pune,2025-05-30
4900,Vivaan Jain,Female,33,9310377552,Rajasthan,Kota,2024-06-30
4901,Anjali Yadav,Female,55,9502003367,Rajasthan,Udaipur,2024-04-01
4902,Sakshi Patel,Female,20,9752057283,Karnataka,Mysuru,2025-03-01
4903,Arjun Yadav,Male,29,9944358367,Rajasthan,Jaipur,2024-12-08
4904,Aisha Joshi,Female,31,9701904173,Maharashtra,Nagpur,2025-02-02
4905,Nisha Joshi,Female,48,9118577547,Uttar Pradesh,Noida,2025-04-27
4906,Sneha Gupta,Female,34,9435827853,Rajasthan,Banswara,2024-04-26
4907,Pooja Joshi,Male,25,9607757123,Karnataka,Mysuru,2024-03-30
4908,Sneha Jain,Female,57,9379995662,Karnataka,Bengaluru,2024-08-14
4909,Anjali Sharma,Female,36,9737291972,Rajasthan,Kota,2025-03-28
4910,Priya Mehta,Female,20,9677490276,Gujarat,Ahmedabad,2025-02-17
4911,Rohit Kumar,Female,60,9382369631,Gujarat,Surat,2025-05-04
4912,Rahul Joshi,Female,24,9827703635,Karnataka,Mysuru,2024-07-20
4913,Nisha Sharma,Male,58,9268947792,Rajasthan,Udaipur,2024-01-02
4914,Deepak Gupta,Male,49,9351724241,Maharashtra,Nagpur,2024-06-27
4915,Aarav Patel,Female,49,9781054286,Karnataka,Mysuru,2024-07-16
4916,Kavya Gupta,Male,59,9212880230,Delhi,New Delhi,2024-12-25
4917,Nisha Kumar,Female,46,9854132245,Uttar Pradesh,Kanpur,2024-11-10
4918,Aditya Mehta,Female,44,9110354451,Rajasthan,Banswara,2025-04-27
4919,Aisha Patel,Male,35,9715073971,Karnataka,Mysuru,2024-04-17
4920,Riya Singh,Female,52,9644132410,Uttar Pradesh,Lucknow,2024-08-11
4921,Pooja Singh,Male,54,9843544613,Uttar Pradesh,Kanpur,2025-01-18
4922,Arjun Kumar,Male,52,9282454500,Delhi,New Delhi,2025-04-15
4923,Rohit Mehta,Female,22,9277497165,Uttar Pradesh,Lucknow,2025-04-15
4924,Deepak Sharma,Female,49,9766353451,Delhi,New Delhi,2025-01-29
4925,Aman Singh,Female,55,9109707827,Rajasthan,Jaipur,2024-07-27
4926,Karan Singh,Female,26,9665867072,Gujarat,Ahmedabad,2025-04-21
4927,Kavya Gupta,Female,27,9155516695,Karnataka,Bengaluru,2024-03-10
4928,Karan Yadav,Female,42,9354564665,Rajasthan,Jaipur,2024-09-03
4929,Pooja Verma,Female,22,9225491366,Rajasthan,Banswara,2024-04-22
4930,Arjun Verma,Male,41,9094155708,Delhi,New Delhi,2024-08-17
4931,Rahul Kumar,Female,40,9673170613,Maharashtra,Mumbai,2024-01-20
4932,Deepak Sharma,Male,55,9391084244,Uttar Pradesh,Kanpur,2024-03-25
4933,Aisha Patel,Female,53,9972204336,Delhi,New Delhi,2024-08-29
4934,Anjali Gupta,Female,52,9761572141,Rajasthan,Udaipur,2025-04-06
4935,Sakshi Mehta,Female,59,9611525312,Rajasthan,Jaipur,2024-09-15
4936,Anjali Gupta,Female,44,9824085282,Uttar Pradesh,Lucknow,2024-05-24
4937,Aisha Singh,Male,50,9698754208,Uttar Pradesh,Lucknow,2024-03-31
4938,Anjali Sharma,Female,49,9040189793,Karnataka,Mysuru,2024-04-24
4939,Aarav Sharma,Female,57,9893884902,Karnataka,Mysuru,2024-10-27
4940,Sakshi Verma,Female,43,9462298800,Uttar Pradesh,Lucknow,2024-09-01
4941,Deepak Kumar,Male,35,9568345680,Rajasthan,Banswara,2024-02-15
4942,Vikas Patel,Female,34,9394672495,Uttar Pradesh,Lucknow,2024-11-09
4943,Karan Patel,Female,43,9375008481,Karnataka,Mysuru,2024-03-31
4944,Sakshi Sharma,Male,40,9072207252,Rajasthan,Kota,2024-05-08
4945,Karan Joshi,Male,58,9919727687,Gujarat,Ahmedabad,2025-05-21
4946,Anjali Verma,Female,49,9191720235,Rajasthan,Udaipur,2024-09-27
4947,Vikas Sharma,Female,58,9856571821,Rajasthan,Udaipur,2024-04-08
4948,Aisha Jain,Female,28,9867468135,Gujarat,Surat,2024-09-08
4949,Anjali Patel,Female,34,9055185336,Karnataka,Mysuru,2024-02-17
4950,Arjun Kumar,Male,28,9455482897,Maharashtra,Nagpur,2024-06-24
4951,Aarav Mehta,Male,34,9873158648,Delhi,New Delhi,2025-06-20
4952,Rahul Mehta,Male,47,9958367528,Rajasthan,Banswara,2025-05-12
4953,Priya Joshi,Male,51,9870564803,Gujarat,Ahmedabad,2024-01-17
4954,Karan Kumar,Male,52,9961148909,Uttar Pradesh,Kanpur,2024-12-01
4955,Sakshi Verma,Male,32,9152953092,Karnataka,Bengaluru,2024-11-25
4956,Nisha Yadav,Male,40,9945949082,Maharashtra,Pune,2025-04-26
4957,Vikas Jain,Male,35,9792763942,Delhi,New Delhi,2024-08-07
4958,Vikas Singh,Female,50,9885932112,Delhi,New Delhi,2025-02-05
4959,Deepak Singh,Female,50,9819619576,Rajasthan,Kota,2024-11-16
4960,Anjali Gupta,Male,39,9152088257,Uttar Pradesh,Kanpur,2024-02-15
4961,Priya Singh,Female,47,9007583206,Maharashtra,Mumbai,2025-03-20
4962,Priya Yadav,Female,58,9832335057,Rajasthan,Banswara,2025-05-22
4963,Nisha Yadav,Male,30,9390123320,Maharashtra,Mumbai,2024-05-24
4964,Sakshi Singh,Male,35,9699075429,Rajasthan,Jaipur,2024-10-17
4965,Aman Verma,Female,31,9440670004,Karnataka,Bengaluru,2024-06-14
4966,Deepak Singh,Male,28,9033505132,Uttar Pradesh,Noida,2024-04-06
4967,Rohit Mehta,Male,51,9527732091,Rajasthan,Udaipur,2025-04-18
4968,Neha Yadav,Female,33,9320328771,Karnataka,Bengaluru,2024-05-18
4969,Deepak Verma,Female,21,9890670312,Rajasthan,Kota,2024-11-15
4970,Anjali Jain,Female,38,9077401600,Karnataka,Bengaluru,2025-02-03
4971,Riya Kumar,Male,20,9580716075,Delhi,New Delhi,2025-05-15
4972,Vikas Yadav,Female,20,9397640892,Delhi,New Delhi,2025-04-08
4973,Arjun Verma,Female,51,9708121840,Maharashtra,Nagpur,2024-02-19
4974,Karan Jain,Male,20,9359831195,Rajasthan,Banswara,2024-01-03
4975,Kavya Patel,Female,21,9781733579,Delhi,New Delhi,2025-03-23
4976,Vivaan Sharma,Male,57,9522650282,Maharashtra,Mumbai,2024-06-09
4977,Neha Singh,Female,57,9867176468,Uttar Pradesh,Lucknow,2024-06-10
4978,Riya Kumar,Female,55,9465478882,Delhi,New Delhi,2024-05-12
4979,Deepak Jain,Female,56,9015588988,Delhi,New Delhi,2024-02-13
4980,Deepak Kumar,Female,38,9510879476,Maharashtra,Pune,2024-09-10
4981,Rohit Singh,Male,23,9983017205,Rajasthan,Jaipur,2024-04-11
4982,Sakshi Joshi,Female,36,9116815918,Gujarat,Ahmedabad,2025-04-25
4983,Neha Kumar,Male,41,9655791930,Rajasthan,Kota,2025-01-11
4984,Pooja Kumar,Male,19,9191089879,Maharashtra,Mumbai,2025-02-23
4985,Nisha Kumar,Female,34,9619204888,Uttar Pradesh,Noida,2024-12-14
4986,Vikas Jain,Female,41,9155567553,Gujarat,Ahmedabad,2025-06-07
4987,Rahul Jain,Female,31,9255906030,Rajasthan,Udaipur,2024-05-01
4988,Riya Jain,Male,57,9038619551,Karnataka,Mysuru,2024-10-03
4989,Aisha Kumar,Male,36,9822959854,Maharashtra,Pune,2025-05-23
4990,Pooja Kumar,Male,52,9511406674,Delhi,New Delhi,2024-01-23
4991,Sakshi Kumar,Female,33,9835154805,Gujarat,Surat,2024-10-28
4992,Pooja Yadav,Female,56,9712332850,Delhi,New Delhi,2024-09-12
4993,Aisha Jain,Male,45,9210117604,Rajasthan,Banswara,2025-03-23
4994,Aditya Singh,Male,38,9127390214,Delhi,New Delhi,2025-04-22
4995,Sneha Verma,Male,39,9562900924,Uttar Pradesh,Lucknow,2025-03-03
4996,Anjali Mehta,Female,41,9228972685,Rajasthan,Jaipur,2025-02-23
4997,Priya Sharma,Female,49,9108902052,Maharashtra,Nagpur,2025-01-02
4998,Aisha Gupta,Male,43,9363482895,Maharashtra,Mumbai,2024-07-10
4999,Deepak Verma,Male,51,9985375706,Uttar Pradesh,Lucknow,2024-05-21
5000,Karan Patel,Female,22,9401244589,Rajasthan,Banswara,2024-04-07
